condition,condition_order,intensity_group,intensity_log_cd_s_m2,time_ms,voltage_uv
Control,1,5,1.9,0.0,-51.65
Control,1,5,1.9,0.2,-37.69
Control,1,5,1.9,0.4,-24.71
Control,1,5,1.9,0.6,-13.28
Control,1,5,1.9,0.8,-3.84
Control,1,5,1.9,1.0,3.34
Control,1,5,1.9,1.2,8.18
Control,1,5,1.9,1.4,10.83
Control,1,5,1.9,1.6,11.58
Control,1,5,1.9,1.8,10.88
Control,1,5,1.9,2.0,9.26
Control,1,5,1.9,2.2,7.25
Control,1,5,1.9,2.4,5.36
Control,1,5,1.9,2.6,3.97
Control,1,5,1.9,2.8,3.33
Control,1,5,1.9,3.0,3.52
Control,1,5,1.9,3.2,4.43
Control,1,5,1.9,3.4,5.82
Control,1,5,1.9,3.6,7.33
Control,1,5,1.9,3.8,8.55
Control,1,5,1.9,4.0,9.07
Control,1,5,1.9,4.2,8.56
Control,1,5,1.9,4.4,6.8
Control,1,5,1.9,4.6,3.72
Control,1,5,1.9,4.8,-0.57
Control,1,5,1.9,5.0,-5.8
Control,1,5,1.9,5.2,-11.58
Control,1,5,1.9,5.4,-17.4
Control,1,5,1.9,5.6,-22.75
Control,1,5,1.9,5.8,-27.14
Control,1,5,1.9,6.0,-30.19
Control,1,5,1.9,6.2,-31.66
Control,1,5,1.9,6.4,-31.46
Control,1,5,1.9,6.6,-29.72
Control,1,5,1.9,6.8,-26.71
Control,1,5,1.9,7.0,-22.87
Control,1,5,1.9,7.2,-18.69
Control,1,5,1.9,7.4,-14.7
Control,1,5,1.9,7.6,-11.39
Control,1,5,1.9,7.8,-9.13
Control,1,5,1.9,8.0,-8.15
Control,1,5,1.9,8.2,-8.5
Control,1,5,1.9,8.4,-10.06
Control,1,5,1.9,8.6,-12.53
Control,1,5,1.9,8.8,-15.49
Control,1,5,1.9,9.0,-18.46
Control,1,5,1.9,9.2,-20.95
Control,1,5,1.9,9.4,-22.52
Control,1,5,1.9,9.6,-22.85
Control,1,5,1.9,9.8,-21.8
Control,1,5,1.9,10.0,-19.38
Control,1,5,1.9,10.2,-15.8
Control,1,5,1.9,10.4,-11.45
Control,1,5,1.9,10.6,-6.81
Control,1,5,1.9,10.8,-2.43
Control,1,5,1.9,11.0,1.13
Control,1,5,1.9,11.2,3.41
Control,1,5,1.9,11.4,4.05
Control,1,5,1.9,11.6,2.86
Control,1,5,1.9,11.8,-0.14
Control,1,5,1.9,12.0,-4.76
Control,1,5,1.9,12.2,-10.63
Control,1,5,1.9,12.4,-17.24
Control,1,5,1.9,12.6,-24.02
Control,1,5,1.9,12.8,-30.4
Control,1,5,1.9,13.0,-35.83
Control,1,5,1.9,13.2,-39.89
Control,1,5,1.9,13.4,-42.28
Control,1,5,1.9,13.6,-42.9
Control,1,5,1.9,13.8,-41.8
Control,1,5,1.9,14.0,-39.18
Control,1,5,1.9,14.2,-35.37
Control,1,5,1.9,14.4,-30.76
Control,1,5,1.9,14.6,-25.78
Control,1,5,1.9,14.8,-20.81
Control,1,5,1.9,15.0,-16.16
Control,1,5,1.9,15.2,-12.03
Control,1,5,1.9,15.4,-8.5
Control,1,5,1.9,15.6,-5.53
Control,1,5,1.9,15.8,-2.94
Control,1,5,1.9,16.0,-0.51
Control,1,5,1.9,16.2,2.03
Control,1,5,1.9,16.4,4.97
Control,1,5,1.9,16.6,8.51
Control,1,5,1.9,16.8,12.79
Control,1,5,1.9,17.0,17.84
Control,1,5,1.9,17.2,23.55
Control,1,5,1.9,17.4,29.71
Control,1,5,1.9,17.6,36.0
Control,1,5,1.9,17.8,42.02
Control,1,5,1.9,18.0,47.36
Control,1,5,1.9,18.2,51.59
Control,1,5,1.9,18.4,54.37
Control,1,5,1.9,18.6,55.4
Control,1,5,1.9,18.8,54.54
Control,1,5,1.9,19.0,51.77
Control,1,5,1.9,19.2,47.19
Control,1,5,1.9,19.4,41.06
Control,1,5,1.9,19.6,33.73
Control,1,5,1.9,19.8,25.65
Control,1,5,1.9,20.0,17.32
Control,1,5,1.9,20.2,9.23
Control,1,5,1.9,20.4,1.88
Control,1,5,1.9,20.6,-4.3
Control,1,5,1.9,20.8,-8.97
Control,1,5,1.9,21.0,-11.89
Control,1,5,1.9,21.2,-12.95
Control,1,5,1.9,21.4,-12.14
Control,1,5,1.9,21.6,-9.59
Control,1,5,1.9,21.8,-5.55
Control,1,5,1.9,22.0,-0.35
Control,1,5,1.9,22.2,5.61
Control,1,5,1.9,22.4,11.87
Control,1,5,1.9,22.6,17.95
Control,1,5,1.9,22.8,23.39
Control,1,5,1.9,23.0,27.78
Control,1,5,1.9,23.2,30.78
Control,1,5,1.9,23.4,32.13
Control,1,5,1.9,23.6,31.7
Control,1,5,1.9,23.8,29.47
Control,1,5,1.9,24.0,25.56
Control,1,5,1.9,24.2,20.21
Control,1,5,1.9,24.4,13.76
Control,1,5,1.9,24.6,6.62
Control,1,5,1.9,24.8,-0.75
Control,1,5,1.9,25.0,-7.87
Control,1,5,1.9,25.2,-14.32
Control,1,5,1.9,25.4,-19.71
Control,1,5,1.9,25.6,-23.77
Control,1,5,1.9,25.8,-26.36
Control,1,5,1.9,26.0,-27.44
Control,1,5,1.9,26.2,-27.11
Control,1,5,1.9,26.4,-25.59
Control,1,5,1.9,26.6,-23.17
Control,1,5,1.9,26.8,-20.18
Control,1,5,1.9,27.0,-16.96
Control,1,5,1.9,27.2,-13.84
Control,1,5,1.9,27.4,-11.04
Control,1,5,1.9,27.6,-8.69
Control,1,5,1.9,27.8,-6.84
Control,1,5,1.9,28.0,-5.38
Control,1,5,1.9,28.2,-4.15
Control,1,5,1.9,28.4,-2.89
Control,1,5,1.9,28.6,-1.34
Control,1,5,1.9,28.8,0.75
Control,1,5,1.9,29.0,3.58
Control,1,5,1.9,29.2,7.23
Control,1,5,1.9,29.4,11.67
Control,1,5,1.9,29.6,16.71
Control,1,5,1.9,29.8,22.07
Control,1,5,1.9,30.0,27.31
Control,1,5,1.9,30.2,31.98
Control,1,5,1.9,30.4,35.58
Control,1,5,1.9,30.6,37.67
Control,1,5,1.9,30.8,37.91
Control,1,5,1.9,31.0,36.09
Control,1,5,1.9,31.2,32.19
Control,1,5,1.9,31.4,26.4
Control,1,5,1.9,31.6,19.07
Control,1,5,1.9,31.8,10.73
Control,1,5,1.9,32.0,1.99
Control,1,5,1.9,32.2,-6.45
Control,1,5,1.9,32.4,-13.94
Control,1,5,1.9,32.6,-19.91
Control,1,5,1.9,32.8,-23.92
Control,1,5,1.9,33.0,-25.74
Control,1,5,1.9,33.2,-25.33
Control,1,5,1.9,33.4,-22.88
Control,1,5,1.9,33.6,-18.76
Control,1,5,1.9,33.8,-13.48
Control,1,5,1.9,34.0,-7.64
Control,1,5,1.9,34.2,-1.84
Control,1,5,1.9,34.4,3.34
Control,1,5,1.9,34.6,7.48
Control,1,5,1.9,34.8,10.3
Control,1,5,1.9,35.0,11.7
Control,1,5,1.9,35.2,11.8
Control,1,5,1.9,35.4,10.89
Control,1,5,1.9,35.6,9.38
Control,1,5,1.9,35.8,7.8
Control,1,5,1.9,36.0,6.65
Control,1,5,1.9,36.2,6.42
Control,1,5,1.9,36.4,7.49
Control,1,5,1.9,36.6,10.06
Control,1,5,1.9,36.8,14.19
Control,1,5,1.9,37.0,19.72
Control,1,5,1.9,37.2,26.35
Control,1,5,1.9,37.4,33.62
Control,1,5,1.9,37.6,40.99
Control,1,5,1.9,37.8,47.92
Control,1,5,1.9,38.0,53.86
Control,1,5,1.9,38.2,58.38
Control,1,5,1.9,38.4,61.18
Control,1,5,1.9,38.6,62.1
Control,1,5,1.9,38.8,61.16
Control,1,5,1.9,39.0,58.54
Control,1,5,1.9,39.2,54.55
Control,1,5,1.9,39.4,49.59
Control,1,5,1.9,39.6,44.11
Control,1,5,1.9,39.8,38.53
Control,1,5,1.9,40.0,33.26
Control,1,5,1.9,40.2,28.61
Control,1,5,1.9,40.4,24.79
Control,1,5,1.9,40.6,21.88
Control,1,5,1.9,40.8,19.88
Control,1,5,1.9,41.0,18.69
Control,1,5,1.9,41.2,18.14
Control,1,5,1.9,41.4,18.03
Control,1,5,1.9,41.6,18.18
Control,1,5,1.9,41.8,18.43
Control,1,5,1.9,42.0,18.66
Control,1,5,1.9,42.2,18.81
Control,1,5,1.9,42.4,18.89
Control,1,5,1.9,42.6,18.94
Control,1,5,1.9,42.8,19.04
Control,1,5,1.9,43.0,19.27
Control,1,5,1.9,43.2,19.72
Control,1,5,1.9,43.4,20.41
Control,1,5,1.9,43.6,21.36
Control,1,5,1.9,43.8,22.5
Control,1,5,1.9,44.0,23.74
Control,1,5,1.9,44.2,24.93
Control,1,5,1.9,44.4,25.93
Control,1,5,1.9,44.6,26.59
Control,1,5,1.9,44.8,26.76
Control,1,5,1.9,45.0,26.38
Control,1,5,1.9,45.2,25.41
Control,1,5,1.9,45.4,23.89
Control,1,5,1.9,45.6,21.93
Control,1,5,1.9,45.8,19.68
Control,1,5,1.9,46.0,17.36
Control,1,5,1.9,46.2,15.19
Control,1,5,1.9,46.4,13.39
Control,1,5,1.9,46.6,12.19
Control,1,5,1.9,46.8,11.76
Control,1,5,1.9,47.0,12.21
Control,1,5,1.9,47.2,13.61
Control,1,5,1.9,47.4,15.97
Control,1,5,1.9,47.6,19.22
Control,1,5,1.9,47.8,23.27
Control,1,5,1.9,48.0,27.96
Control,1,5,1.9,48.2,33.12
Control,1,5,1.9,48.4,38.55
Control,1,5,1.9,48.6,44.07
Control,1,5,1.9,48.8,49.47
Control,1,5,1.9,49.0,54.55
Control,1,5,1.9,49.2,59.13
Control,1,5,1.9,49.4,63.02
Control,1,5,1.9,49.6,66.05
Control,1,5,1.9,49.8,68.05
Control,1,5,1.9,50.0,68.89
Control,1,5,1.9,50.2,68.44
Control,1,5,1.9,50.4,66.61
Control,1,5,1.9,50.6,63.39
Control,1,5,1.9,50.8,58.77
Control,1,5,1.9,51.0,52.86
Control,1,5,1.9,51.2,45.82
Control,1,5,1.9,51.4,37.88
Control,1,5,1.9,51.6,29.35
Control,1,5,1.9,51.8,20.57
Control,1,5,1.9,52.0,11.94
Control,1,5,1.9,52.2,3.85
Control,1,5,1.9,52.4,-3.34
Control,1,5,1.9,52.6,-9.3
Control,1,5,1.9,52.8,-13.79
Control,1,5,1.9,53.0,-16.67
Control,1,5,1.9,53.2,-17.9
Control,1,5,1.9,53.4,-17.57
Control,1,5,1.9,53.6,-15.85
Control,1,5,1.9,53.8,-13.03
Control,1,5,1.9,54.0,-9.47
Control,1,5,1.9,54.2,-5.53
Control,1,5,1.9,54.4,-1.63
Control,1,5,1.9,54.6,1.87
Control,1,5,1.9,54.8,4.63
Control,1,5,1.9,55.0,6.4
Control,1,5,1.9,55.2,7.0
Control,1,5,1.9,55.4,6.35
Control,1,5,1.9,55.6,4.42
Control,1,5,1.9,55.8,1.28
Control,1,5,1.9,56.0,-2.96
Control,1,5,1.9,56.2,-8.15
Control,1,5,1.9,56.4,-14.12
Control,1,5,1.9,56.6,-20.71
Control,1,5,1.9,56.8,-27.75
Control,1,5,1.9,57.0,-35.11
Control,1,5,1.9,57.2,-42.68
Control,1,5,1.9,57.4,-50.35
Control,1,5,1.9,57.6,-58.05
Control,1,5,1.9,57.8,-65.72
Control,1,5,1.9,58.0,-73.3
Control,1,5,1.9,58.2,-80.75
Control,1,5,1.9,58.4,-88.01
Control,1,5,1.9,58.6,-95.05
Control,1,5,1.9,58.8,-101.84
Control,1,5,1.9,59.0,-108.35
Control,1,5,1.9,59.2,-114.57
Control,1,5,1.9,59.4,-120.54
Control,1,5,1.9,59.6,-126.29
Control,1,5,1.9,59.8,-131.87
Control,1,5,1.9,60.0,-137.35
Control,1,5,1.9,60.2,-142.81
Control,1,5,1.9,60.4,-148.3
Control,1,5,1.9,60.6,-153.87
Control,1,5,1.9,60.8,-159.52
Control,1,5,1.9,61.0,-165.21
Control,1,5,1.9,61.2,-170.86
Control,1,5,1.9,61.4,-176.36
Control,1,5,1.9,61.6,-181.57
Control,1,5,1.9,61.8,-186.32
Control,1,5,1.9,62.0,-190.45
Control,1,5,1.9,62.2,-193.85
Control,1,5,1.9,62.4,-196.42
Control,1,5,1.9,62.6,-198.16
Control,1,5,1.9,62.8,-199.11
Control,1,5,1.9,63.0,-199.39
Control,1,5,1.9,63.2,-199.2
Control,1,5,1.9,63.4,-198.78
Control,1,5,1.9,63.6,-198.37
Control,1,5,1.9,63.8,-198.25
Control,1,5,1.9,64.0,-198.63
Control,1,5,1.9,64.2,-199.69
Control,1,5,1.9,64.4,-201.52
Control,1,5,1.9,64.6,-204.12
Control,1,5,1.9,64.8,-207.42
Control,1,5,1.9,65.0,-211.25
Control,1,5,1.9,65.2,-215.39
Control,1,5,1.9,65.4,-219.59
Control,1,5,1.9,65.6,-223.59
Control,1,5,1.9,65.8,-227.16
Control,1,5,1.9,66.0,-230.12
Control,1,5,1.9,66.2,-232.35
Control,1,5,1.9,66.4,-233.82
Control,1,5,1.9,66.6,-234.57
Control,1,5,1.9,66.8,-234.7
Control,1,5,1.9,67.0,-234.34
Control,1,5,1.9,67.2,-233.63
Control,1,5,1.9,67.4,-232.72
Control,1,5,1.9,67.6,-231.7
Control,1,5,1.9,67.8,-230.61
Control,1,5,1.9,68.0,-229.43
Control,1,5,1.9,68.2,-228.08
Control,1,5,1.9,68.4,-226.45
Control,1,5,1.9,68.6,-224.41
Control,1,5,1.9,68.8,-221.83
Control,1,5,1.9,69.0,-218.66
Control,1,5,1.9,69.2,-214.88
Control,1,5,1.9,69.4,-210.6
Control,1,5,1.9,69.6,-205.98
Control,1,5,1.9,69.8,-201.29
Control,1,5,1.9,70.0,-196.85
Control,1,5,1.9,70.2,-192.99
Control,1,5,1.9,70.4,-190.02
Control,1,5,1.9,70.6,-188.18
Control,1,5,1.9,70.8,-187.58
Control,1,5,1.9,71.0,-188.16
Control,1,5,1.9,71.2,-189.69
Control,1,5,1.9,71.4,-191.79
Control,1,5,1.9,71.6,-193.9
Control,1,5,1.9,71.8,-195.35
Control,1,5,1.9,72.0,-195.43
Control,1,5,1.9,72.2,-193.47
Control,1,5,1.9,72.4,-188.88
Control,1,5,1.9,72.6,-181.22
Control,1,5,1.9,72.8,-170.3
Control,1,5,1.9,73.0,-156.18
Control,1,5,1.9,73.2,-139.18
Control,1,5,1.9,73.4,-119.86
Control,1,5,1.9,73.6,-98.97
Control,1,5,1.9,73.8,-77.42
Control,1,5,1.9,74.0,-56.13
Control,1,5,1.9,74.2,-36.0
Control,1,5,1.9,74.4,-17.8
Control,1,5,1.9,74.6,-2.1
Control,1,5,1.9,74.8,10.8
Control,1,5,1.9,75.0,20.83
Control,1,5,1.9,75.2,28.22
Control,1,5,1.9,75.4,33.41
Control,1,5,1.9,75.6,36.98
Control,1,5,1.9,75.8,39.64
Control,1,5,1.9,76.0,42.05
Control,1,5,1.9,76.2,44.82
Control,1,5,1.9,76.4,48.38
Control,1,5,1.9,76.6,52.96
Control,1,5,1.9,76.8,58.57
Control,1,5,1.9,77.0,64.97
Control,1,5,1.9,77.2,71.74
Control,1,5,1.9,77.4,78.33
Control,1,5,1.9,77.6,84.11
Control,1,5,1.9,77.8,88.49
Control,1,5,1.9,78.0,90.94
Control,1,5,1.9,78.2,91.13
Control,1,5,1.9,78.4,88.89
Control,1,5,1.9,78.6,84.3
Control,1,5,1.9,78.8,77.66
Control,1,5,1.9,79.0,69.42
Control,1,5,1.9,79.2,60.19
Control,1,5,1.9,79.4,50.62
Control,1,5,1.9,79.6,41.38
Control,1,5,1.9,79.8,33.03
Control,1,5,1.9,80.0,26.02
Control,1,5,1.9,80.2,20.61
Control,1,5,1.9,80.4,16.91
Control,1,5,1.9,80.6,14.84
Control,1,5,1.9,80.8,14.18
Control,1,5,1.9,81.0,14.64
Control,1,5,1.9,81.2,15.88
Control,1,5,1.9,81.4,17.61
Control,1,5,1.9,81.6,19.6
Control,1,5,1.9,81.8,21.76
Control,1,5,1.9,82.0,24.11
Control,1,5,1.9,82.2,26.82
Control,1,5,1.9,82.4,30.16
Control,1,5,1.9,82.6,34.47
Control,1,5,1.9,82.8,40.09
Control,1,5,1.9,83.0,47.31
Control,1,5,1.9,83.2,56.32
Control,1,5,1.9,83.4,67.15
Control,1,5,1.9,83.6,79.69
Control,1,5,1.9,83.8,93.61
Control,1,5,1.9,84.0,108.45
Control,1,5,1.9,84.2,123.61
Control,1,5,1.9,84.4,138.45
Control,1,5,1.9,84.6,152.3
Control,1,5,1.9,84.8,164.57
Control,1,5,1.9,85.0,174.81
Control,1,5,1.9,85.2,182.71
Control,1,5,1.9,85.4,188.18
Control,1,5,1.9,85.6,191.34
Control,1,5,1.9,85.8,192.48
Control,1,5,1.9,86.0,192.05
Control,1,5,1.9,86.2,190.59
Control,1,5,1.9,86.4,188.68
Control,1,5,1.9,86.6,186.89
Control,1,5,1.9,86.8,185.67
Control,1,5,1.9,87.0,185.39
Control,1,5,1.9,87.2,186.21
Control,1,5,1.9,87.4,188.18
Control,1,5,1.9,87.6,191.17
Control,1,5,1.9,87.8,194.93
Control,1,5,1.9,88.0,199.14
Control,1,5,1.9,88.2,203.45
Control,1,5,1.9,88.4,207.5
Control,1,5,1.9,88.6,211.03
Control,1,5,1.9,88.8,213.83
Control,1,5,1.9,89.0,215.81
Control,1,5,1.9,89.2,216.99
Control,1,5,1.9,89.4,217.48
Control,1,5,1.9,89.6,217.47
Control,1,5,1.9,89.8,217.17
Control,1,5,1.9,90.0,216.81
Control,1,5,1.9,90.2,216.58
Control,1,5,1.9,90.4,216.61
Control,1,5,1.9,90.6,216.98
Control,1,5,1.9,90.8,217.67
Control,1,5,1.9,91.0,218.6
Control,1,5,1.9,91.2,219.64
Control,1,5,1.9,91.4,220.64
Control,1,5,1.9,91.6,221.45
Control,1,5,1.9,91.8,221.95
Control,1,5,1.9,92.0,222.05
Control,1,5,1.9,92.2,221.74
Control,1,5,1.9,92.4,221.08
Control,1,5,1.9,92.6,220.17
Control,1,5,1.9,92.8,219.15
Control,1,5,1.9,93.0,218.2
Control,1,5,1.9,93.2,217.46
Control,1,5,1.9,93.4,217.06
Control,1,5,1.9,93.6,217.08
Control,1,5,1.9,93.8,217.53
Control,1,5,1.9,94.0,218.35
Control,1,5,1.9,94.2,219.44
Control,1,5,1.9,94.4,220.64
Control,1,5,1.9,94.6,221.78
Control,1,5,1.9,94.8,222.69
Control,1,5,1.9,95.0,223.22
Control,1,5,1.9,95.2,223.28
Control,1,5,1.9,95.4,222.86
Control,1,5,1.9,95.6,221.97
Control,1,5,1.9,95.8,220.73
Control,1,5,1.9,96.0,219.28
Control,1,5,1.9,96.2,217.81
Control,1,5,1.9,96.4,216.5
Control,1,5,1.9,96.6,215.52
Control,1,5,1.9,96.8,215.01
Control,1,5,1.9,97.0,215.04
Control,1,5,1.9,97.2,215.62
Control,1,5,1.9,97.4,216.71
Control,1,5,1.9,97.6,218.21
Control,1,5,1.9,97.8,219.98
Control,1,5,1.9,98.0,221.88
Control,1,5,1.9,98.2,223.76
Control,1,5,1.9,98.4,225.5
Control,1,5,1.9,98.6,227.03
Control,1,5,1.9,98.8,228.31
Control,1,5,1.9,99.0,229.36
Control,1,5,1.9,99.2,230.24
Control,1,5,1.9,99.4,231.05
Control,1,5,1.9,99.6,231.86
Control,1,5,1.9,99.8,232.77
Control,1,5,1.9,100.0,233.83
Control,1,5,1.9,100.2,235.05
Control,1,5,1.9,100.4,236.38
Control,1,5,1.9,100.6,237.74
Control,1,5,1.9,100.8,238.99
Control,1,5,1.9,101.0,239.99
Control,1,5,1.9,101.2,240.57
Control,1,5,1.9,101.4,240.59
Control,1,5,1.9,101.6,239.94
Control,1,5,1.9,101.8,238.56
Control,1,5,1.9,102.0,236.46
Control,1,5,1.9,102.2,233.71
Control,1,5,1.9,102.4,230.44
Control,1,5,1.9,102.6,226.82
Control,1,5,1.9,102.8,223.05
Control,1,5,1.9,103.0,219.3
Control,1,5,1.9,103.2,215.77
Control,1,5,1.9,103.4,212.57
Control,1,5,1.9,103.6,209.8
Control,1,5,1.9,103.8,207.46
Control,1,5,1.9,104.0,205.52
Control,1,5,1.9,104.2,203.91
Control,1,5,1.9,104.4,202.51
Control,1,5,1.9,104.6,201.21
Control,1,5,1.9,104.8,199.88
Control,1,5,1.9,105.0,198.47
Control,1,5,1.9,105.2,196.93
Control,1,5,1.9,105.4,195.28
Control,1,5,1.9,105.6,193.58
Control,1,5,1.9,105.8,191.93
Control,1,5,1.9,106.0,190.46
Control,1,5,1.9,106.2,189.3
Control,1,5,1.9,106.4,188.56
Control,1,5,1.9,106.6,188.32
Control,1,5,1.9,106.8,188.62
Control,1,5,1.9,107.0,189.45
Control,1,5,1.9,107.2,190.73
Control,1,5,1.9,107.4,192.34
Control,1,5,1.9,107.6,194.15
Control,1,5,1.9,107.8,196.0
Control,1,5,1.9,108.0,197.74
Control,1,5,1.9,108.2,199.27
Control,1,5,1.9,108.4,200.51
Control,1,5,1.9,108.6,201.45
Control,1,5,1.9,108.8,202.14
Control,1,5,1.9,109.0,202.67
Control,1,5,1.9,109.2,203.15
Control,1,5,1.9,109.4,203.74
Control,1,5,1.9,109.6,204.56
Control,1,5,1.9,109.8,205.71
Control,1,5,1.9,110.0,207.26
Control,1,5,1.9,110.2,209.21
Control,1,5,1.9,110.4,211.5
Control,1,5,1.9,110.6,214.03
Control,1,5,1.9,110.8,216.65
Control,1,5,1.9,111.0,219.18
Control,1,5,1.9,111.2,221.46
Control,1,5,1.9,111.4,223.32
Control,1,5,1.9,111.6,224.67
Control,1,5,1.9,111.8,225.45
Control,1,5,1.9,112.0,225.66
Control,1,5,1.9,112.2,225.38
Control,1,5,1.9,112.4,224.71
Control,1,5,1.9,112.6,223.79
Control,1,5,1.9,112.8,222.79
Control,1,5,1.9,113.0,221.84
Control,1,5,1.9,113.2,221.06
Control,1,5,1.9,113.4,220.5
Control,1,5,1.9,113.6,220.17
Control,1,5,1.9,113.8,220.03
Control,1,5,1.9,114.0,219.99
Control,1,5,1.9,114.2,219.92
Control,1,5,1.9,114.4,219.7
Control,1,5,1.9,114.6,219.23
Control,1,5,1.9,114.8,218.42
Control,1,5,1.9,115.0,217.27
Control,1,5,1.9,115.2,215.81
Control,1,5,1.9,115.4,214.15
Control,1,5,1.9,115.6,212.42
Control,1,5,1.9,115.8,210.82
Control,1,5,1.9,116.0,209.55
Control,1,5,1.9,116.2,208.76
Control,1,5,1.9,116.4,208.6
Control,1,5,1.9,116.6,209.14
Control,1,5,1.9,116.8,210.38
Control,1,5,1.9,117.0,212.23
Control,1,5,1.9,117.2,214.56
Control,1,5,1.9,117.4,217.15
Control,1,5,1.9,117.6,219.78
Control,1,5,1.9,117.8,222.24
Control,1,5,1.9,118.0,224.33
Control,1,5,1.9,118.2,225.9
Control,1,5,1.9,118.4,226.91
Control,1,5,1.9,118.6,227.37
Control,1,5,1.9,118.8,227.37
Control,1,5,1.9,119.0,227.08
Control,1,5,1.9,119.2,226.69
Control,1,5,1.9,119.4,226.4
Control,1,5,1.9,119.6,226.4
Control,1,5,1.9,119.8,226.81
Control,1,5,1.9,120.0,227.67
Control,1,5,1.9,120.2,228.95
Control,1,5,1.9,120.4,230.51
Control,1,5,1.9,120.6,232.12
Control,1,5,1.9,120.8,233.51
Control,1,5,1.9,121.0,234.39
Control,1,5,1.9,121.2,234.45
Control,1,5,1.9,121.4,233.46
Control,1,5,1.9,121.6,231.26
Control,1,5,1.9,121.8,227.79
Control,1,5,1.9,122.0,223.1
Control,1,5,1.9,122.2,217.36
Control,1,5,1.9,122.4,210.83
Control,1,5,1.9,122.6,203.84
Control,1,5,1.9,122.8,196.74
Control,1,5,1.9,123.0,189.88
Control,1,5,1.9,123.2,183.56
Control,1,5,1.9,123.4,177.99
Control,1,5,1.9,123.6,173.28
Control,1,5,1.9,123.8,169.45
Control,1,5,1.9,124.0,166.39
Control,1,5,1.9,124.2,163.95
Control,1,5,1.9,124.4,161.88
Control,1,5,1.9,124.6,159.97
Control,1,5,1.9,124.8,158.0
Control,1,5,1.9,125.0,155.83
Control,1,5,1.9,125.2,153.4
Control,1,5,1.9,125.4,150.75
Control,1,5,1.9,125.6,148.03
Control,1,5,1.9,125.8,145.46
Control,1,5,1.9,126.0,143.31
Control,1,5,1.9,126.2,141.89
Control,1,5,1.9,126.4,141.47
Control,1,5,1.9,126.6,142.25
Control,1,5,1.9,126.8,144.34
Control,1,5,1.9,127.0,147.73
Control,1,5,1.9,127.2,152.27
Control,1,5,1.9,127.4,157.7
Control,1,5,1.9,127.6,163.66
Control,1,5,1.9,127.8,169.74
Control,1,5,1.9,128.0,175.49
Control,1,5,1.9,128.2,180.52
Control,1,5,1.9,128.4,184.49
Control,1,5,1.9,128.6,187.18
Control,1,5,1.9,128.8,188.51
Control,1,5,1.9,129.0,188.52
Control,1,5,1.9,129.2,187.39
Control,1,5,1.9,129.4,185.4
Control,1,5,1.9,129.6,182.9
Control,1,5,1.9,129.8,180.25
Control,1,5,1.9,130.0,177.79
Control,1,5,1.9,130.2,175.79
Control,1,5,1.9,130.4,174.41
Control,1,5,1.9,130.6,173.7
Control,1,5,1.9,130.8,173.57
Control,1,5,1.9,131.0,173.81
Control,1,5,1.9,131.2,174.14
Control,1,5,1.9,131.4,174.21
Control,1,5,1.9,131.6,173.66
Control,1,5,1.9,131.8,172.18
Control,1,5,1.9,132.0,169.53
Control,1,5,1.9,132.2,165.58
Control,1,5,1.9,132.4,160.31
Control,1,5,1.9,132.6,153.86
Control,1,5,1.9,132.8,146.47
Control,1,5,1.9,133.0,138.49
Control,1,5,1.9,133.2,130.32
Control,1,5,1.9,133.4,122.38
Control,1,5,1.9,133.6,115.1
Control,1,5,1.9,133.8,108.8
Control,1,5,1.9,134.0,103.77
Control,1,5,1.9,134.2,100.16
Control,1,5,1.9,134.4,98.01
Control,1,5,1.9,134.6,97.26
Control,1,5,1.9,134.8,97.73
Control,1,5,1.9,135.0,99.2
Control,1,5,1.9,135.2,101.38
Control,1,5,1.9,135.4,103.97
Control,1,5,1.9,135.6,106.66
Control,1,5,1.9,135.8,109.2
Control,1,5,1.9,136.0,111.36
Control,1,5,1.9,136.2,112.98
Control,1,5,1.9,136.4,113.96
Control,1,5,1.9,136.6,114.24
Control,1,5,1.9,136.8,113.82
Control,1,5,1.9,137.0,112.73
Control,1,5,1.9,137.2,111.04
Control,1,5,1.9,137.4,108.86
Control,1,5,1.9,137.6,106.3
Control,1,5,1.9,137.8,103.49
Control,1,5,1.9,138.0,100.59
Control,1,5,1.9,138.2,97.76
Control,1,5,1.9,138.4,95.18
Control,1,5,1.9,138.6,93.03
Control,1,5,1.9,138.8,91.47
Control,1,5,1.9,139.0,90.65
Control,1,5,1.9,139.2,90.68
Control,1,5,1.9,139.4,91.61
Control,1,5,1.9,139.6,93.41
Control,1,5,1.9,139.8,95.98
Control,1,5,1.9,140.0,99.11
Control,1,5,1.9,140.2,102.53
Control,1,5,1.9,140.4,105.86
Control,1,5,1.9,140.6,108.72
Control,1,5,1.9,140.8,110.69
Control,1,5,1.9,141.0,111.36
Control,1,5,1.9,141.2,110.43
Control,1,5,1.9,141.4,107.66
Control,1,5,1.9,141.6,102.97
Control,1,5,1.9,141.8,96.44
Control,1,5,1.9,142.0,88.3
Control,1,5,1.9,142.2,78.92
Control,1,5,1.9,142.4,68.81
Control,1,5,1.9,142.6,58.54
Control,1,5,1.9,142.8,48.69
Control,1,5,1.9,143.0,39.84
Control,1,5,1.9,143.2,32.43
Control,1,5,1.9,143.4,26.78
Control,1,5,1.9,143.6,23.03
Control,1,5,1.9,143.8,21.11
Control,1,5,1.9,144.0,20.76
Control,1,5,1.9,144.2,21.57
Control,1,5,1.9,144.4,22.99
Control,1,5,1.9,144.6,24.4
Control,1,5,1.9,144.8,25.22
Control,1,5,1.9,145.0,24.92
Control,1,5,1.9,145.2,23.11
Control,1,5,1.9,145.4,19.57
Control,1,5,1.9,145.6,14.33
Control,1,5,1.9,145.8,7.61
Control,1,5,1.9,146.0,-0.18
Control,1,5,1.9,146.2,-8.45
Control,1,5,1.9,146.4,-16.54
Control,1,5,1.9,146.6,-23.74
Control,1,5,1.9,146.8,-29.42
Control,1,5,1.9,147.0,-33.04
Control,1,5,1.9,147.2,-34.24
Control,1,5,1.9,147.4,-32.89
Control,1,5,1.9,147.6,-29.08
Control,1,5,1.9,147.8,-23.11
Control,1,5,1.9,148.0,-15.46
Control,1,5,1.9,148.2,-6.76
Control,1,5,1.9,148.4,2.3
Control,1,5,1.9,148.6,11.03
Control,1,5,1.9,148.8,18.82
Control,1,5,1.9,149.0,25.17
Control,1,5,1.9,149.2,29.76
Control,1,5,1.9,149.4,32.46
Control,1,5,1.9,149.6,33.32
Control,1,5,1.9,149.8,32.57
Control,1,5,1.9,150.0,30.55
Control,1,5,1.9,150.2,27.68
Control,1,5,1.9,150.4,24.43
Control,1,5,1.9,150.6,21.2
Control,1,5,1.9,150.8,18.33
Control,1,5,1.9,151.0,16.02
Control,1,5,1.9,151.2,14.36
Control,1,5,1.9,151.4,13.31
Control,1,5,1.9,151.6,12.71
Control,1,5,1.9,151.8,12.31
Control,1,5,1.9,152.0,11.85
Control,1,5,1.9,152.2,11.05
Control,1,5,1.9,152.4,9.68
Control,1,5,1.9,152.6,7.6
Control,1,5,1.9,152.8,4.75
Control,1,5,1.9,153.0,1.18
Control,1,5,1.9,153.2,-2.96
Control,1,5,1.9,153.4,-7.45
Control,1,5,1.9,153.6,-12.02
Control,1,5,1.9,153.8,-16.43
Control,1,5,1.9,154.0,-20.43
Control,1,5,1.9,154.2,-23.87
Control,1,5,1.9,154.4,-26.66
Control,1,5,1.9,154.6,-28.81
Control,1,5,1.9,154.8,-30.41
Control,1,5,1.9,155.0,-31.64
Control,1,5,1.9,155.2,-32.69
Control,1,5,1.9,155.4,-33.77
Control,1,5,1.9,155.6,-35.04
Control,1,5,1.9,155.8,-36.63
Control,1,5,1.9,156.0,-38.56
Control,1,5,1.9,156.2,-40.76
Control,1,5,1.9,156.4,-43.08
Control,1,5,1.9,156.6,-45.28
Control,1,5,1.9,156.8,-47.11
Control,1,5,1.9,157.0,-48.3
Control,1,5,1.9,157.2,-48.64
Control,1,5,1.9,157.4,-47.98
Control,1,5,1.9,157.6,-46.3
Control,1,5,1.9,157.8,-43.71
Control,1,5,1.9,158.0,-40.45
Control,1,5,1.9,158.2,-36.88
Control,1,5,1.9,158.4,-33.44
Control,1,5,1.9,158.6,-30.6
Control,1,5,1.9,158.8,-28.83
Control,1,5,1.9,159.0,-28.51
Control,1,5,1.9,159.2,-29.9
Control,1,5,1.9,159.4,-33.09
Control,1,5,1.9,159.6,-37.99
Control,1,5,1.9,159.8,-44.3
Control,1,5,1.9,160.0,-51.55
Control,1,5,1.9,160.2,-59.13
Control,1,5,1.9,160.4,-66.36
Control,1,5,1.9,160.6,-72.53
Control,1,5,1.9,160.8,-77.01
Control,1,5,1.9,161.0,-79.29
Control,1,5,1.9,161.2,-79.04
Control,1,5,1.9,161.4,-76.17
Control,1,5,1.9,161.6,-70.84
Control,1,5,1.9,161.8,-63.45
Control,1,5,1.9,162.0,-54.59
Control,1,5,1.9,162.2,-45.04
Control,1,5,1.9,162.4,-35.64
Control,1,5,1.9,162.6,-27.25
Control,1,5,1.9,162.8,-20.64
Control,1,5,1.9,163.0,-16.46
Control,1,5,1.9,163.2,-15.11
Control,1,5,1.9,163.4,-16.79
Control,1,5,1.9,163.6,-21.41
Control,1,5,1.9,163.8,-28.61
Control,1,5,1.9,164.0,-37.84
Control,1,5,1.9,164.2,-48.38
Control,1,5,1.9,164.4,-59.4
Control,1,5,1.9,164.6,-70.06
Control,1,5,1.9,164.8,-79.59
Control,1,5,1.9,165.0,-87.34
Control,1,5,1.9,165.2,-92.82
Control,1,5,1.9,165.4,-95.78
Control,1,5,1.9,165.6,-96.18
Control,1,5,1.9,165.8,-94.22
Control,1,5,1.9,166.0,-90.26
Control,1,5,1.9,166.2,-84.82
Control,1,5,1.9,166.4,-78.49
Control,1,5,1.9,166.6,-71.89
Control,1,5,1.9,166.8,-65.62
Control,1,5,1.9,167.0,-60.19
Control,1,5,1.9,167.2,-55.98
Control,1,5,1.9,167.4,-53.23
Control,1,5,1.9,167.6,-52.06
Control,1,5,1.9,167.8,-52.42
Control,1,5,1.9,168.0,-54.16
Control,1,5,1.9,168.2,-57.06
Control,1,5,1.9,168.4,-60.85
Control,1,5,1.9,168.6,-65.24
Control,1,5,1.9,168.8,-69.99
Control,1,5,1.9,169.0,-74.87
Control,1,5,1.9,169.2,-79.73
Control,1,5,1.9,169.4,-84.47
Control,1,5,1.9,169.6,-89.03
Control,1,5,1.9,169.8,-93.41
Control,1,5,1.9,170.0,-97.58
Control,1,5,1.9,170.2,-101.53
Control,1,5,1.9,170.4,-105.2
Control,1,5,1.9,170.6,-108.5
Control,1,5,1.9,170.8,-111.29
Control,1,5,1.9,171.0,-113.41
Control,1,5,1.9,171.2,-114.63
Control,1,5,1.9,171.4,-114.76
Control,1,5,1.9,171.6,-113.62
Control,1,5,1.9,171.8,-111.08
Control,1,5,1.9,172.0,-107.08
Control,1,5,1.9,172.2,-101.67
Control,1,5,1.9,172.4,-95.0
Control,1,5,1.9,172.6,-87.32
Control,1,5,1.9,172.8,-78.97
Control,1,5,1.9,173.0,-70.38
Control,1,5,1.9,173.2,-61.99
Control,1,5,1.9,173.4,-54.26
Control,1,5,1.9,173.6,-47.6
Control,1,5,1.9,173.8,-42.37
Control,1,5,1.9,174.0,-38.81
Control,1,5,1.9,174.2,-37.06
Control,1,5,1.9,174.4,-37.12
Control,1,5,1.9,174.6,-38.88
Control,1,5,1.9,174.8,-42.1
Control,1,5,1.9,175.0,-46.5
Control,1,5,1.9,175.2,-51.7
Control,1,5,1.9,175.4,-57.34
Control,1,5,1.9,175.6,-63.07
Control,1,5,1.9,175.8,-68.57
Control,1,5,1.9,176.0,-73.6
Control,1,5,1.9,176.2,-78.0
Control,1,5,1.9,176.4,-81.69
Control,1,5,1.9,176.6,-84.68
Control,1,5,1.9,176.8,-87.02
Control,1,5,1.9,177.0,-88.84
Control,1,5,1.9,177.2,-90.26
Control,1,5,1.9,177.4,-91.43
Control,1,5,1.9,177.6,-92.46
Control,1,5,1.9,177.8,-93.46
Control,1,5,1.9,178.0,-94.48
Control,1,5,1.9,178.2,-95.54
Control,1,5,1.9,178.4,-96.62
Control,1,5,1.9,178.6,-97.69
Control,1,5,1.9,178.8,-98.68
Control,1,5,1.9,179.0,-99.55
Control,1,5,1.9,179.2,-100.26
Control,1,5,1.9,179.4,-100.79
Control,1,5,1.9,179.6,-101.14
Control,1,5,1.9,179.8,-101.32
Control,1,5,1.9,180.0,-101.39
Control,1,5,1.9,180.2,-101.4
Control,1,5,1.9,180.4,-101.39
Control,1,5,1.9,180.6,-101.4
Control,1,5,1.9,180.8,-101.45
Control,1,5,1.9,181.0,-101.55
Control,1,5,1.9,181.2,-101.67
Control,1,5,1.9,181.4,-101.76
Control,1,5,1.9,181.6,-101.78
Control,1,5,1.9,181.8,-101.66
Control,1,5,1.9,182.0,-101.36
Control,1,5,1.9,182.2,-100.84
Control,1,5,1.9,182.4,-100.11
Control,1,5,1.9,182.6,-99.18
Control,1,5,1.9,182.8,-98.1
Control,1,5,1.9,183.0,-96.93
Control,1,5,1.9,183.2,-95.76
Control,1,5,1.9,183.4,-94.64
Control,1,5,1.9,183.6,-93.63
Control,1,5,1.9,183.8,-92.76
Control,1,5,1.9,184.0,-92.01
Control,1,5,1.9,184.2,-91.34
Control,1,5,1.9,184.4,-90.66
Control,1,5,1.9,184.6,-89.86
Control,1,5,1.9,184.8,-88.83
Control,1,5,1.9,185.0,-87.48
Control,1,5,1.9,185.2,-85.73
Control,1,5,1.9,185.4,-83.56
Control,1,5,1.9,185.6,-81.03
Control,1,5,1.9,185.8,-78.23
Control,1,5,1.9,186.0,-75.34
Control,1,5,1.9,186.2,-72.6
Control,1,5,1.9,186.4,-70.26
Control,1,5,1.9,186.6,-68.59
Control,1,5,1.9,186.8,-67.83
Control,1,5,1.9,187.0,-68.15
Control,1,5,1.9,187.2,-69.67
Control,1,5,1.9,187.4,-72.37
Control,1,5,1.9,187.6,-76.16
Control,1,5,1.9,187.8,-80.82
Control,1,5,1.9,188.0,-86.07
Control,1,5,1.9,188.2,-91.56
Control,1,5,1.9,188.4,-96.92
Control,1,5,1.9,188.6,-101.8
Control,1,5,1.9,188.8,-105.91
Control,1,5,1.9,189.0,-109.06
Control,1,5,1.9,189.2,-111.16
Control,1,5,1.9,189.4,-112.27
Control,1,5,1.9,189.6,-112.57
Control,1,5,1.9,189.8,-112.31
Control,1,5,1.9,190.0,-111.87
Control,1,5,1.9,190.2,-111.6
Control,1,5,1.9,190.4,-111.89
Control,1,5,1.9,190.6,-113.02
Control,1,5,1.9,190.8,-115.2
Control,1,5,1.9,191.0,-118.51
Control,1,5,1.9,191.2,-122.88
Control,1,5,1.9,191.4,-128.11
Control,1,5,1.9,191.6,-133.9
Control,1,5,1.9,191.8,-139.84
Control,1,5,1.9,192.0,-145.51
Control,1,5,1.9,192.2,-150.52
Control,1,5,1.9,192.4,-154.51
Control,1,5,1.9,192.6,-157.27
Control,1,5,1.9,192.8,-158.7
Control,1,5,1.9,193.0,-158.87
Control,1,5,1.9,193.2,-157.97
Control,1,5,1.9,193.4,-156.35
Control,1,5,1.9,193.6,-154.41
Control,1,5,1.9,193.8,-152.62
Control,1,5,1.9,194.0,-151.39
Control,1,5,1.9,194.2,-151.09
Control,1,5,1.9,194.4,-151.97
Control,1,5,1.9,194.6,-154.14
Control,1,5,1.9,194.8,-157.53
Control,1,5,1.9,195.0,-161.95
Control,1,5,1.9,195.2,-167.05
Control,1,5,1.9,195.4,-172.41
Control,1,5,1.9,195.6,-177.58
Control,1,5,1.9,195.8,-182.09
Control,1,5,1.9,196.0,-185.57
Control,1,5,1.9,196.2,-187.73
Control,1,5,1.9,196.4,-188.44
Control,1,5,1.9,196.6,-187.71
Control,1,5,1.9,196.8,-185.68
Control,1,5,1.9,197.0,-182.63
Control,1,5,1.9,197.2,-178.92
Control,1,5,1.9,197.4,-174.91
Control,1,5,1.9,197.6,-170.99
Control,1,5,1.9,197.8,-167.45
Control,1,5,1.9,198.0,-164.49
Control,1,5,1.9,198.2,-162.19
Control,1,5,1.9,198.4,-160.5
Control,1,5,1.9,198.6,-159.25
Control,1,5,1.9,198.8,-158.19
Control,1,5,1.9,199.0,-157.01
Control,1,5,1.9,199.2,-155.41
Control,1,5,1.9,199.4,-153.15
Control,1,5,1.9,199.6,-150.04
Control,1,5,1.9,199.8,-146.04
Control,1,5,1.9,200.0,-141.24
Control,1,5,1.9,200.2,-135.87
Control,1,5,1.9,200.4,-130.23
Control,1,5,1.9,200.6,-124.72
Control,1,5,1.9,200.8,-119.77
Control,1,5,1.9,201.0,-115.76
Control,1,5,1.9,201.2,-112.99
Control,1,5,1.9,201.4,-111.65
Control,1,5,1.9,201.6,-111.77
Control,1,5,1.9,201.8,-113.23
Control,1,5,1.9,202.0,-115.73
Control,1,5,1.9,202.2,-118.88
Control,1,5,1.9,202.4,-122.19
Control,1,5,1.9,202.6,-125.13
Control,1,5,1.9,202.8,-127.2
Control,1,5,1.9,203.0,-128.02
Control,1,5,1.9,203.2,-127.28
Control,1,5,1.9,203.4,-124.88
Control,1,5,1.9,203.6,-120.87
Control,1,5,1.9,203.8,-115.45
Control,1,5,1.9,204.0,-108.99
Control,1,5,1.9,204.2,-101.94
Control,1,5,1.9,204.4,-94.79
Control,1,5,1.9,204.6,-88.05
Control,1,5,1.9,204.8,-82.12
Control,1,5,1.9,205.0,-77.35
Control,1,5,1.9,205.2,-73.91
Control,1,5,1.9,205.4,-71.86
Control,1,5,1.9,205.6,-71.08
Control,1,5,1.9,205.8,-71.38
Control,1,5,1.9,206.0,-72.44
Control,1,5,1.9,206.2,-73.95
Control,1,5,1.9,206.4,-75.58
Control,1,5,1.9,206.6,-77.08
Control,1,5,1.9,206.8,-78.26
Control,1,5,1.9,207.0,-79.09
Control,1,5,1.9,207.2,-79.62
Control,1,5,1.9,207.4,-80.04
Control,1,5,1.9,207.6,-80.58
Control,1,5,1.9,207.8,-81.55
Control,1,5,1.9,208.0,-83.25
Control,1,5,1.9,208.2,-85.92
Control,1,5,1.9,208.4,-89.74
Control,1,5,1.9,208.6,-94.75
Control,1,5,1.9,208.8,-100.86
Control,1,5,1.9,209.0,-107.88
Control,1,5,1.9,209.2,-115.47
Control,1,5,1.9,209.4,-123.22
Control,1,5,1.9,209.6,-130.67
Control,1,5,1.9,209.8,-137.37
Control,1,5,1.9,210.0,-142.91
Control,1,5,1.9,210.2,-146.99
Control,1,5,1.9,210.4,-149.39
Control,1,5,1.9,210.6,-150.07
Control,1,5,1.9,210.8,-149.08
Control,1,5,1.9,211.0,-146.64
Control,1,5,1.9,211.2,-143.04
Control,1,5,1.9,211.4,-138.63
Control,1,5,1.9,211.6,-133.8
Control,1,5,1.9,211.8,-128.91
Control,1,5,1.9,212.0,-124.27
Control,1,5,1.9,212.2,-120.1
Control,1,5,1.9,212.4,-116.54
Control,1,5,1.9,212.6,-113.61
Control,1,5,1.9,212.8,-111.28
Control,1,5,1.9,213.0,-109.42
Control,1,5,1.9,213.2,-107.88
Control,1,5,1.9,213.4,-106.53
Control,1,5,1.9,213.6,-105.25
Control,1,5,1.9,213.8,-103.97
Control,1,5,1.9,214.0,-102.72
Control,1,5,1.9,214.2,-101.59
Control,1,5,1.9,214.4,-100.76
Control,1,5,1.9,214.6,-100.46
Control,1,5,1.9,214.8,-100.97
Control,1,5,1.9,215.0,-102.54
Control,1,5,1.9,215.2,-105.4
Control,1,5,1.9,215.4,-109.72
Control,1,5,1.9,215.6,-115.56
Control,1,5,1.9,215.8,-122.86
Control,1,5,1.9,216.0,-131.44
Control,1,5,1.9,216.2,-140.99
Control,1,5,1.9,216.4,-151.11
Control,1,5,1.9,216.6,-161.33
Control,1,5,1.9,216.8,-171.12
Control,1,5,1.9,217.0,-179.95
Control,1,5,1.9,217.2,-187.36
Control,1,5,1.9,217.4,-192.93
Control,1,5,1.9,217.6,-196.37
Control,1,5,1.9,217.8,-197.53
Control,1,5,1.9,218.0,-196.38
Control,1,5,1.9,218.2,-193.07
Control,1,5,1.9,218.4,-187.83
Control,1,5,1.9,218.6,-181.05
Control,1,5,1.9,218.8,-173.17
Control,1,5,1.9,219.0,-164.7
Control,1,5,1.9,219.2,-156.14
Control,1,5,1.9,219.4,-147.98
Control,1,5,1.9,219.6,-140.65
Control,1,5,1.9,219.8,-134.5
Control,1,5,1.9,220.0,-129.76
Control,1,5,1.9,220.2,-126.57
Control,1,5,1.9,220.4,-124.95
Control,1,5,1.9,220.6,-124.79
Control,1,5,1.9,220.8,-125.9
Control,1,5,1.9,221.0,-128.02
Control,1,5,1.9,221.2,-130.82
Control,1,5,1.9,221.4,-133.94
Control,1,5,1.9,221.6,-137.05
Control,1,5,1.9,221.8,-139.8
Control,1,5,1.9,222.0,-141.91
Control,1,5,1.9,222.2,-143.16
Control,1,5,1.9,222.4,-143.41
Control,1,5,1.9,222.6,-142.59
Control,1,5,1.9,222.8,-140.71
Control,1,5,1.9,223.0,-137.86
Control,1,5,1.9,223.2,-134.19
Control,1,5,1.9,223.4,-129.88
Control,1,5,1.9,223.6,-125.16
Control,1,5,1.9,223.8,-120.26
Control,1,5,1.9,224.0,-115.41
Control,1,5,1.9,224.2,-110.78
Control,1,5,1.9,224.4,-106.54
Control,1,5,1.9,224.6,-102.79
Control,1,5,1.9,224.8,-99.6
Control,1,5,1.9,225.0,-96.97
Control,1,5,1.9,225.2,-94.87
Control,1,5,1.9,225.4,-93.24
Control,1,5,1.9,225.6,-92.01
Control,1,5,1.9,225.8,-91.09
Control,1,5,1.9,226.0,-90.43
Control,1,5,1.9,226.2,-89.99
Control,1,5,1.9,226.4,-89.74
Control,1,5,1.9,226.6,-89.72
Control,1,5,1.9,226.8,-89.99
Control,1,5,1.9,227.0,-90.62
Control,1,5,1.9,227.2,-91.73
Control,1,5,1.9,227.4,-93.41
Control,1,5,1.9,227.6,-95.76
Control,1,5,1.9,227.8,-98.84
Control,1,5,1.9,228.0,-102.69
Control,1,5,1.9,228.2,-107.26
Control,1,5,1.9,228.4,-112.5
Control,1,5,1.9,228.6,-118.27
Control,1,5,1.9,228.8,-124.37
Control,1,5,1.9,229.0,-130.6
Control,1,5,1.9,229.2,-136.7
Control,1,5,1.9,229.4,-142.41
Control,1,5,1.9,229.6,-147.48
Control,1,5,1.9,229.8,-151.67
Control,1,5,1.9,230.0,-154.8
Control,1,5,1.9,230.2,-156.72
Control,1,5,1.9,230.4,-157.36
Control,1,5,1.9,230.6,-156.7
Control,1,5,1.9,230.8,-154.8
Control,1,5,1.9,231.0,-151.76
Control,1,5,1.9,231.2,-147.74
Control,1,5,1.9,231.4,-142.94
Control,1,5,1.9,231.6,-137.6
Control,1,5,1.9,231.8,-131.95
Control,1,5,1.9,232.0,-126.26
Control,1,5,1.9,232.2,-120.74
Control,1,5,1.9,232.4,-115.62
Control,1,5,1.9,232.6,-111.09
Control,1,5,1.9,232.8,-107.28
Control,1,5,1.9,233.0,-104.31
Control,1,5,1.9,233.2,-102.25
Control,1,5,1.9,233.4,-101.12
Control,1,5,1.9,233.6,-100.92
Control,1,5,1.9,233.8,-101.59
Control,1,5,1.9,234.0,-103.07
Control,1,5,1.9,234.2,-105.27
Control,1,5,1.9,234.4,-108.06
Control,1,5,1.9,234.6,-111.36
Control,1,5,1.9,234.8,-115.02
Control,1,5,1.9,235.0,-118.97
Control,1,5,1.9,235.2,-123.08
Control,1,5,1.9,235.4,-127.27
Control,1,5,1.9,235.6,-131.48
Control,1,5,1.9,235.8,-135.64
Control,1,5,1.9,236.0,-139.68
Control,1,5,1.9,236.2,-143.56
Control,1,5,1.9,236.4,-147.22
Control,1,5,1.9,236.6,-150.59
Control,1,5,1.9,236.8,-153.61
Control,1,5,1.9,237.0,-156.18
Control,1,5,1.9,237.2,-158.23
Control,1,5,1.9,237.4,-159.65
Control,1,5,1.9,237.6,-160.37
Control,1,5,1.9,237.8,-160.3
Control,1,5,1.9,238.0,-159.41
Control,1,5,1.9,238.2,-157.7
Control,1,5,1.9,238.4,-155.2
Control,1,5,1.9,238.6,-152.01
Control,1,5,1.9,238.8,-148.3
Control,1,5,1.9,239.0,-144.26
Control,1,5,1.9,239.2,-140.16
Control,1,5,1.9,239.4,-136.25
Control,1,5,1.9,239.6,-132.82
Control,1,5,1.9,239.8,-130.13
Control,1,5,1.9,240.0,-128.38
Control,1,5,1.9,240.2,-127.72
Control,1,5,1.9,240.4,-128.2
Control,1,5,1.9,240.6,-129.76
Control,1,5,1.9,240.8,-132.27
Control,1,5,1.9,241.0,-135.48
Control,1,5,1.9,241.2,-139.06
Control,1,5,1.9,241.4,-142.64
Control,1,5,1.9,241.6,-145.82
Control,1,5,1.9,241.8,-148.21
Control,1,5,1.9,242.0,-149.49
Control,1,5,1.9,242.2,-149.39
Control,1,5,1.9,242.4,-147.77
Control,1,5,1.9,242.6,-144.59
Control,1,5,1.9,242.8,-139.94
Control,1,5,1.9,243.0,-134.02
Control,1,5,1.9,243.2,-127.13
Control,1,5,1.9,243.4,-119.63
Control,1,5,1.9,243.6,-111.91
Control,1,5,1.9,243.8,-104.37
Control,1,5,1.9,244.0,-97.36
Control,1,5,1.9,244.2,-91.17
Control,1,5,1.9,244.4,-86.02
Control,1,5,1.9,244.6,-82.0
Control,1,5,1.9,244.8,-79.15
Control,1,5,1.9,245.0,-77.41
Control,1,5,1.9,245.2,-76.66
Control,1,5,1.9,245.4,-76.73
Control,1,5,1.9,245.6,-77.48
Control,1,5,1.9,245.8,-78.73
Control,1,5,1.9,246.0,-80.38
Control,1,5,1.9,246.2,-82.35
Control,1,5,1.9,246.4,-84.62
Control,1,5,1.9,246.6,-87.18
Control,1,5,1.9,246.8,-90.09
Control,1,5,1.9,247.0,-93.39
Control,1,5,1.9,247.2,-97.1
Control,1,5,1.9,247.4,-101.23
Control,1,5,1.9,247.6,-105.71
Control,1,5,1.9,247.8,-110.42
Control,1,5,1.9,248.0,-115.19
Control,1,5,1.9,248.2,-119.79
Control,1,5,1.9,248.4,-123.96
Control,1,5,1.9,248.6,-127.42
Control,1,5,1.9,248.8,-129.94
Control,1,5,1.9,249.0,-131.3
Control,1,5,1.9,249.2,-131.38
Control,1,5,1.9,249.4,-130.15
Control,1,5,1.9,249.6,-127.65
Control,1,5,1.9,249.8,-124.06
Control,1,5,1.9,250.0,-119.6
Control,1,5,1.9,250.2,-114.58
Control,1,5,1.9,250.4,-109.32
Control,1,5,1.9,250.6,-104.16
Control,1,5,1.9,250.8,-99.38
Control,1,5,1.9,251.0,-95.24
Control,1,5,1.9,251.2,-91.9
Control,1,5,1.9,251.4,-89.45
Control,1,5,1.9,251.6,-87.9
Control,1,5,1.9,251.8,-87.18
Control,1,5,1.9,252.0,-87.18
Control,1,5,1.9,252.2,-87.77
Control,1,5,1.9,252.4,-88.8
Control,1,5,1.9,252.6,-90.15
Control,1,5,1.9,252.8,-91.76
Control,1,5,1.9,253.0,-93.57
Control,1,5,1.9,253.2,-95.6
Control,1,5,1.9,253.4,-97.89
Control,1,5,1.9,253.6,-100.51
Control,1,5,1.9,253.8,-103.51
Control,1,5,1.9,254.0,-106.95
Control,1,5,1.9,254.2,-110.81
Control,1,5,1.9,254.4,-115.03
Control,1,5,1.9,254.6,-119.52
Control,1,5,1.9,254.8,-124.09
Control,1,5,1.9,255.0,-128.54
Control,1,5,1.9,255.2,-132.67
Control,1,5,1.9,255.4,-136.25
Control,1,5,1.9,255.6,-139.12
Control,1,5,1.9,255.8,-141.17
Control,1,5,1.9,256.0,-142.37
Control,1,5,1.9,256.2,-142.77
Control,1,5,1.9,256.4,-142.51
Control,1,5,1.9,256.6,-141.76
Control,1,5,1.9,256.8,-140.76
Control,1,5,1.9,257.0,-139.73
Control,1,5,1.9,257.2,-138.83
Control,1,5,1.9,257.4,-138.18
Control,1,5,1.9,257.6,-137.79
Control,1,5,1.9,257.8,-137.54
Control,1,5,1.9,258.0,-137.22
Control,1,5,1.9,258.2,-136.52
Control,1,5,1.9,258.4,-135.05
Control,1,5,1.9,258.6,-132.43
Control,1,5,1.9,258.8,-128.29
Control,1,5,1.9,259.0,-122.35
Control,1,5,1.9,259.2,-114.45
Control,1,5,1.9,259.4,-104.6
Control,1,5,1.9,259.6,-92.98
Control,1,5,1.9,259.8,-79.93
Control,1,5,1.9,260.0,-65.95
Untreated,2,5,1.9,0.0,13.77
Untreated,2,5,1.9,0.2,23.01
Untreated,2,5,1.9,0.4,28.85
Untreated,2,5,1.9,0.6,30.75
Untreated,2,5,1.9,0.8,28.65
Untreated,2,5,1.9,1.0,22.93
Untreated,2,5,1.9,1.2,14.4
Untreated,2,5,1.9,1.4,4.19
Untreated,2,5,1.9,1.6,-0.4
Untreated,2,5,1.9,1.8,-1.0
Untreated,2,5,1.9,2.0,-1.47
Untreated,2,5,1.9,2.2,-1.76
Untreated,2,5,1.9,2.4,-1.83
Untreated,2,5,1.9,2.6,-1.68
Untreated,2,5,1.9,2.8,-1.34
Untreated,2,5,1.9,3.0,-0.86
Untreated,2,5,1.9,3.2,-0.31
Untreated,2,5,1.9,3.4,3.34
Untreated,2,5,1.9,3.6,10.02
Untreated,2,5,1.9,3.8,13.75
Untreated,2,5,1.9,4.0,13.56
Untreated,2,5,1.9,4.2,8.87
Untreated,2,5,1.9,4.4,-0.03
Untreated,2,5,1.9,4.6,-0.88
Untreated,2,5,1.9,4.8,-1.94
Untreated,2,5,1.9,5.0,-3.15
Untreated,2,5,1.9,5.2,-4.41
Untreated,2,5,1.9,5.4,-5.63
Untreated,2,5,1.9,5.6,-6.72
Untreated,2,5,1.9,5.8,-7.6
Untreated,2,5,1.9,6.0,-8.21
Untreated,2,5,1.9,6.2,-8.51
Untreated,2,5,1.9,6.4,-8.5
Untreated,2,5,1.9,6.6,-8.18
Untreated,2,5,1.9,6.8,-7.61
Untreated,2,5,1.9,7.0,-6.84
Untreated,2,5,1.9,7.2,-5.93
Untreated,2,5,1.9,7.4,-4.96
Untreated,2,5,1.9,7.6,-4.0
Untreated,2,5,1.9,7.8,-3.1
Untreated,2,5,1.9,8.0,-2.31
Untreated,2,5,1.9,8.2,-1.66
Untreated,2,5,1.9,8.4,-1.16
Untreated,2,5,1.9,8.6,-0.8
Untreated,2,5,1.9,8.8,-0.56
Untreated,2,5,1.9,9.0,-0.41
Untreated,2,5,1.9,9.2,-0.32
Untreated,2,5,1.9,9.4,-0.27
Untreated,2,5,1.9,9.6,-0.22
Untreated,2,5,1.9,9.8,-0.16
Untreated,2,5,1.9,10.0,-0.06
Untreated,2,5,1.9,10.2,0.99
Untreated,2,5,1.9,10.4,3.43
Untreated,2,5,1.9,10.6,6.14
Untreated,2,5,1.9,10.8,8.91
Untreated,2,5,1.9,11.0,11.51
Untreated,2,5,1.9,11.2,13.71
Untreated,2,5,1.9,11.4,15.36
Untreated,2,5,1.9,11.6,16.33
Untreated,2,5,1.9,11.8,16.58
Untreated,2,5,1.9,12.0,16.11
Untreated,2,5,1.9,12.2,14.96
Untreated,2,5,1.9,12.4,13.2
Untreated,2,5,1.9,12.6,10.89
Untreated,2,5,1.9,12.8,8.09
Untreated,2,5,1.9,13.0,4.85
Untreated,2,5,1.9,13.2,1.19
Untreated,2,5,1.9,13.4,-0.18
Untreated,2,5,1.9,13.6,-0.46
Untreated,2,5,1.9,13.8,-0.76
Untreated,2,5,1.9,14.0,-1.08
Untreated,2,5,1.9,14.2,-1.41
Untreated,2,5,1.9,14.4,-1.74
Untreated,2,5,1.9,14.6,-2.06
Untreated,2,5,1.9,14.8,-2.36
Untreated,2,5,1.9,15.0,-2.62
Untreated,2,5,1.9,15.2,-2.84
Untreated,2,5,1.9,15.4,-2.99
Untreated,2,5,1.9,15.6,-3.09
Untreated,2,5,1.9,15.8,-3.13
Untreated,2,5,1.9,16.0,-3.11
Untreated,2,5,1.9,16.2,-3.05
Untreated,2,5,1.9,16.4,-2.96
Untreated,2,5,1.9,16.6,-2.84
Untreated,2,5,1.9,16.8,-2.72
Untreated,2,5,1.9,17.0,-2.59
Untreated,2,5,1.9,17.2,-2.47
Untreated,2,5,1.9,17.4,-2.35
Untreated,2,5,1.9,17.6,-2.23
Untreated,2,5,1.9,17.8,-2.08
Untreated,2,5,1.9,18.0,-1.91
Untreated,2,5,1.9,18.2,-1.68
Untreated,2,5,1.9,18.4,-1.4
Untreated,2,5,1.9,18.6,-1.05
Untreated,2,5,1.9,18.8,-0.63
Untreated,2,5,1.9,19.0,-0.16
Untreated,2,5,1.9,19.2,5.41
Untreated,2,5,1.9,19.4,13.51
Untreated,2,5,1.9,19.6,21.07
Untreated,2,5,1.9,19.8,27.49
Untreated,2,5,1.9,20.0,32.15
Untreated,2,5,1.9,20.2,34.55
Untreated,2,5,1.9,20.4,34.35
Untreated,2,5,1.9,20.6,31.42
Untreated,2,5,1.9,20.8,25.88
Untreated,2,5,1.9,21.0,18.11
Untreated,2,5,1.9,21.2,8.71
Untreated,2,5,1.9,21.4,-0.1
Untreated,2,5,1.9,21.6,-0.73
Untreated,2,5,1.9,21.8,-1.31
Untreated,2,5,1.9,22.0,-1.78
Untreated,2,5,1.9,22.2,-2.1
Untreated,2,5,1.9,22.4,-2.24
Untreated,2,5,1.9,22.6,-2.21
Untreated,2,5,1.9,22.8,-2.0
Untreated,2,5,1.9,23.0,-1.66
Untreated,2,5,1.9,23.2,-1.23
Untreated,2,5,1.9,23.4,-0.77
Untreated,2,5,1.9,23.6,-0.35
Untreated,2,5,1.9,23.8,-0.01
Untreated,2,5,1.9,24.0,2.77
Untreated,2,5,1.9,24.2,2.82
Untreated,2,5,1.9,24.4,-0.02
Untreated,2,5,1.9,24.6,-0.43
Untreated,2,5,1.9,24.8,-1.01
Untreated,2,5,1.9,25.0,-1.74
Untreated,2,5,1.9,25.2,-2.56
Untreated,2,5,1.9,25.4,-3.41
Untreated,2,5,1.9,25.6,-4.22
Untreated,2,5,1.9,25.8,-4.92
Untreated,2,5,1.9,26.0,-5.48
Untreated,2,5,1.9,26.2,-5.84
Untreated,2,5,1.9,26.4,-5.99
Untreated,2,5,1.9,26.6,-5.91
Untreated,2,5,1.9,26.8,-5.63
Untreated,2,5,1.9,27.0,-5.16
Untreated,2,5,1.9,27.2,-4.54
Untreated,2,5,1.9,27.4,-3.82
Untreated,2,5,1.9,27.6,-3.05
Untreated,2,5,1.9,27.8,-2.27
Untreated,2,5,1.9,28.0,-1.53
Untreated,2,5,1.9,28.2,-0.87
Untreated,2,5,1.9,28.4,-0.31
Untreated,2,5,1.9,28.6,2.19
Untreated,2,5,1.9,28.8,7.24
Untreated,2,5,1.9,29.0,10.27
Untreated,2,5,1.9,29.2,11.37
Untreated,2,5,1.9,29.4,10.76
Untreated,2,5,1.9,29.6,8.69
Untreated,2,5,1.9,29.8,5.45
Untreated,2,5,1.9,30.0,1.38
Untreated,2,5,1.9,30.2,-0.2
Untreated,2,5,1.9,30.4,-0.5
Untreated,2,5,1.9,30.6,-0.78
Untreated,2,5,1.9,30.8,-1.04
Untreated,2,5,1.9,31.0,-1.24
Untreated,2,5,1.9,31.2,-1.38
Untreated,2,5,1.9,31.4,-1.44
Untreated,2,5,1.9,31.6,-1.41
Untreated,2,5,1.9,31.8,-1.3
Untreated,2,5,1.9,32.0,-1.11
Untreated,2,5,1.9,32.2,-0.86
Untreated,2,5,1.9,32.4,-0.56
Untreated,2,5,1.9,32.6,-0.26
Untreated,2,5,1.9,32.8,0.18
Untreated,2,5,1.9,33.0,3.55
Untreated,2,5,1.9,33.2,5.33
Untreated,2,5,1.9,33.4,5.02
Untreated,2,5,1.9,33.6,2.3
Untreated,2,5,1.9,33.8,-0.19
Untreated,2,5,1.9,34.0,-0.67
Untreated,2,5,1.9,34.2,-1.29
Untreated,2,5,1.9,34.4,-2.01
Untreated,2,5,1.9,34.6,-2.78
Untreated,2,5,1.9,34.8,-3.55
Untreated,2,5,1.9,35.0,-4.25
Untreated,2,5,1.9,35.2,-4.85
Untreated,2,5,1.9,35.4,-5.27
Untreated,2,5,1.9,35.6,-5.5
Untreated,2,5,1.9,35.8,-5.5
Untreated,2,5,1.9,36.0,-5.28
Untreated,2,5,1.9,36.2,-4.85
Untreated,2,5,1.9,36.4,-4.25
Untreated,2,5,1.9,36.6,-3.53
Untreated,2,5,1.9,36.8,-2.74
Untreated,2,5,1.9,37.0,-1.93
Untreated,2,5,1.9,37.2,-1.18
Untreated,2,5,1.9,37.4,-0.51
Untreated,2,5,1.9,37.6,0.32
Untreated,2,5,1.9,37.8,6.43
Untreated,2,5,1.9,38.0,10.05
Untreated,2,5,1.9,38.2,11.37
Untreated,2,5,1.9,38.4,10.77
Untreated,2,5,1.9,38.6,8.79
Untreated,2,5,1.9,38.8,6.03
Untreated,2,5,1.9,39.0,3.08
Untreated,2,5,1.9,39.2,0.45
Untreated,2,5,1.9,39.4,-0.09
Untreated,2,5,1.9,39.6,-0.16
Untreated,2,5,1.9,39.8,-0.18
Untreated,2,5,1.9,40.0,-0.15
Untreated,2,5,1.9,40.2,-0.1
Untreated,2,5,1.9,40.4,-0.06
Untreated,2,5,1.9,40.6,-0.05
Untreated,2,5,1.9,40.8,-0.09
Untreated,2,5,1.9,41.0,-0.2
Untreated,2,5,1.9,41.2,-0.39
Untreated,2,5,1.9,41.4,-0.64
Untreated,2,5,1.9,41.6,-0.95
Untreated,2,5,1.9,41.8,-1.29
Untreated,2,5,1.9,42.0,-1.63
Untreated,2,5,1.9,42.2,-1.93
Untreated,2,5,1.9,42.4,-2.17
Untreated,2,5,1.9,42.6,-2.3
Untreated,2,5,1.9,42.8,-2.33
Untreated,2,5,1.9,43.0,-2.23
Untreated,2,5,1.9,43.2,-2.02
Untreated,2,5,1.9,43.4,-1.71
Untreated,2,5,1.9,43.6,-1.34
Untreated,2,5,1.9,43.8,-0.95
Untreated,2,5,1.9,44.0,-0.56
Untreated,2,5,1.9,44.2,-0.22
Untreated,2,5,1.9,44.4,0.6
Untreated,2,5,1.9,44.6,2.93
Untreated,2,5,1.9,44.8,3.29
Untreated,2,5,1.9,45.0,1.64
Untreated,2,5,1.9,45.2,-0.11
Untreated,2,5,1.9,45.4,-0.42
Untreated,2,5,1.9,45.6,-0.78
Untreated,2,5,1.9,45.8,-1.16
Untreated,2,5,1.9,46.0,-1.52
Untreated,2,5,1.9,46.2,-1.82
Untreated,2,5,1.9,46.4,-2.01
Untreated,2,5,1.9,46.6,-2.08
Untreated,2,5,1.9,46.8,-2.01
Untreated,2,5,1.9,47.0,-1.79
Untreated,2,5,1.9,47.2,-1.44
Untreated,2,5,1.9,47.4,-0.96
Untreated,2,5,1.9,47.6,-0.39
Untreated,2,5,1.9,47.8,3.9
Untreated,2,5,1.9,48.0,14.21
Untreated,2,5,1.9,48.2,24.09
Untreated,2,5,1.9,48.4,32.87
Untreated,2,5,1.9,48.6,39.97
Untreated,2,5,1.9,48.8,44.88
Untreated,2,5,1.9,49.0,47.28
Untreated,2,5,1.9,49.2,47.0
Untreated,2,5,1.9,49.4,44.02
Untreated,2,5,1.9,49.6,38.56
Untreated,2,5,1.9,49.8,30.97
Untreated,2,5,1.9,50.0,21.76
Untreated,2,5,1.9,50.2,11.55
Untreated,2,5,1.9,50.4,1.04
Untreated,2,5,1.9,50.6,-9.07
Untreated,2,5,1.9,50.8,-18.11
Untreated,2,5,1.9,51.0,-25.49
Untreated,2,5,1.9,51.2,-30.79
Untreated,2,5,1.9,51.4,-33.73
Untreated,2,5,1.9,51.6,-34.28
Untreated,2,5,1.9,51.8,-32.59
Untreated,2,5,1.9,52.0,-29.03
Untreated,2,5,1.9,52.2,-24.13
Untreated,2,5,1.9,52.4,-18.55
Untreated,2,5,1.9,52.6,-13.0
Untreated,2,5,1.9,52.8,-8.17
Untreated,2,5,1.9,53.0,-4.68
Untreated,2,5,1.9,53.2,-2.98
Untreated,2,5,1.9,53.4,-3.31
Untreated,2,5,1.9,53.6,-5.69
Untreated,2,5,1.9,53.8,-9.86
Untreated,2,5,1.9,54.0,-15.37
Untreated,2,5,1.9,54.2,-21.56
Untreated,2,5,1.9,54.4,-27.67
Untreated,2,5,1.9,54.6,-32.9
Untreated,2,5,1.9,54.8,-36.52
Untreated,2,5,1.9,55.0,-37.94
Untreated,2,5,1.9,55.2,-36.77
Untreated,2,5,1.9,55.4,-32.92
Untreated,2,5,1.9,55.6,-26.56
Untreated,2,5,1.9,55.8,-18.12
Untreated,2,5,1.9,56.0,-8.27
Untreated,2,5,1.9,56.2,2.14
Untreated,2,5,1.9,56.4,12.25
Untreated,2,5,1.9,56.6,21.18
Untreated,2,5,1.9,56.8,28.21
Untreated,2,5,1.9,57.0,32.84
Untreated,2,5,1.9,57.2,34.82
Untreated,2,5,1.9,57.4,34.21
Untreated,2,5,1.9,57.6,31.35
Untreated,2,5,1.9,57.8,26.82
Untreated,2,5,1.9,58.0,21.37
Untreated,2,5,1.9,58.2,15.82
Untreated,2,5,1.9,58.4,10.95
Untreated,2,5,1.9,58.6,7.42
Untreated,2,5,1.9,58.8,5.66
Untreated,2,5,1.9,59.0,5.82
Untreated,2,5,1.9,59.2,7.78
Untreated,2,5,1.9,59.4,11.1
Untreated,2,5,1.9,59.6,15.15
Untreated,2,5,1.9,59.8,19.14
Untreated,2,5,1.9,60.0,22.23
Untreated,2,5,1.9,60.2,23.65
Untreated,2,5,1.9,60.4,22.81
Untreated,2,5,1.9,60.6,19.38
Untreated,2,5,1.9,60.8,13.33
Untreated,2,5,1.9,61.0,4.94
Untreated,2,5,1.9,61.2,-5.19
Untreated,2,5,1.9,61.4,-16.23
Untreated,2,5,1.9,61.6,-27.18
Untreated,2,5,1.9,61.8,-37.05
Untreated,2,5,1.9,62.0,-44.9
Untreated,2,5,1.9,62.2,-49.98
Untreated,2,5,1.9,62.4,-51.83
Untreated,2,5,1.9,62.6,-50.31
Untreated,2,5,1.9,62.8,-45.62
Untreated,2,5,1.9,63.0,-38.3
Untreated,2,5,1.9,63.2,-29.11
Untreated,2,5,1.9,63.4,-19.02
Untreated,2,5,1.9,63.6,-9.01
Untreated,2,5,1.9,63.8,-0.02
Untreated,2,5,1.9,64.0,7.17
Untreated,2,5,1.9,64.2,12.03
Untreated,2,5,1.9,64.4,14.35
Untreated,2,5,1.9,64.6,14.19
Untreated,2,5,1.9,64.8,11.94
Untreated,2,5,1.9,65.0,8.19
Untreated,2,5,1.9,65.2,3.69
Untreated,2,5,1.9,65.4,-0.78
Untreated,2,5,1.9,65.6,-4.48
Untreated,2,5,1.9,65.8,-6.83
Untreated,2,5,1.9,66.0,-7.45
Untreated,2,5,1.9,66.2,-6.23
Untreated,2,5,1.9,66.4,-3.31
Untreated,2,5,1.9,66.6,0.94
Untreated,2,5,1.9,66.8,5.97
Untreated,2,5,1.9,67.0,11.13
Untreated,2,5,1.9,67.2,15.74
Untreated,2,5,1.9,67.4,19.19
Untreated,2,5,1.9,67.6,21.01
Untreated,2,5,1.9,67.8,20.93
Untreated,2,5,1.9,68.0,18.88
Untreated,2,5,1.9,68.2,15.0
Untreated,2,5,1.9,68.4,9.63
Untreated,2,5,1.9,68.6,3.24
Untreated,2,5,1.9,68.8,-3.63
Untreated,2,5,1.9,69.0,-10.4
Untreated,2,5,1.9,69.2,-16.56
Untreated,2,5,1.9,69.4,-21.7
Untreated,2,5,1.9,69.6,-25.51
Untreated,2,5,1.9,69.8,-27.83
Untreated,2,5,1.9,70.0,-28.65
Untreated,2,5,1.9,70.2,-28.04
Untreated,2,5,1.9,70.4,-26.17
Untreated,2,5,1.9,70.6,-23.25
Untreated,2,5,1.9,70.8,-19.48
Untreated,2,5,1.9,71.0,-15.08
Untreated,2,5,1.9,71.2,-10.22
Untreated,2,5,1.9,71.4,-5.06
Untreated,2,5,1.9,71.6,0.28
Untreated,2,5,1.9,71.8,5.63
Untreated,2,5,1.9,72.0,10.83
Untreated,2,5,1.9,72.2,15.67
Untreated,2,5,1.9,72.4,19.89
Untreated,2,5,1.9,72.6,23.18
Untreated,2,5,1.9,72.8,25.22
Untreated,2,5,1.9,73.0,25.68
Untreated,2,5,1.9,73.2,24.32
Untreated,2,5,1.9,73.4,21.0
Untreated,2,5,1.9,73.6,15.7
Untreated,2,5,1.9,73.8,8.62
Untreated,2,5,1.9,74.0,0.13
Untreated,2,5,1.9,74.2,-9.19
Untreated,2,5,1.9,74.4,-18.62
Untreated,2,5,1.9,74.6,-27.38
Untreated,2,5,1.9,74.8,-34.63
Untreated,2,5,1.9,75.0,-39.66
Untreated,2,5,1.9,75.2,-41.89
Untreated,2,5,1.9,75.4,-40.99
Untreated,2,5,1.9,75.6,-36.96
Untreated,2,5,1.9,75.8,-30.07
Untreated,2,5,1.9,76.0,-20.91
Untreated,2,5,1.9,76.2,-10.34
Untreated,2,5,1.9,76.4,0.65
Untreated,2,5,1.9,76.6,10.99
Untreated,2,5,1.9,76.8,19.68
Untreated,2,5,1.9,77.0,25.89
Untreated,2,5,1.9,77.2,29.07
Untreated,2,5,1.9,77.4,29.02
Untreated,2,5,1.9,77.6,25.91
Untreated,2,5,1.9,77.8,20.24
Untreated,2,5,1.9,78.0,12.85
Untreated,2,5,1.9,78.2,4.74
Untreated,2,5,1.9,78.4,-3.0
Untreated,2,5,1.9,78.6,-9.34
Untreated,2,5,1.9,78.8,-13.44
Untreated,2,5,1.9,79.0,-14.77
Untreated,2,5,1.9,79.2,-13.16
Untreated,2,5,1.9,79.4,-8.81
Untreated,2,5,1.9,79.6,-2.33
Untreated,2,5,1.9,79.8,5.4
Untreated,2,5,1.9,80.0,13.3
Untreated,2,5,1.9,80.2,20.22
Untreated,2,5,1.9,80.4,25.13
Untreated,2,5,1.9,80.6,27.2
Untreated,2,5,1.9,80.8,25.93
Untreated,2,5,1.9,81.0,21.25
Untreated,2,5,1.9,81.2,13.48
Untreated,2,5,1.9,81.4,3.32
Untreated,2,5,1.9,81.6,-8.18
Untreated,2,5,1.9,81.8,-19.84
Untreated,2,5,1.9,82.0,-30.41
Untreated,2,5,1.9,82.2,-38.76
Untreated,2,5,1.9,82.4,-44.01
Untreated,2,5,1.9,82.6,-45.62
Untreated,2,5,1.9,82.8,-43.5
Untreated,2,5,1.9,83.0,-37.97
Untreated,2,5,1.9,83.2,-29.77
Untreated,2,5,1.9,83.4,-19.93
Untreated,2,5,1.9,83.6,-9.67
Untreated,2,5,1.9,83.8,-0.25
Untreated,2,5,1.9,84.0,7.18
Untreated,2,5,1.9,84.2,11.71
Untreated,2,5,1.9,84.4,12.8
Untreated,2,5,1.9,84.6,10.29
Untreated,2,5,1.9,84.8,4.49
Untreated,2,5,1.9,85.0,-3.96
Untreated,2,5,1.9,85.2,-14.07
Untreated,2,5,1.9,85.4,-24.71
Untreated,2,5,1.9,85.6,-34.68
Untreated,2,5,1.9,85.8,-42.87
Untreated,2,5,1.9,86.0,-48.39
Untreated,2,5,1.9,86.2,-50.66
Untreated,2,5,1.9,86.4,-49.48
Untreated,2,5,1.9,86.6,-44.98
Untreated,2,5,1.9,86.8,-37.68
Untreated,2,5,1.9,87.0,-28.36
Untreated,2,5,1.9,87.2,-17.95
Untreated,2,5,1.9,87.4,-7.46
Untreated,2,5,1.9,87.6,2.13
Untreated,2,5,1.9,87.8,10.03
Untreated,2,5,1.9,88.0,15.64
Untreated,2,5,1.9,88.2,18.63
Untreated,2,5,1.9,88.4,18.95
Untreated,2,5,1.9,88.6,16.79
Untreated,2,5,1.9,88.8,12.55
Untreated,2,5,1.9,89.0,6.75
Untreated,2,5,1.9,89.2,-0.03
Untreated,2,5,1.9,89.4,-7.2
Untreated,2,5,1.9,89.6,-14.25
Untreated,2,5,1.9,89.8,-20.77
Untreated,2,5,1.9,90.0,-26.45
Untreated,2,5,1.9,90.2,-31.12
Untreated,2,5,1.9,90.4,-34.66
Untreated,2,5,1.9,90.6,-37.06
Untreated,2,5,1.9,90.8,-38.29
Untreated,2,5,1.9,91.0,-38.36
Untreated,2,5,1.9,91.2,-37.24
Untreated,2,5,1.9,91.4,-34.92
Untreated,2,5,1.9,91.6,-31.38
Untreated,2,5,1.9,91.8,-26.63
Untreated,2,5,1.9,92.0,-20.75
Untreated,2,5,1.9,92.2,-13.92
Untreated,2,5,1.9,92.4,-6.45
Untreated,2,5,1.9,92.6,1.25
Untreated,2,5,1.9,92.8,8.61
Untreated,2,5,1.9,93.0,15.04
Untreated,2,5,1.9,93.2,19.88
Untreated,2,5,1.9,93.4,22.57
Untreated,2,5,1.9,93.6,22.63
Untreated,2,5,1.9,93.8,19.84
Untreated,2,5,1.9,94.0,14.2
Untreated,2,5,1.9,94.2,6.02
Untreated,2,5,1.9,94.4,-4.11
Untreated,2,5,1.9,94.6,-15.33
Untreated,2,5,1.9,94.8,-26.63
Untreated,2,5,1.9,95.0,-36.9
Untreated,2,5,1.9,95.2,-45.07
Untreated,2,5,1.9,95.4,-50.26
Untreated,2,5,1.9,95.6,-51.83
Untreated,2,5,1.9,95.8,-49.51
Untreated,2,5,1.9,96.0,-43.41
Untreated,2,5,1.9,96.2,-34.06
Untreated,2,5,1.9,96.4,-22.32
Untreated,2,5,1.9,96.6,-9.33
Untreated,2,5,1.9,96.8,3.66
Untreated,2,5,1.9,97.0,15.38
Untreated,2,5,1.9,97.2,24.72
Untreated,2,5,1.9,97.4,30.84
Untreated,2,5,1.9,97.6,33.29
Untreated,2,5,1.9,97.8,32.02
Untreated,2,5,1.9,98.0,27.42
Untreated,2,5,1.9,98.2,20.24
Untreated,2,5,1.9,98.4,11.52
Untreated,2,5,1.9,98.6,2.42
Untreated,2,5,1.9,98.8,-5.88
Untreated,2,5,1.9,99.0,-12.39
Untreated,2,5,1.9,99.2,-16.35
Untreated,2,5,1.9,99.4,-17.43
Untreated,2,5,1.9,99.6,-15.66
Untreated,2,5,1.9,99.8,-11.5
Untreated,2,5,1.9,100.0,-5.73
Untreated,2,5,1.9,100.2,0.62
Untreated,2,5,1.9,100.4,6.47
Untreated,2,5,1.9,100.6,10.77
Untreated,2,5,1.9,100.8,12.69
Untreated,2,5,1.9,101.0,11.73
Untreated,2,5,1.9,101.2,7.77
Untreated,2,5,1.9,101.4,1.13
Untreated,2,5,1.9,101.6,-7.5
Untreated,2,5,1.9,101.8,-17.13
Untreated,2,5,1.9,102.0,-26.57
Untreated,2,5,1.9,102.2,-34.64
Untreated,2,5,1.9,102.4,-40.27
Untreated,2,5,1.9,102.6,-42.67
Untreated,2,5,1.9,102.8,-41.42
Untreated,2,5,1.9,103.0,-36.57
Untreated,2,5,1.9,103.2,-28.58
Untreated,2,5,1.9,103.4,-18.33
Untreated,2,5,1.9,103.6,-7.01
Untreated,2,5,1.9,103.8,4.07
Untreated,2,5,1.9,104.0,13.58
Untreated,2,5,1.9,104.2,20.35
Untreated,2,5,1.9,104.4,23.53
Untreated,2,5,1.9,104.6,22.65
Untreated,2,5,1.9,104.8,17.72
Untreated,2,5,1.9,105.0,9.21
Untreated,2,5,1.9,105.2,-2.03
Untreated,2,5,1.9,105.4,-14.83
Untreated,2,5,1.9,105.6,-27.87
Untreated,2,5,1.9,105.8,-39.83
Untreated,2,5,1.9,106.0,-49.52
Untreated,2,5,1.9,106.2,-56.04
Untreated,2,5,1.9,106.4,-58.85
Untreated,2,5,1.9,106.6,-57.84
Untreated,2,5,1.9,106.8,-53.29
Untreated,2,5,1.9,107.0,-45.87
Untreated,2,5,1.9,107.2,-36.47
Untreated,2,5,1.9,107.4,-26.18
Untreated,2,5,1.9,107.6,-16.08
Untreated,2,5,1.9,107.8,-7.13
Untreated,2,5,1.9,108.0,-0.1
Untreated,2,5,1.9,108.2,4.52
Untreated,2,5,1.9,108.4,6.56
Untreated,2,5,1.9,108.6,6.15
Untreated,2,5,1.9,108.8,3.68
Untreated,2,5,1.9,109.0,-0.31
Untreated,2,5,1.9,109.2,-5.16
Untreated,2,5,1.9,109.4,-10.24
Untreated,2,5,1.9,109.6,-15.0
Untreated,2,5,1.9,109.8,-19.05
Untreated,2,5,1.9,110.0,-22.17
Untreated,2,5,1.9,110.2,-24.31
Untreated,2,5,1.9,110.4,-25.6
Untreated,2,5,1.9,110.6,-26.23
Untreated,2,5,1.9,110.8,-26.46
Untreated,2,5,1.9,111.0,-26.49
Untreated,2,5,1.9,111.2,-26.48
Untreated,2,5,1.9,111.4,-26.45
Untreated,2,5,1.9,111.6,-26.29
Untreated,2,5,1.9,111.8,-25.79
Untreated,2,5,1.9,112.0,-24.71
Untreated,2,5,1.9,112.2,-22.77
Untreated,2,5,1.9,112.4,-19.76
Untreated,2,5,1.9,112.6,-15.61
Untreated,2,5,1.9,112.8,-10.4
Untreated,2,5,1.9,113.0,-4.43
Untreated,2,5,1.9,113.2,1.84
Untreated,2,5,1.9,113.4,7.82
Untreated,2,5,1.9,113.6,12.82
Untreated,2,5,1.9,113.8,16.17
Untreated,2,5,1.9,114.0,17.3
Untreated,2,5,1.9,114.2,15.83
Untreated,2,5,1.9,114.4,11.67
Untreated,2,5,1.9,114.6,4.98
Untreated,2,5,1.9,114.8,-3.73
Untreated,2,5,1.9,115.0,-13.72
Untreated,2,5,1.9,115.2,-24.04
Untreated,2,5,1.9,115.4,-33.65
Untreated,2,5,1.9,115.6,-41.53
Untreated,2,5,1.9,115.8,-46.82
Untreated,2,5,1.9,116.0,-48.9
Untreated,2,5,1.9,116.2,-47.49
Untreated,2,5,1.9,116.4,-42.65
Untreated,2,5,1.9,116.6,-34.84
Untreated,2,5,1.9,116.8,-24.81
Untreated,2,5,1.9,117.0,-13.56
Untreated,2,5,1.9,117.2,-2.19
Untreated,2,5,1.9,117.4,8.21
Untreated,2,5,1.9,117.6,16.7
Untreated,2,5,1.9,117.8,22.57
Untreated,2,5,1.9,118.0,25.44
Untreated,2,5,1.9,118.2,25.28
Untreated,2,5,1.9,118.4,22.41
Untreated,2,5,1.9,118.6,17.42
Untreated,2,5,1.9,118.8,11.11
Untreated,2,5,1.9,119.0,4.34
Untreated,2,5,1.9,119.2,-2.02
Untreated,2,5,1.9,119.4,-7.3
Untreated,2,5,1.9,119.6,-11.02
Untreated,2,5,1.9,119.8,-13.01
Untreated,2,5,1.9,120.0,-13.38
Untreated,2,5,1.9,120.2,-12.49
Untreated,2,5,1.9,120.4,-10.91
Untreated,2,5,1.9,120.6,-9.27
Untreated,2,5,1.9,120.8,-8.2
Untreated,2,5,1.9,121.0,-8.19
Untreated,2,5,1.9,121.2,-9.53
Untreated,2,5,1.9,121.4,-12.23
Untreated,2,5,1.9,121.6,-16.04
Untreated,2,5,1.9,121.8,-20.43
Untreated,2,5,1.9,122.0,-24.71
Untreated,2,5,1.9,122.2,-28.12
Untreated,2,5,1.9,122.4,-29.92
Untreated,2,5,1.9,122.6,-29.5
Untreated,2,5,1.9,122.8,-26.55
Untreated,2,5,1.9,123.0,-21.05
Untreated,2,5,1.9,123.2,-13.33
Untreated,2,5,1.9,123.4,-4.05
Untreated,2,5,1.9,123.6,5.86
Untreated,2,5,1.9,123.8,15.32
Untreated,2,5,1.9,124.0,23.23
Untreated,2,5,1.9,124.2,28.6
Untreated,2,5,1.9,124.4,30.69
Untreated,2,5,1.9,124.6,29.11
Untreated,2,5,1.9,124.8,23.88
Untreated,2,5,1.9,125.0,15.46
Untreated,2,5,1.9,125.2,4.68
Untreated,2,5,1.9,125.4,-7.32
Untreated,2,5,1.9,125.6,-19.24
Untreated,2,5,1.9,125.8,-29.74
Untreated,2,5,1.9,126.0,-37.64
Untreated,2,5,1.9,126.2,-42.04
Untreated,2,5,1.9,126.4,-42.4
Untreated,2,5,1.9,126.6,-38.67
Untreated,2,5,1.9,126.8,-31.24
Untreated,2,5,1.9,127.0,-20.91
Untreated,2,5,1.9,127.2,-8.81
Untreated,2,5,1.9,127.4,3.76
Untreated,2,5,1.9,127.6,15.45
Untreated,2,5,1.9,127.8,25.05
Untreated,2,5,1.9,128.0,31.58
Untreated,2,5,1.9,128.2,34.45
Untreated,2,5,1.9,128.4,33.49
Untreated,2,5,1.9,128.6,28.93
Untreated,2,5,1.9,128.8,21.4
Untreated,2,5,1.9,129.0,11.81
Untreated,2,5,1.9,129.2,1.24
Untreated,2,5,1.9,129.4,-9.2
Untreated,2,5,1.9,129.6,-18.51
Untreated,2,5,1.9,129.8,-25.92
Untreated,2,5,1.9,130.0,-30.92
Untreated,2,5,1.9,130.2,-33.39
Untreated,2,5,1.9,130.4,-33.5
Untreated,2,5,1.9,130.6,-31.72
Untreated,2,5,1.9,130.8,-28.7
Untreated,2,5,1.9,131.0,-25.16
Untreated,2,5,1.9,131.2,-21.82
Untreated,2,5,1.9,131.4,-19.25
Untreated,2,5,1.9,131.6,-17.8
Untreated,2,5,1.9,131.8,-17.58
Untreated,2,5,1.9,132.0,-18.43
Untreated,2,5,1.9,132.2,-19.98
Untreated,2,5,1.9,132.4,-21.7
Untreated,2,5,1.9,132.6,-23.0
Untreated,2,5,1.9,132.8,-23.34
Untreated,2,5,1.9,133.0,-22.33
Untreated,2,5,1.9,133.2,-19.77
Untreated,2,5,1.9,133.4,-15.76
Untreated,2,5,1.9,133.6,-10.65
Untreated,2,5,1.9,133.8,-5.02
Untreated,2,5,1.9,134.0,0.37
Untreated,2,5,1.9,134.2,4.69
Untreated,2,5,1.9,134.4,7.16
Untreated,2,5,1.9,134.6,7.13
Untreated,2,5,1.9,134.8,4.22
Untreated,2,5,1.9,135.0,-1.67
Untreated,2,5,1.9,135.2,-10.29
Untreated,2,5,1.9,135.4,-21.07
Untreated,2,5,1.9,135.6,-33.17
Untreated,2,5,1.9,135.8,-45.58
Untreated,2,5,1.9,136.0,-57.22
Untreated,2,5,1.9,136.2,-67.08
Untreated,2,5,1.9,136.4,-74.32
Untreated,2,5,1.9,136.6,-78.36
Untreated,2,5,1.9,136.8,-78.96
Untreated,2,5,1.9,137.0,-76.23
Untreated,2,5,1.9,137.2,-70.64
Untreated,2,5,1.9,137.4,-62.9
Untreated,2,5,1.9,137.6,-53.94
Untreated,2,5,1.9,137.8,-44.75
Untreated,2,5,1.9,138.0,-36.28
Untreated,2,5,1.9,138.2,-29.34
Untreated,2,5,1.9,138.4,-24.52
Untreated,2,5,1.9,138.6,-22.08
Untreated,2,5,1.9,138.8,-22.02
Untreated,2,5,1.9,139.0,-24.0
Untreated,2,5,1.9,139.2,-27.49
Untreated,2,5,1.9,139.4,-31.78
Untreated,2,5,1.9,139.6,-36.08
Untreated,2,5,1.9,139.8,-39.68
Untreated,2,5,1.9,140.0,-41.94
Untreated,2,5,1.9,140.2,-42.46
Untreated,2,5,1.9,140.4,-41.05
Untreated,2,5,1.9,140.6,-37.75
Untreated,2,5,1.9,140.8,-32.85
Untreated,2,5,1.9,141.0,-26.79
Untreated,2,5,1.9,141.2,-20.14
Untreated,2,5,1.9,141.4,-13.48
Untreated,2,5,1.9,141.6,-7.38
Untreated,2,5,1.9,141.8,-2.3
Untreated,2,5,1.9,142.0,1.45
Untreated,2,5,1.9,142.2,3.74
Untreated,2,5,1.9,142.4,4.59
Untreated,2,5,1.9,142.6,4.17
Untreated,2,5,1.9,142.8,2.76
Untreated,2,5,1.9,143.0,0.7
Untreated,2,5,1.9,143.2,-1.66
Untreated,2,5,1.9,143.4,-4.0
Untreated,2,5,1.9,143.6,-6.08
Untreated,2,5,1.9,143.8,-7.76
Untreated,2,5,1.9,144.0,-8.96
Untreated,2,5,1.9,144.2,-9.71
Untreated,2,5,1.9,144.4,-10.08
Untreated,2,5,1.9,144.6,-10.17
Untreated,2,5,1.9,144.8,-10.09
Untreated,2,5,1.9,145.0,-9.91
Untreated,2,5,1.9,145.2,-9.64
Untreated,2,5,1.9,145.4,-9.28
Untreated,2,5,1.9,145.6,-8.75
Untreated,2,5,1.9,145.8,-7.98
Untreated,2,5,1.9,146.0,-6.89
Untreated,2,5,1.9,146.2,-5.44
Untreated,2,5,1.9,146.4,-3.64
Untreated,2,5,1.9,146.6,-1.58
Untreated,2,5,1.9,146.8,0.59
Untreated,2,5,1.9,147.0,2.63
Untreated,2,5,1.9,147.2,4.28
Untreated,2,5,1.9,147.4,5.27
Untreated,2,5,1.9,147.6,5.34
Untreated,2,5,1.9,147.8,4.34
Untreated,2,5,1.9,148.0,2.19
Untreated,2,5,1.9,148.2,-1.06
Untreated,2,5,1.9,148.4,-5.22
Untreated,2,5,1.9,148.6,-9.99
Untreated,2,5,1.9,148.8,-14.99
Untreated,2,5,1.9,149.0,-19.79
Untreated,2,5,1.9,149.2,-23.95
Untreated,2,5,1.9,149.4,-27.11
Untreated,2,5,1.9,149.6,-28.99
Untreated,2,5,1.9,149.8,-29.46
Untreated,2,5,1.9,150.0,-28.56
Untreated,2,5,1.9,150.2,-26.45
Untreated,2,5,1.9,150.4,-23.45
Untreated,2,5,1.9,150.6,-19.97
Untreated,2,5,1.9,150.8,-16.43
Untreated,2,5,1.9,151.0,-13.28
Untreated,2,5,1.9,151.2,-10.87
Untreated,2,5,1.9,151.4,-9.44
Untreated,2,5,1.9,151.6,-9.09
Untreated,2,5,1.9,151.8,-9.76
Untreated,2,5,1.9,152.0,-11.26
Untreated,2,5,1.9,152.2,-13.28
Untreated,2,5,1.9,152.4,-15.44
Untreated,2,5,1.9,152.6,-17.36
Untreated,2,5,1.9,152.8,-18.69
Untreated,2,5,1.9,153.0,-19.2
Untreated,2,5,1.9,153.2,-18.75
Untreated,2,5,1.9,153.4,-17.37
Untreated,2,5,1.9,153.6,-15.22
Untreated,2,5,1.9,153.8,-12.58
Untreated,2,5,1.9,154.0,-9.79
Untreated,2,5,1.9,154.2,-7.24
Untreated,2,5,1.9,154.4,-5.24
Untreated,2,5,1.9,154.6,-4.07
Untreated,2,5,1.9,154.8,-3.83
Untreated,2,5,1.9,155.0,-4.5
Untreated,2,5,1.9,155.2,-5.93
Untreated,2,5,1.9,155.4,-7.81
Untreated,2,5,1.9,155.6,-9.78
Untreated,2,5,1.9,155.8,-11.44
Untreated,2,5,1.9,156.0,-12.42
Untreated,2,5,1.9,156.2,-12.44
Untreated,2,5,1.9,156.4,-11.36
Untreated,2,5,1.9,156.6,-9.2
Untreated,2,5,1.9,156.8,-6.17
Untreated,2,5,1.9,157.0,-2.62
Untreated,2,5,1.9,157.2,0.96
Untreated,2,5,1.9,157.4,4.05
Untreated,2,5,1.9,157.6,6.09
Untreated,2,5,1.9,157.8,6.63
Untreated,2,5,1.9,158.0,5.35
Untreated,2,5,1.9,158.2,2.09
Untreated,2,5,1.9,158.4,-3.07
Untreated,2,5,1.9,158.6,-9.86
Untreated,2,5,1.9,158.8,-17.81
Untreated,2,5,1.9,159.0,-26.32
Untreated,2,5,1.9,159.2,-34.71
Untreated,2,5,1.9,159.4,-42.3
Untreated,2,5,1.9,159.6,-48.47
Untreated,2,5,1.9,159.8,-52.73
Untreated,2,5,1.9,160.0,-54.8
Untreated,2,5,1.9,160.2,-54.57
Untreated,2,5,1.9,160.4,-52.16
Untreated,2,5,1.9,160.6,-47.87
Untreated,2,5,1.9,160.8,-42.15
Untreated,2,5,1.9,161.0,-35.54
Untreated,2,5,1.9,161.2,-28.6
Untreated,2,5,1.9,161.4,-21.87
Untreated,2,5,1.9,161.6,-15.8
Untreated,2,5,1.9,161.8,-10.7
Untreated,2,5,1.9,162.0,-6.77
Untreated,2,5,1.9,162.2,-4.06
Untreated,2,5,1.9,162.4,-2.48
Untreated,2,5,1.9,162.6,-1.88
Untreated,2,5,1.9,162.8,-2.04
Untreated,2,5,1.9,163.0,-2.75
Untreated,2,5,1.9,163.2,-3.81
Untreated,2,5,1.9,163.4,-5.11
Untreated,2,5,1.9,163.6,-6.56
Untreated,2,5,1.9,163.8,-8.17
Untreated,2,5,1.9,164.0,-9.99
Untreated,2,5,1.9,164.2,-12.08
Untreated,2,5,1.9,164.4,-14.5
Untreated,2,5,1.9,164.6,-17.28
Untreated,2,5,1.9,164.8,-20.37
Untreated,2,5,1.9,165.0,-23.64
Untreated,2,5,1.9,165.2,-26.89
Untreated,2,5,1.9,165.4,-29.87
Untreated,2,5,1.9,165.6,-32.27
Untreated,2,5,1.9,165.8,-33.81
Untreated,2,5,1.9,166.0,-34.24
Untreated,2,5,1.9,166.2,-33.4
Untreated,2,5,1.9,166.4,-31.26
Untreated,2,5,1.9,166.6,-27.91
Untreated,2,5,1.9,166.8,-23.58
Untreated,2,5,1.9,167.0,-18.62
Untreated,2,5,1.9,167.2,-13.48
Untreated,2,5,1.9,167.4,-8.63
Untreated,2,5,1.9,167.6,-4.55
Untreated,2,5,1.9,167.8,-1.65
Untreated,2,5,1.9,168.0,-0.22
Untreated,2,5,1.9,168.2,-0.43
Untreated,2,5,1.9,168.4,-2.27
Untreated,2,5,1.9,168.6,-5.58
Untreated,2,5,1.9,168.8,-10.07
Untreated,2,5,1.9,169.0,-15.34
Untreated,2,5,1.9,169.2,-20.93
Untreated,2,5,1.9,169.4,-26.39
Untreated,2,5,1.9,169.6,-31.31
Untreated,2,5,1.9,169.8,-35.38
Untreated,2,5,1.9,170.0,-38.37
Untreated,2,5,1.9,170.2,-40.22
Untreated,2,5,1.9,170.4,-40.96
Untreated,2,5,1.9,170.6,-40.72
Untreated,2,5,1.9,170.8,-39.72
Untreated,2,5,1.9,171.0,-38.18
Untreated,2,5,1.9,171.2,-36.3
Untreated,2,5,1.9,171.4,-34.26
Untreated,2,5,1.9,171.6,-32.15
Untreated,2,5,1.9,171.8,-29.97
Untreated,2,5,1.9,172.0,-27.69
Untreated,2,5,1.9,172.2,-25.19
Untreated,2,5,1.9,172.4,-22.36
Untreated,2,5,1.9,172.6,-19.08
Untreated,2,5,1.9,172.8,-15.31
Untreated,2,5,1.9,173.0,-11.08
Untreated,2,5,1.9,173.2,-6.5
Untreated,2,5,1.9,173.4,-1.78
Untreated,2,5,1.9,173.6,2.79
Untreated,2,5,1.9,173.8,6.86
Untreated,2,5,1.9,174.0,10.1
Untreated,2,5,1.9,174.2,12.22
Untreated,2,5,1.9,174.4,12.98
Untreated,2,5,1.9,174.6,12.31
Untreated,2,5,1.9,174.8,10.25
Untreated,2,5,1.9,175.0,6.98
Untreated,2,5,1.9,175.2,2.85
Untreated,2,5,1.9,175.4,-1.75
Untreated,2,5,1.9,175.6,-6.34
Untreated,2,5,1.9,175.8,-10.46
Untreated,2,5,1.9,176.0,-13.74
Untreated,2,5,1.9,176.2,-15.91
Untreated,2,5,1.9,176.4,-16.84
Untreated,2,5,1.9,176.6,-16.59
Untreated,2,5,1.9,176.8,-15.37
Untreated,2,5,1.9,177.0,-13.54
Untreated,2,5,1.9,177.2,-11.53
Untreated,2,5,1.9,177.4,-9.82
Untreated,2,5,1.9,177.6,-8.86
Untreated,2,5,1.9,177.8,-8.97
Untreated,2,5,1.9,178.0,-10.38
Untreated,2,5,1.9,178.2,-13.11
Untreated,2,5,1.9,178.4,-17.02
Untreated,2,5,1.9,178.6,-21.8
Untreated,2,5,1.9,178.8,-27.02
Untreated,2,5,1.9,179.0,-32.19
Untreated,2,5,1.9,179.2,-36.81
Untreated,2,5,1.9,179.4,-40.43
Untreated,2,5,1.9,179.6,-42.75
Untreated,2,5,1.9,179.8,-43.62
Untreated,2,5,1.9,180.0,-43.08
Untreated,2,5,1.9,180.2,-41.33
Untreated,2,5,1.9,180.4,-38.74
Untreated,2,5,1.9,180.6,-35.76
Untreated,2,5,1.9,180.8,-32.88
Untreated,2,5,1.9,181.0,-30.54
Untreated,2,5,1.9,181.2,-29.08
Untreated,2,5,1.9,181.4,-28.69
Untreated,2,5,1.9,181.6,-29.35
Untreated,2,5,1.9,181.8,-30.86
Untreated,2,5,1.9,182.0,-32.85
Untreated,2,5,1.9,182.2,-34.8
Untreated,2,5,1.9,182.4,-36.15
Untreated,2,5,1.9,182.6,-36.35
Untreated,2,5,1.9,182.8,-34.93
Untreated,2,5,1.9,183.0,-31.6
Untreated,2,5,1.9,183.2,-26.24
Untreated,2,5,1.9,183.4,-18.98
Untreated,2,5,1.9,183.6,-10.19
Untreated,2,5,1.9,183.8,-0.39
Untreated,2,5,1.9,184.0,9.74
Untreated,2,5,1.9,184.2,19.5
Untreated,2,5,1.9,184.4,28.19
Untreated,2,5,1.9,184.6,35.24
Untreated,2,5,1.9,184.8,40.25
Untreated,2,5,1.9,185.0,43.07
Untreated,2,5,1.9,185.2,43.76
Untreated,2,5,1.9,185.4,42.63
Untreated,2,5,1.9,185.6,40.17
Untreated,2,5,1.9,185.8,36.98
Untreated,2,5,1.9,186.0,33.73
Untreated,2,5,1.9,186.2,31.01
Untreated,2,5,1.9,186.4,29.32
Untreated,2,5,1.9,186.6,28.93
Untreated,2,5,1.9,186.8,29.93
Untreated,2,5,1.9,187.0,32.16
Untreated,2,5,1.9,187.2,35.23
Untreated,2,5,1.9,187.4,38.6
Untreated,2,5,1.9,187.6,41.65
Untreated,2,5,1.9,187.8,43.71
Untreated,2,5,1.9,188.0,44.21
Untreated,2,5,1.9,188.2,42.71
Untreated,2,5,1.9,188.4,38.98
Untreated,2,5,1.9,188.6,33.01
Untreated,2,5,1.9,188.8,25.05
Untreated,2,5,1.9,189.0,15.54
Untreated,2,5,1.9,189.2,5.13
Untreated,2,5,1.9,189.4,-5.48
Untreated,2,5,1.9,189.6,-15.52
Untreated,2,5,1.9,189.8,-24.31
Untreated,2,5,1.9,190.0,-31.27
Untreated,2,5,1.9,190.2,-35.99
Untreated,2,5,1.9,190.4,-38.29
Untreated,2,5,1.9,190.6,-38.18
Untreated,2,5,1.9,190.8,-35.86
Untreated,2,5,1.9,191.0,-31.7
Untreated,2,5,1.9,191.2,-26.17
Untreated,2,5,1.9,191.4,-19.8
Untreated,2,5,1.9,191.6,-13.11
Untreated,2,5,1.9,191.8,-6.57
Untreated,2,5,1.9,192.0,-0.56
Untreated,2,5,1.9,192.2,4.65
Untreated,2,5,1.9,192.4,8.89
Untreated,2,5,1.9,192.6,12.09
Untreated,2,5,1.9,192.8,14.28
Untreated,2,5,1.9,193.0,15.52
Untreated,2,5,1.9,193.2,15.91
Untreated,2,5,1.9,193.4,15.55
Untreated,2,5,1.9,193.6,14.54
Untreated,2,5,1.9,193.8,12.98
Untreated,2,5,1.9,194.0,10.95
Untreated,2,5,1.9,194.2,8.55
Untreated,2,5,1.9,194.4,5.91
Untreated,2,5,1.9,194.6,3.19
Untreated,2,5,1.9,194.8,0.6
Untreated,2,5,1.9,195.0,-1.61
Untreated,2,5,1.9,195.2,-3.17
Untreated,2,5,1.9,195.4,-3.82
Untreated,2,5,1.9,195.6,-3.32
Untreated,2,5,1.9,195.8,-1.52
Untreated,2,5,1.9,196.0,1.59
Untreated,2,5,1.9,196.2,5.91
Untreated,2,5,1.9,196.4,11.14
Untreated,2,5,1.9,196.6,16.84
Untreated,2,5,1.9,196.8,22.44
Untreated,2,5,1.9,197.0,27.27
Untreated,2,5,1.9,197.2,30.65
Untreated,2,5,1.9,197.4,31.98
Untreated,2,5,1.9,197.6,30.76
Untreated,2,5,1.9,197.8,26.74
Untreated,2,5,1.9,198.0,19.92
Untreated,2,5,1.9,198.2,10.59
Untreated,2,5,1.9,198.4,-0.65
Untreated,2,5,1.9,198.6,-12.96
Untreated,2,5,1.9,198.8,-25.3
Untreated,2,5,1.9,199.0,-36.57
Untreated,2,5,1.9,199.2,-45.65
Untreated,2,5,1.9,199.4,-51.6
Untreated,2,5,1.9,199.6,-53.71
Untreated,2,5,1.9,199.8,-51.59
Untreated,2,5,1.9,200.0,-45.26
Untreated,2,5,1.9,200.2,-35.12
Untreated,2,5,1.9,200.4,-21.97
Untreated,2,5,1.9,200.6,-6.86
Untreated,2,5,1.9,200.8,8.91
Untreated,2,5,1.9,201.0,24.03
Untreated,2,5,1.9,201.2,37.24
Untreated,2,5,1.9,201.4,47.47
Untreated,2,5,1.9,201.6,54.0
Untreated,2,5,1.9,201.8,56.46
Untreated,2,5,1.9,202.0,54.94
Untreated,2,5,1.9,202.2,49.91
Untreated,2,5,1.9,202.4,42.21
Untreated,2,5,1.9,202.6,32.91
Untreated,2,5,1.9,202.8,23.23
Untreated,2,5,1.9,203.0,14.36
Untreated,2,5,1.9,203.2,7.34
Untreated,2,5,1.9,203.4,2.95
Untreated,2,5,1.9,203.6,1.64
Untreated,2,5,1.9,203.8,3.44
Untreated,2,5,1.9,204.0,8.01
Untreated,2,5,1.9,204.2,14.69
Untreated,2,5,1.9,204.4,22.56
Untreated,2,5,1.9,204.6,30.56
Untreated,2,5,1.9,204.8,37.64
Untreated,2,5,1.9,205.0,42.87
Untreated,2,5,1.9,205.2,45.57
Untreated,2,5,1.9,205.4,45.35
Untreated,2,5,1.9,205.6,42.2
Untreated,2,5,1.9,205.8,36.47
Untreated,2,5,1.9,206.0,28.78
Untreated,2,5,1.9,206.2,20.03
Untreated,2,5,1.9,206.4,11.19
Untreated,2,5,1.9,206.6,3.25
Untreated,2,5,1.9,206.8,-2.93
Untreated,2,5,1.9,207.0,-6.71
Untreated,2,5,1.9,207.2,-7.75
Untreated,2,5,1.9,207.4,-6.08
Untreated,2,5,1.9,207.6,-2.02
Untreated,2,5,1.9,207.8,3.77
Untreated,2,5,1.9,208.0,10.47
Untreated,2,5,1.9,208.2,17.1
Untreated,2,5,1.9,208.4,22.73
Untreated,2,5,1.9,208.6,26.52
Untreated,2,5,1.9,208.8,27.88
Untreated,2,5,1.9,209.0,26.48
Untreated,2,5,1.9,209.2,22.37
Untreated,2,5,1.9,209.4,15.89
Untreated,2,5,1.9,209.6,7.7
Untreated,2,5,1.9,209.8,-1.33
Untreated,2,5,1.9,210.0,-10.21
Untreated,2,5,1.9,210.2,-17.93
Untreated,2,5,1.9,210.4,-23.58
Untreated,2,5,1.9,210.6,-26.48
Untreated,2,5,1.9,210.8,-26.2
Untreated,2,5,1.9,211.0,-22.67
Untreated,2,5,1.9,211.2,-16.12
Untreated,2,5,1.9,211.4,-7.14
Untreated,2,5,1.9,211.6,3.47
Untreated,2,5,1.9,211.8,14.7
Untreated,2,5,1.9,212.0,25.5
Untreated,2,5,1.9,212.2,34.85
Untreated,2,5,1.9,212.4,41.86
Untreated,2,5,1.9,212.6,45.89
Untreated,2,5,1.9,212.8,46.57
Untreated,2,5,1.9,213.0,43.87
Untreated,2,5,1.9,213.2,38.07
Untreated,2,5,1.9,213.4,29.75
Untreated,2,5,1.9,213.6,19.72
Untreated,2,5,1.9,213.8,8.93
Untreated,2,5,1.9,214.0,-1.59
Untreated,2,5,1.9,214.2,-10.87
Untreated,2,5,1.9,214.4,-18.04
Untreated,2,5,1.9,214.6,-22.45
Untreated,2,5,1.9,214.8,-23.7
Untreated,2,5,1.9,215.0,-21.69
Untreated,2,5,1.9,215.2,-16.6
Untreated,2,5,1.9,215.4,-8.89
Untreated,2,5,1.9,215.6,0.77
Untreated,2,5,1.9,215.8,11.5
Untreated,2,5,1.9,216.0,22.4
Untreated,2,5,1.9,216.2,32.49
Untreated,2,5,1.9,216.4,40.92
Untreated,2,5,1.9,216.6,46.96
Untreated,2,5,1.9,216.8,50.07
Untreated,2,5,1.9,217.0,50.0
Untreated,2,5,1.9,217.2,46.72
Untreated,2,5,1.9,217.4,40.5
Untreated,2,5,1.9,217.6,31.83
Untreated,2,5,1.9,217.8,21.41
Untreated,2,5,1.9,218.0,10.09
Untreated,2,5,1.9,218.2,-1.22
Untreated,2,5,1.9,218.4,-11.6
Untreated,2,5,1.9,218.6,-20.22
Untreated,2,5,1.9,218.8,-26.38
Untreated,2,5,1.9,219.0,-29.6
Untreated,2,5,1.9,219.2,-29.65
Untreated,2,5,1.9,219.4,-26.56
Untreated,2,5,1.9,219.6,-20.63
Untreated,2,5,1.9,219.8,-12.4
Untreated,2,5,1.9,220.0,-2.61
Untreated,2,5,1.9,220.2,7.86
Untreated,2,5,1.9,220.4,18.06
Untreated,2,5,1.9,220.6,27.1
Untreated,2,5,1.9,220.8,34.15
Untreated,2,5,1.9,221.0,38.59
Untreated,2,5,1.9,221.2,40.02
Untreated,2,5,1.9,221.4,38.32
Untreated,2,5,1.9,221.6,33.67
Untreated,2,5,1.9,221.8,26.49
Untreated,2,5,1.9,222.0,17.48
Untreated,2,5,1.9,222.2,7.49
Untreated,2,5,1.9,222.4,-2.54
Untreated,2,5,1.9,222.6,-11.66
Untreated,2,5,1.9,222.8,-18.99
Untreated,2,5,1.9,223.0,-23.83
Untreated,2,5,1.9,223.2,-25.74
Untreated,2,5,1.9,223.4,-24.52
Untreated,2,5,1.9,223.6,-20.31
Untreated,2,5,1.9,223.8,-13.5
Untreated,2,5,1.9,224.0,-4.76
Untreated,2,5,1.9,224.2,5.08
Untreated,2,5,1.9,224.4,15.08
Untreated,2,5,1.9,224.6,24.31
Untreated,2,5,1.9,224.8,31.9
Untreated,2,5,1.9,225.0,37.18
Untreated,2,5,1.9,225.2,39.73
Untreated,2,5,1.9,225.4,39.39
Untreated,2,5,1.9,225.6,36.32
Untreated,2,5,1.9,225.8,30.93
Untreated,2,5,1.9,226.0,23.89
Untreated,2,5,1.9,226.2,16.01
Untreated,2,5,1.9,226.4,8.19
Untreated,2,5,1.9,226.6,1.28
Untreated,2,5,1.9,226.8,-3.95
Untreated,2,5,1.9,227.0,-6.95
Untreated,2,5,1.9,227.2,-7.43
Untreated,2,5,1.9,227.4,-5.36
Untreated,2,5,1.9,227.6,-1.02
Untreated,2,5,1.9,227.8,5.06
Untreated,2,5,1.9,228.0,12.17
Untreated,2,5,1.9,228.2,19.44
Untreated,2,5,1.9,228.4,26.02
Untreated,2,5,1.9,228.6,31.07
Untreated,2,5,1.9,228.8,33.96
Untreated,2,5,1.9,229.0,34.24
Untreated,2,5,1.9,229.2,31.74
Untreated,2,5,1.9,229.4,26.61
Untreated,2,5,1.9,229.6,19.25
Untreated,2,5,1.9,229.8,10.3
Untreated,2,5,1.9,230.0,0.57
Untreated,2,5,1.9,230.2,-9.03
Untreated,2,5,1.9,230.4,-17.61
Untreated,2,5,1.9,230.6,-24.38
Untreated,2,5,1.9,230.8,-28.71
Untreated,2,5,1.9,231.0,-30.24
Untreated,2,5,1.9,231.2,-28.87
Untreated,2,5,1.9,231.4,-24.8
Untreated,2,5,1.9,231.6,-18.48
Untreated,2,5,1.9,231.8,-10.6
Untreated,2,5,1.9,232.0,-1.95
Untreated,2,5,1.9,232.2,6.59
Untreated,2,5,1.9,232.4,14.19
Untreated,2,5,1.9,232.6,20.14
Untreated,2,5,1.9,232.8,23.94
Untreated,2,5,1.9,233.0,25.31
Untreated,2,5,1.9,233.2,24.28
Untreated,2,5,1.9,233.4,21.13
Untreated,2,5,1.9,233.6,16.39
Untreated,2,5,1.9,233.8,10.77
Untreated,2,5,1.9,234.0,5.08
Untreated,2,5,1.9,234.2,0.15
Untreated,2,5,1.9,234.4,-3.26
Untreated,2,5,1.9,234.6,-4.55
Untreated,2,5,1.9,234.8,-3.34
Untreated,2,5,1.9,235.0,0.48
Untreated,2,5,1.9,235.2,6.73
Untreated,2,5,1.9,235.4,14.96
Untreated,2,5,1.9,235.6,24.49
Untreated,2,5,1.9,235.8,34.46
Untreated,2,5,1.9,236.0,43.93
Untreated,2,5,1.9,236.2,51.97
Untreated,2,5,1.9,236.4,57.73
Untreated,2,5,1.9,236.6,60.53
Untreated,2,5,1.9,236.8,59.95
Untreated,2,5,1.9,237.0,55.85
Untreated,2,5,1.9,237.2,48.4
Untreated,2,5,1.9,237.4,38.04
Untreated,2,5,1.9,237.6,25.49
Untreated,2,5,1.9,237.8,11.63
Untreated,2,5,1.9,238.0,-2.51
Untreated,2,5,1.9,238.2,-15.92
Untreated,2,5,1.9,238.4,-27.64
Untreated,2,5,1.9,238.6,-36.83
Untreated,2,5,1.9,238.8,-42.91
Untreated,2,5,1.9,239.0,-45.53
Untreated,2,5,1.9,239.2,-44.65
Untreated,2,5,1.9,239.4,-40.5
Untreated,2,5,1.9,239.6,-33.56
Untreated,2,5,1.9,239.8,-24.53
Untreated,2,5,1.9,240.0,-14.25
Untreated,2,5,1.9,240.2,-3.61
Untreated,2,5,1.9,240.4,6.47
Untreated,2,5,1.9,240.6,15.21
Untreated,2,5,1.9,240.8,21.93
Untreated,2,5,1.9,241.0,26.18
Untreated,2,5,1.9,241.2,27.73
Untreated,2,5,1.9,241.4,26.59
Untreated,2,5,1.9,241.6,23.0
Untreated,2,5,1.9,241.8,17.4
Untreated,2,5,1.9,242.0,10.39
Untreated,2,5,1.9,242.2,2.68
Untreated,2,5,1.9,242.4,-4.99
Untreated,2,5,1.9,242.6,-11.87
Untreated,2,5,1.9,242.8,-17.31
Untreated,2,5,1.9,243.0,-20.77
Untreated,2,5,1.9,243.2,-21.89
Untreated,2,5,1.9,243.4,-20.5
Untreated,2,5,1.9,243.6,-16.59
Untreated,2,5,1.9,243.8,-10.41
Untreated,2,5,1.9,244.0,-2.34
Untreated,2,5,1.9,244.2,7.08
Untreated,2,5,1.9,244.4,17.2
Untreated,2,5,1.9,244.6,27.31
Untreated,2,5,1.9,244.8,36.71
Untreated,2,5,1.9,245.0,44.74
Untreated,2,5,1.9,245.2,50.84
Untreated,2,5,1.9,245.4,54.61
Untreated,2,5,1.9,245.6,55.81
Untreated,2,5,1.9,245.8,54.39
Untreated,2,5,1.9,246.0,50.51
Untreated,2,5,1.9,246.2,44.53
Untreated,2,5,1.9,246.4,36.95
Untreated,2,5,1.9,246.6,28.42
Untreated,2,5,1.9,246.8,19.63
Untreated,2,5,1.9,247.0,11.3
Untreated,2,5,1.9,247.2,4.09
Untreated,2,5,1.9,247.4,-1.45
Untreated,2,5,1.9,247.6,-4.94
Untreated,2,5,1.9,247.8,-6.2
Untreated,2,5,1.9,248.0,-5.27
Untreated,2,5,1.9,248.2,-2.41
Untreated,2,5,1.9,248.4,1.92
Untreated,2,5,1.9,248.6,7.1
Untreated,2,5,1.9,248.8,12.43
Untreated,2,5,1.9,249.0,17.18
Untreated,2,5,1.9,249.2,20.68
Untreated,2,5,1.9,249.4,22.4
Untreated,2,5,1.9,249.6,21.97
Untreated,2,5,1.9,249.8,19.3
Untreated,2,5,1.9,250.0,14.51
Untreated,2,5,1.9,250.2,7.99
Untreated,2,5,1.9,250.4,0.33
Untreated,2,5,1.9,250.6,-7.71
Untreated,2,5,1.9,250.8,-15.32
Untreated,2,5,1.9,251.0,-21.71
Untreated,2,5,1.9,251.2,-26.19
Untreated,2,5,1.9,251.4,-28.26
Untreated,2,5,1.9,251.6,-27.69
Untreated,2,5,1.9,251.8,-24.51
Untreated,2,5,1.9,252.0,-19.05
Untreated,2,5,1.9,252.2,-11.92
Untreated,2,5,1.9,252.4,-3.9
Untreated,2,5,1.9,252.6,4.11
Untreated,2,5,1.9,252.8,11.21
Untreated,2,5,1.9,253.0,16.6
Untreated,2,5,1.9,253.2,19.67
Untreated,2,5,1.9,253.4,20.08
Untreated,2,5,1.9,253.6,17.85
Untreated,2,5,1.9,253.8,13.29
Untreated,2,5,1.9,254.0,7.03
Untreated,2,5,1.9,254.2,-0.06
Untreated,2,5,1.9,254.4,-6.97
Untreated,2,5,1.9,254.6,-12.68
Untreated,2,5,1.9,254.8,-16.28
Untreated,2,5,1.9,255.0,-17.07
Untreated,2,5,1.9,255.2,-14.67
Untreated,2,5,1.9,255.4,-9.08
Untreated,2,5,1.9,255.6,-0.68
Untreated,2,5,1.9,255.8,9.76
Untreated,2,5,1.9,256.0,21.21
Untreated,2,5,1.9,256.2,32.43
Untreated,2,5,1.9,256.4,42.16
Untreated,2,5,1.9,256.6,49.24
Untreated,2,5,1.9,256.8,52.71
Untreated,2,5,1.9,257.0,52.01
Untreated,2,5,1.9,257.2,46.98
Untreated,2,5,1.9,257.4,37.94
Untreated,2,5,1.9,257.6,25.62
Untreated,2,5,1.9,257.8,11.15
Untreated,2,5,1.9,258.0,-4.12
Untreated,2,5,1.9,258.2,-18.71
Untreated,2,5,1.9,258.4,-31.22
Untreated,2,5,1.9,258.6,-40.44
Untreated,2,5,1.9,258.8,-45.51
Untreated,2,5,1.9,259.0,-46.03
Untreated,2,5,1.9,259.2,-42.06
Untreated,2,5,1.9,259.4,-34.16
Untreated,2,5,1.9,259.6,-23.29
Untreated,2,5,1.9,259.8,-10.72
Untreated,2,5,1.9,260.0,2.11
AAV8-RK-PDE6B,3,5,1.9,0.0,-4.17
AAV8-RK-PDE6B,3,5,1.9,0.2,-3.88
AAV8-RK-PDE6B,3,5,1.9,0.4,-3.59
AAV8-RK-PDE6B,3,5,1.9,0.6,-3.26
AAV8-RK-PDE6B,3,5,1.9,0.8,-2.88
AAV8-RK-PDE6B,3,5,1.9,1.0,-2.45
AAV8-RK-PDE6B,3,5,1.9,1.2,-1.95
AAV8-RK-PDE6B,3,5,1.9,1.4,-1.42
AAV8-RK-PDE6B,3,5,1.9,1.6,-0.87
AAV8-RK-PDE6B,3,5,1.9,1.8,-0.33
AAV8-RK-PDE6B,3,5,1.9,2.0,0.59
AAV8-RK-PDE6B,3,5,1.9,2.2,2.12
AAV8-RK-PDE6B,3,5,1.9,2.4,-0.8
AAV8-RK-PDE6B,3,5,1.9,2.6,-1.76
AAV8-RK-PDE6B,3,5,1.9,2.8,-2.6
AAV8-RK-PDE6B,3,5,1.9,3.0,-3.28
AAV8-RK-PDE6B,3,5,1.9,3.2,-3.74
AAV8-RK-PDE6B,3,5,1.9,3.4,-3.99
AAV8-RK-PDE6B,3,5,1.9,3.6,-4.01
AAV8-RK-PDE6B,3,5,1.9,3.8,-3.83
AAV8-RK-PDE6B,3,5,1.9,4.0,-3.49
AAV8-RK-PDE6B,3,5,1.9,4.2,-3.03
AAV8-RK-PDE6B,3,5,1.9,4.4,-2.5
AAV8-RK-PDE6B,3,5,1.9,4.6,-1.96
AAV8-RK-PDE6B,3,5,1.9,4.8,-1.45
AAV8-RK-PDE6B,3,5,1.9,5.0,-1.0
AAV8-RK-PDE6B,3,5,1.9,5.2,-0.65
AAV8-RK-PDE6B,3,5,1.9,5.4,-0.41
AAV8-RK-PDE6B,3,5,1.9,5.6,-0.29
AAV8-RK-PDE6B,3,5,1.9,5.8,-0.27
AAV8-RK-PDE6B,3,5,1.9,6.0,-0.34
AAV8-RK-PDE6B,3,5,1.9,6.2,-0.5
AAV8-RK-PDE6B,3,5,1.9,6.4,-0.72
AAV8-RK-PDE6B,3,5,1.9,6.6,-0.98
AAV8-RK-PDE6B,3,5,1.9,6.8,-1.27
AAV8-RK-PDE6B,3,5,1.9,7.0,-1.57
AAV8-RK-PDE6B,3,5,1.9,7.2,-1.87
AAV8-RK-PDE6B,3,5,1.9,7.4,-2.15
AAV8-RK-PDE6B,3,5,1.9,7.6,-2.42
AAV8-RK-PDE6B,3,5,1.9,7.8,-2.64
AAV8-RK-PDE6B,3,5,1.9,8.0,-2.81
AAV8-RK-PDE6B,3,5,1.9,8.2,-2.91
AAV8-RK-PDE6B,3,5,1.9,8.4,-2.91
AAV8-RK-PDE6B,3,5,1.9,8.6,-2.8
AAV8-RK-PDE6B,3,5,1.9,8.8,-2.55
AAV8-RK-PDE6B,3,5,1.9,9.0,-2.16
AAV8-RK-PDE6B,3,5,1.9,9.2,-1.62
AAV8-RK-PDE6B,3,5,1.9,9.4,-0.94
AAV8-RK-PDE6B,3,5,1.9,9.6,-0.13
AAV8-RK-PDE6B,3,5,1.9,9.8,2.98
AAV8-RK-PDE6B,3,5,1.9,10.0,6.64
AAV8-RK-PDE6B,3,5,1.9,10.2,10.25
AAV8-RK-PDE6B,3,5,1.9,10.4,13.55
AAV8-RK-PDE6B,3,5,1.9,10.6,16.29
AAV8-RK-PDE6B,3,5,1.9,10.8,18.23
AAV8-RK-PDE6B,3,5,1.9,11.0,19.18
AAV8-RK-PDE6B,3,5,1.9,11.2,19.0
AAV8-RK-PDE6B,3,5,1.9,11.4,17.65
AAV8-RK-PDE6B,3,5,1.9,11.6,15.15
AAV8-RK-PDE6B,3,5,1.9,11.8,11.62
AAV8-RK-PDE6B,3,5,1.9,12.0,7.28
AAV8-RK-PDE6B,3,5,1.9,12.2,2.4
AAV8-RK-PDE6B,3,5,1.9,12.4,-0.69
AAV8-RK-PDE6B,3,5,1.9,12.6,-1.97
AAV8-RK-PDE6B,3,5,1.9,12.8,-3.14
AAV8-RK-PDE6B,3,5,1.9,13.0,-4.12
AAV8-RK-PDE6B,3,5,1.9,13.2,-4.85
AAV8-RK-PDE6B,3,5,1.9,13.4,-5.31
AAV8-RK-PDE6B,3,5,1.9,13.6,-5.48
AAV8-RK-PDE6B,3,5,1.9,13.8,-5.37
AAV8-RK-PDE6B,3,5,1.9,14.0,-5.01
AAV8-RK-PDE6B,3,5,1.9,14.2,-4.45
AAV8-RK-PDE6B,3,5,1.9,14.4,-3.75
AAV8-RK-PDE6B,3,5,1.9,14.6,-2.97
AAV8-RK-PDE6B,3,5,1.9,14.8,-2.17
AAV8-RK-PDE6B,3,5,1.9,15.0,-1.39
AAV8-RK-PDE6B,3,5,1.9,15.2,-0.68
AAV8-RK-PDE6B,3,5,1.9,15.4,-0.06
AAV8-RK-PDE6B,3,5,1.9,15.6,1.87
AAV8-RK-PDE6B,3,5,1.9,15.8,3.65
AAV8-RK-PDE6B,3,5,1.9,16.0,5.21
AAV8-RK-PDE6B,3,5,1.9,16.2,6.64
AAV8-RK-PDE6B,3,5,1.9,16.4,8.05
AAV8-RK-PDE6B,3,5,1.9,16.6,9.54
AAV8-RK-PDE6B,3,5,1.9,16.8,11.14
AAV8-RK-PDE6B,3,5,1.9,17.0,12.87
AAV8-RK-PDE6B,3,5,1.9,17.2,14.66
AAV8-RK-PDE6B,3,5,1.9,17.4,16.41
AAV8-RK-PDE6B,3,5,1.9,17.6,17.98
AAV8-RK-PDE6B,3,5,1.9,17.8,19.21
AAV8-RK-PDE6B,3,5,1.9,18.0,19.94
AAV8-RK-PDE6B,3,5,1.9,18.2,20.04
AAV8-RK-PDE6B,3,5,1.9,18.4,19.41
AAV8-RK-PDE6B,3,5,1.9,18.6,18.02
AAV8-RK-PDE6B,3,5,1.9,18.8,15.92
AAV8-RK-PDE6B,3,5,1.9,19.0,13.22
AAV8-RK-PDE6B,3,5,1.9,19.2,10.09
AAV8-RK-PDE6B,3,5,1.9,19.4,6.78
AAV8-RK-PDE6B,3,5,1.9,19.6,3.52
AAV8-RK-PDE6B,3,5,1.9,19.8,0.58
AAV8-RK-PDE6B,3,5,1.9,20.0,-0.47
AAV8-RK-PDE6B,3,5,1.9,20.2,-0.9
AAV8-RK-PDE6B,3,5,1.9,20.4,-1.13
AAV8-RK-PDE6B,3,5,1.9,20.6,-1.14
AAV8-RK-PDE6B,3,5,1.9,20.8,-0.96
AAV8-RK-PDE6B,3,5,1.9,21.0,-0.63
AAV8-RK-PDE6B,3,5,1.9,21.2,-0.2
AAV8-RK-PDE6B,3,5,1.9,21.4,1.02
AAV8-RK-PDE6B,3,5,1.9,21.6,2.66
AAV8-RK-PDE6B,3,5,1.9,21.8,3.88
AAV8-RK-PDE6B,3,5,1.9,22.0,4.47
AAV8-RK-PDE6B,3,5,1.9,22.2,4.3
AAV8-RK-PDE6B,3,5,1.9,22.4,3.3
AAV8-RK-PDE6B,3,5,1.9,22.6,1.53
AAV8-RK-PDE6B,3,5,1.9,22.8,-0.23
AAV8-RK-PDE6B,3,5,1.9,23.0,-0.97
AAV8-RK-PDE6B,3,5,1.9,23.2,-1.76
AAV8-RK-PDE6B,3,5,1.9,23.4,-2.52
AAV8-RK-PDE6B,3,5,1.9,23.6,-3.18
AAV8-RK-PDE6B,3,5,1.9,23.8,-3.68
AAV8-RK-PDE6B,3,5,1.9,24.0,-3.97
AAV8-RK-PDE6B,3,5,1.9,24.2,-4.02
AAV8-RK-PDE6B,3,5,1.9,24.4,-3.83
AAV8-RK-PDE6B,3,5,1.9,24.6,-3.41
AAV8-RK-PDE6B,3,5,1.9,24.8,-2.81
AAV8-RK-PDE6B,3,5,1.9,25.0,-2.08
AAV8-RK-PDE6B,3,5,1.9,25.2,-1.31
AAV8-RK-PDE6B,3,5,1.9,25.4,-0.56
AAV8-RK-PDE6B,3,5,1.9,25.6,0.37
AAV8-RK-PDE6B,3,5,1.9,25.8,2.28
AAV8-RK-PDE6B,3,5,1.9,26.0,3.38
AAV8-RK-PDE6B,3,5,1.9,26.2,3.57
AAV8-RK-PDE6B,3,5,1.9,26.4,2.85
AAV8-RK-PDE6B,3,5,1.9,26.6,1.3
AAV8-RK-PDE6B,3,5,1.9,26.8,-0.23
AAV8-RK-PDE6B,3,5,1.9,27.0,-0.91
AAV8-RK-PDE6B,3,5,1.9,27.2,-1.63
AAV8-RK-PDE6B,3,5,1.9,27.4,-2.3
AAV8-RK-PDE6B,3,5,1.9,27.6,-2.87
AAV8-RK-PDE6B,3,5,1.9,27.8,-3.25
AAV8-RK-PDE6B,3,5,1.9,28.0,-3.41
AAV8-RK-PDE6B,3,5,1.9,28.2,-3.3
AAV8-RK-PDE6B,3,5,1.9,28.4,-2.92
AAV8-RK-PDE6B,3,5,1.9,28.6,-2.27
AAV8-RK-PDE6B,3,5,1.9,28.8,-1.38
AAV8-RK-PDE6B,3,5,1.9,29.0,-0.31
AAV8-RK-PDE6B,3,5,1.9,29.2,3.45
AAV8-RK-PDE6B,3,5,1.9,29.4,8.32
AAV8-RK-PDE6B,3,5,1.9,29.6,13.12
AAV8-RK-PDE6B,3,5,1.9,29.8,17.55
AAV8-RK-PDE6B,3,5,1.9,30.0,21.37
AAV8-RK-PDE6B,3,5,1.9,30.2,24.35
AAV8-RK-PDE6B,3,5,1.9,30.4,26.33
AAV8-RK-PDE6B,3,5,1.9,30.6,27.23
AAV8-RK-PDE6B,3,5,1.9,30.8,27.0
AAV8-RK-PDE6B,3,5,1.9,31.0,25.69
AAV8-RK-PDE6B,3,5,1.9,31.2,23.4
AAV8-RK-PDE6B,3,5,1.9,31.4,20.28
AAV8-RK-PDE6B,3,5,1.9,31.6,16.51
AAV8-RK-PDE6B,3,5,1.9,31.8,12.32
AAV8-RK-PDE6B,3,5,1.9,32.0,7.95
AAV8-RK-PDE6B,3,5,1.9,32.2,3.63
AAV8-RK-PDE6B,3,5,1.9,32.4,-0.11
AAV8-RK-PDE6B,3,5,1.9,32.6,-1.02
AAV8-RK-PDE6B,3,5,1.9,32.8,-1.77
AAV8-RK-PDE6B,3,5,1.9,33.0,-2.31
AAV8-RK-PDE6B,3,5,1.9,33.2,-2.64
AAV8-RK-PDE6B,3,5,1.9,33.4,-2.74
AAV8-RK-PDE6B,3,5,1.9,33.6,-2.62
AAV8-RK-PDE6B,3,5,1.9,33.8,-2.3
AAV8-RK-PDE6B,3,5,1.9,34.0,-1.79
AAV8-RK-PDE6B,3,5,1.9,34.2,-1.15
AAV8-RK-PDE6B,3,5,1.9,34.4,-0.4
AAV8-RK-PDE6B,3,5,1.9,34.6,1.58
AAV8-RK-PDE6B,3,5,1.9,34.8,4.75
AAV8-RK-PDE6B,3,5,1.9,35.0,7.78
AAV8-RK-PDE6B,3,5,1.9,35.2,10.52
AAV8-RK-PDE6B,3,5,1.9,35.4,12.84
AAV8-RK-PDE6B,3,5,1.9,35.6,14.64
AAV8-RK-PDE6B,3,5,1.9,35.8,15.85
AAV8-RK-PDE6B,3,5,1.9,36.0,16.45
AAV8-RK-PDE6B,3,5,1.9,36.2,16.46
AAV8-RK-PDE6B,3,5,1.9,36.4,15.91
AAV8-RK-PDE6B,3,5,1.9,36.6,14.87
AAV8-RK-PDE6B,3,5,1.9,36.8,13.44
AAV8-RK-PDE6B,3,5,1.9,37.0,11.72
AAV8-RK-PDE6B,3,5,1.9,37.2,9.82
AAV8-RK-PDE6B,3,5,1.9,37.4,7.85
AAV8-RK-PDE6B,3,5,1.9,37.6,5.92
AAV8-RK-PDE6B,3,5,1.9,37.8,4.12
AAV8-RK-PDE6B,3,5,1.9,38.0,2.53
AAV8-RK-PDE6B,3,5,1.9,38.2,1.2
AAV8-RK-PDE6B,3,5,1.9,38.4,0.17
AAV8-RK-PDE6B,3,5,1.9,38.6,-0.14
AAV8-RK-PDE6B,3,5,1.9,38.8,-0.23
AAV8-RK-PDE6B,3,5,1.9,39.0,-0.25
AAV8-RK-PDE6B,3,5,1.9,39.2,-0.19
AAV8-RK-PDE6B,3,5,1.9,39.4,-0.06
AAV8-RK-PDE6B,3,5,1.9,39.6,0.5
AAV8-RK-PDE6B,3,5,1.9,39.8,1.42
AAV8-RK-PDE6B,3,5,1.9,40.0,2.51
AAV8-RK-PDE6B,3,5,1.9,40.2,3.72
AAV8-RK-PDE6B,3,5,1.9,40.4,5.04
AAV8-RK-PDE6B,3,5,1.9,40.6,6.43
AAV8-RK-PDE6B,3,5,1.9,40.8,7.88
AAV8-RK-PDE6B,3,5,1.9,41.0,9.39
AAV8-RK-PDE6B,3,5,1.9,41.2,10.95
AAV8-RK-PDE6B,3,5,1.9,41.4,12.56
AAV8-RK-PDE6B,3,5,1.9,41.6,14.22
AAV8-RK-PDE6B,3,5,1.9,41.8,15.94
AAV8-RK-PDE6B,3,5,1.9,42.0,17.69
AAV8-RK-PDE6B,3,5,1.9,42.2,19.47
AAV8-RK-PDE6B,3,5,1.9,42.4,23.01
AAV8-RK-PDE6B,3,5,1.9,42.6,22.22
AAV8-RK-PDE6B,3,5,1.9,42.8,20.38
AAV8-RK-PDE6B,3,5,1.9,43.0,17.73
AAV8-RK-PDE6B,3,5,1.9,43.2,14.57
AAV8-RK-PDE6B,3,5,1.9,43.4,11.25
AAV8-RK-PDE6B,3,5,1.9,43.6,8.12
AAV8-RK-PDE6B,3,5,1.9,43.8,5.46
AAV8-RK-PDE6B,3,5,1.9,44.0,3.48
AAV8-RK-PDE6B,3,5,1.9,44.2,2.29
AAV8-RK-PDE6B,3,5,1.9,44.4,1.9
AAV8-RK-PDE6B,3,5,1.9,44.6,2.18
AAV8-RK-PDE6B,3,5,1.9,44.8,2.98
AAV8-RK-PDE6B,3,5,1.9,45.0,4.05
AAV8-RK-PDE6B,3,5,1.9,45.2,5.14
AAV8-RK-PDE6B,3,5,1.9,45.4,6.04
AAV8-RK-PDE6B,3,5,1.9,45.6,6.59
AAV8-RK-PDE6B,3,5,1.9,45.8,6.68
AAV8-RK-PDE6B,3,5,1.9,46.0,6.33
AAV8-RK-PDE6B,3,5,1.9,46.2,5.61
AAV8-RK-PDE6B,3,5,1.9,46.4,4.7
AAV8-RK-PDE6B,3,5,1.9,46.6,3.82
AAV8-RK-PDE6B,3,5,1.9,46.8,3.2
AAV8-RK-PDE6B,3,5,1.9,47.0,3.08
AAV8-RK-PDE6B,3,5,1.9,47.2,3.67
AAV8-RK-PDE6B,3,5,1.9,47.4,5.08
AAV8-RK-PDE6B,3,5,1.9,47.6,7.39
AAV8-RK-PDE6B,3,5,1.9,47.8,10.55
AAV8-RK-PDE6B,3,5,1.9,48.0,14.44
AAV8-RK-PDE6B,3,5,1.9,48.2,18.88
AAV8-RK-PDE6B,3,5,1.9,48.4,23.61
AAV8-RK-PDE6B,3,5,1.9,48.6,28.38
AAV8-RK-PDE6B,3,5,1.9,48.8,32.9
AAV8-RK-PDE6B,3,5,1.9,49.0,36.91
AAV8-RK-PDE6B,3,5,1.9,49.2,40.2
AAV8-RK-PDE6B,3,5,1.9,49.4,42.61
AAV8-RK-PDE6B,3,5,1.9,49.6,44.04
AAV8-RK-PDE6B,3,5,1.9,49.8,44.43
AAV8-RK-PDE6B,3,5,1.9,50.0,43.81
AAV8-RK-PDE6B,3,5,1.9,50.2,42.21
AAV8-RK-PDE6B,3,5,1.9,50.4,39.74
AAV8-RK-PDE6B,3,5,1.9,50.6,36.49
AAV8-RK-PDE6B,3,5,1.9,50.8,32.6
AAV8-RK-PDE6B,3,5,1.9,51.0,28.18
AAV8-RK-PDE6B,3,5,1.9,51.2,23.39
AAV8-RK-PDE6B,3,5,1.9,51.4,18.35
AAV8-RK-PDE6B,3,5,1.9,51.6,13.23
AAV8-RK-PDE6B,3,5,1.9,51.8,8.17
AAV8-RK-PDE6B,3,5,1.9,52.0,3.36
AAV8-RK-PDE6B,3,5,1.9,52.2,-0.27
AAV8-RK-PDE6B,3,5,1.9,52.4,-1.26
AAV8-RK-PDE6B,3,5,1.9,52.6,-2.05
AAV8-RK-PDE6B,3,5,1.9,52.8,-2.63
AAV8-RK-PDE6B,3,5,1.9,53.0,-2.95
AAV8-RK-PDE6B,3,5,1.9,53.2,-3.03
AAV8-RK-PDE6B,3,5,1.9,53.4,-2.85
AAV8-RK-PDE6B,3,5,1.9,53.6,-2.46
AAV8-RK-PDE6B,3,5,1.9,53.8,-1.88
AAV8-RK-PDE6B,3,5,1.9,54.0,-1.19
AAV8-RK-PDE6B,3,5,1.9,54.2,-0.45
AAV8-RK-PDE6B,3,5,1.9,54.4,1.03
AAV8-RK-PDE6B,3,5,1.9,54.6,3.4
AAV8-RK-PDE6B,3,5,1.9,54.8,5.11
AAV8-RK-PDE6B,3,5,1.9,55.0,5.96
AAV8-RK-PDE6B,3,5,1.9,55.2,5.84
AAV8-RK-PDE6B,3,5,1.9,55.4,4.73
AAV8-RK-PDE6B,3,5,1.9,55.6,2.72
AAV8-RK-PDE6B,3,5,1.9,55.8,-0.01
AAV8-RK-PDE6B,3,5,1.9,56.0,-0.83
AAV8-RK-PDE6B,3,5,1.9,56.2,-1.71
AAV8-RK-PDE6B,3,5,1.9,56.4,-2.55
AAV8-RK-PDE6B,3,5,1.9,56.6,-3.3
AAV8-RK-PDE6B,3,5,1.9,56.8,-3.89
AAV8-RK-PDE6B,3,5,1.9,57.0,-4.29
AAV8-RK-PDE6B,3,5,1.9,57.2,-4.49
AAV8-RK-PDE6B,3,5,1.9,57.4,-4.5
AAV8-RK-PDE6B,3,5,1.9,57.6,-4.38
AAV8-RK-PDE6B,3,5,1.9,57.8,-4.17
AAV8-RK-PDE6B,3,5,1.9,58.0,-3.96
AAV8-RK-PDE6B,3,5,1.9,58.2,-3.81
AAV8-RK-PDE6B,3,5,1.9,58.4,-3.8
AAV8-RK-PDE6B,3,5,1.9,58.6,-3.98
AAV8-RK-PDE6B,3,5,1.9,58.8,-4.37
AAV8-RK-PDE6B,3,5,1.9,59.0,-4.97
AAV8-RK-PDE6B,3,5,1.9,59.2,-5.75
AAV8-RK-PDE6B,3,5,1.9,59.4,-6.67
AAV8-RK-PDE6B,3,5,1.9,59.6,-7.64
AAV8-RK-PDE6B,3,5,1.9,59.8,-8.58
AAV8-RK-PDE6B,3,5,1.9,60.0,-9.4
AAV8-RK-PDE6B,3,5,1.9,60.2,-10.02
AAV8-RK-PDE6B,3,5,1.9,60.4,-10.39
AAV8-RK-PDE6B,3,5,1.9,60.6,-10.47
AAV8-RK-PDE6B,3,5,1.9,60.8,-10.25
AAV8-RK-PDE6B,3,5,1.9,61.0,-9.77
AAV8-RK-PDE6B,3,5,1.9,61.2,-9.09
AAV8-RK-PDE6B,3,5,1.9,61.4,-8.28
AAV8-RK-PDE6B,3,5,1.9,61.6,-7.44
AAV8-RK-PDE6B,3,5,1.9,61.8,-6.67
AAV8-RK-PDE6B,3,5,1.9,62.0,-6.07
AAV8-RK-PDE6B,3,5,1.9,62.2,-5.71
AAV8-RK-PDE6B,3,5,1.9,62.4,-5.65
AAV8-RK-PDE6B,3,5,1.9,62.6,-5.92
AAV8-RK-PDE6B,3,5,1.9,62.8,-6.5
AAV8-RK-PDE6B,3,5,1.9,63.0,-7.37
AAV8-RK-PDE6B,3,5,1.9,63.2,-8.45
AAV8-RK-PDE6B,3,5,1.9,63.4,-9.67
AAV8-RK-PDE6B,3,5,1.9,63.6,-10.93
AAV8-RK-PDE6B,3,5,1.9,63.8,-12.16
AAV8-RK-PDE6B,3,5,1.9,64.0,-13.27
AAV8-RK-PDE6B,3,5,1.9,64.2,-14.2
AAV8-RK-PDE6B,3,5,1.9,64.4,-14.9
AAV8-RK-PDE6B,3,5,1.9,64.6,-15.37
AAV8-RK-PDE6B,3,5,1.9,64.8,-15.62
AAV8-RK-PDE6B,3,5,1.9,65.0,-15.67
AAV8-RK-PDE6B,3,5,1.9,65.2,-15.59
AAV8-RK-PDE6B,3,5,1.9,65.4,-15.43
AAV8-RK-PDE6B,3,5,1.9,65.6,-15.26
AAV8-RK-PDE6B,3,5,1.9,65.8,-15.14
AAV8-RK-PDE6B,3,5,1.9,66.0,-15.11
AAV8-RK-PDE6B,3,5,1.9,66.2,-15.21
AAV8-RK-PDE6B,3,5,1.9,66.4,-15.45
AAV8-RK-PDE6B,3,5,1.9,66.6,-15.82
AAV8-RK-PDE6B,3,5,1.9,66.8,-16.3
AAV8-RK-PDE6B,3,5,1.9,67.0,-16.83
AAV8-RK-PDE6B,3,5,1.9,67.2,-17.36
AAV8-RK-PDE6B,3,5,1.9,67.4,-17.84
AAV8-RK-PDE6B,3,5,1.9,67.6,-18.2
AAV8-RK-PDE6B,3,5,1.9,67.8,-18.38
AAV8-RK-PDE6B,3,5,1.9,68.0,-18.36
AAV8-RK-PDE6B,3,5,1.9,68.2,-18.11
AAV8-RK-PDE6B,3,5,1.9,68.4,-17.61
AAV8-RK-PDE6B,3,5,1.9,68.6,-16.88
AAV8-RK-PDE6B,3,5,1.9,68.8,-15.95
AAV8-RK-PDE6B,3,5,1.9,69.0,-14.87
AAV8-RK-PDE6B,3,5,1.9,69.2,-13.71
AAV8-RK-PDE6B,3,5,1.9,69.4,-12.52
AAV8-RK-PDE6B,3,5,1.9,69.6,-11.38
AAV8-RK-PDE6B,3,5,1.9,69.8,-10.37
AAV8-RK-PDE6B,3,5,1.9,70.0,-9.53
AAV8-RK-PDE6B,3,5,1.9,70.2,-8.92
AAV8-RK-PDE6B,3,5,1.9,70.4,-8.58
AAV8-RK-PDE6B,3,5,1.9,70.6,-8.51
AAV8-RK-PDE6B,3,5,1.9,70.8,-8.71
AAV8-RK-PDE6B,3,5,1.9,71.0,-9.14
AAV8-RK-PDE6B,3,5,1.9,71.2,-9.76
AAV8-RK-PDE6B,3,5,1.9,71.4,-10.5
AAV8-RK-PDE6B,3,5,1.9,71.6,-11.28
AAV8-RK-PDE6B,3,5,1.9,71.8,-12.03
AAV8-RK-PDE6B,3,5,1.9,72.0,-12.65
AAV8-RK-PDE6B,3,5,1.9,72.2,-13.09
AAV8-RK-PDE6B,3,5,1.9,72.4,-13.27
AAV8-RK-PDE6B,3,5,1.9,72.6,-13.16
AAV8-RK-PDE6B,3,5,1.9,72.8,-12.75
AAV8-RK-PDE6B,3,5,1.9,73.0,-12.04
AAV8-RK-PDE6B,3,5,1.9,73.2,-11.08
AAV8-RK-PDE6B,3,5,1.9,73.4,-9.93
AAV8-RK-PDE6B,3,5,1.9,73.6,-8.67
AAV8-RK-PDE6B,3,5,1.9,73.8,-7.38
AAV8-RK-PDE6B,3,5,1.9,74.0,-6.16
AAV8-RK-PDE6B,3,5,1.9,74.2,-5.08
AAV8-RK-PDE6B,3,5,1.9,74.4,-4.22
AAV8-RK-PDE6B,3,5,1.9,74.6,-3.62
AAV8-RK-PDE6B,3,5,1.9,74.8,-3.28
AAV8-RK-PDE6B,3,5,1.9,75.0,-3.19
AAV8-RK-PDE6B,3,5,1.9,75.2,-3.3
AAV8-RK-PDE6B,3,5,1.9,75.4,-3.55
AAV8-RK-PDE6B,3,5,1.9,75.6,-3.84
AAV8-RK-PDE6B,3,5,1.9,75.8,-4.07
AAV8-RK-PDE6B,3,5,1.9,76.0,-4.16
AAV8-RK-PDE6B,3,5,1.9,76.2,-4.03
AAV8-RK-PDE6B,3,5,1.9,76.4,-3.63
AAV8-RK-PDE6B,3,5,1.9,76.6,-2.94
AAV8-RK-PDE6B,3,5,1.9,76.8,-1.98
AAV8-RK-PDE6B,3,5,1.9,77.0,-0.8
AAV8-RK-PDE6B,3,5,1.9,77.2,2.01
AAV8-RK-PDE6B,3,5,1.9,77.4,7.22
AAV8-RK-PDE6B,3,5,1.9,77.6,12.05
AAV8-RK-PDE6B,3,5,1.9,77.8,16.03
AAV8-RK-PDE6B,3,5,1.9,78.0,18.76
AAV8-RK-PDE6B,3,5,1.9,78.2,19.93
AAV8-RK-PDE6B,3,5,1.9,78.4,19.37
AAV8-RK-PDE6B,3,5,1.9,78.6,17.09
AAV8-RK-PDE6B,3,5,1.9,78.8,13.26
AAV8-RK-PDE6B,3,5,1.9,79.0,8.22
AAV8-RK-PDE6B,3,5,1.9,79.2,2.42
AAV8-RK-PDE6B,3,5,1.9,79.4,-0.92
AAV8-RK-PDE6B,3,5,1.9,79.6,-2.37
AAV8-RK-PDE6B,3,5,1.9,79.8,-3.58
AAV8-RK-PDE6B,3,5,1.9,80.0,-4.45
AAV8-RK-PDE6B,3,5,1.9,80.2,-4.88
AAV8-RK-PDE6B,3,5,1.9,80.4,-4.84
AAV8-RK-PDE6B,3,5,1.9,80.6,-4.32
AAV8-RK-PDE6B,3,5,1.9,80.8,-3.39
AAV8-RK-PDE6B,3,5,1.9,81.0,-2.12
AAV8-RK-PDE6B,3,5,1.9,81.2,-0.64
AAV8-RK-PDE6B,3,5,1.9,81.4,3.59
AAV8-RK-PDE6B,3,5,1.9,81.6,9.48
AAV8-RK-PDE6B,3,5,1.9,81.8,14.7
AAV8-RK-PDE6B,3,5,1.9,82.0,18.89
AAV8-RK-PDE6B,3,5,1.9,82.2,21.79
AAV8-RK-PDE6B,3,5,1.9,82.4,29.29
AAV8-RK-PDE6B,3,5,1.9,82.6,23.67
AAV8-RK-PDE6B,3,5,1.9,82.8,17.87
AAV8-RK-PDE6B,3,5,1.9,83.0,12.68
AAV8-RK-PDE6B,3,5,1.9,83.2,8.79
AAV8-RK-PDE6B,3,5,1.9,83.4,6.77
AAV8-RK-PDE6B,3,5,1.9,83.6,6.92
AAV8-RK-PDE6B,3,5,1.9,83.8,9.29
AAV8-RK-PDE6B,3,5,1.9,84.0,13.65
AAV8-RK-PDE6B,3,5,1.9,84.2,19.55
AAV8-RK-PDE6B,3,5,1.9,84.4,26.37
AAV8-RK-PDE6B,3,5,1.9,84.6,33.39
AAV8-RK-PDE6B,3,5,1.9,84.8,39.92
AAV8-RK-PDE6B,3,5,1.9,85.0,45.33
AAV8-RK-PDE6B,3,5,1.9,85.2,49.18
AAV8-RK-PDE6B,3,5,1.9,85.4,51.24
AAV8-RK-PDE6B,3,5,1.9,85.6,51.52
AAV8-RK-PDE6B,3,5,1.9,85.8,50.24
AAV8-RK-PDE6B,3,5,1.9,86.0,47.81
AAV8-RK-PDE6B,3,5,1.9,86.2,44.74
AAV8-RK-PDE6B,3,5,1.9,86.4,41.6
AAV8-RK-PDE6B,3,5,1.9,86.6,38.9
AAV8-RK-PDE6B,3,5,1.9,86.8,37.04
AAV8-RK-PDE6B,3,5,1.9,87.0,36.27
AAV8-RK-PDE6B,3,5,1.9,87.2,36.64
AAV8-RK-PDE6B,3,5,1.9,87.4,38.02
AAV8-RK-PDE6B,3,5,1.9,87.6,40.13
AAV8-RK-PDE6B,3,5,1.9,87.8,42.61
AAV8-RK-PDE6B,3,5,1.9,88.0,45.03
AAV8-RK-PDE6B,3,5,1.9,88.2,47.05
AAV8-RK-PDE6B,3,5,1.9,88.4,48.38
AAV8-RK-PDE6B,3,5,1.9,88.6,48.92
AAV8-RK-PDE6B,3,5,1.9,88.8,48.74
AAV8-RK-PDE6B,3,5,1.9,89.0,48.06
AAV8-RK-PDE6B,3,5,1.9,89.2,47.26
AAV8-RK-PDE6B,3,5,1.9,89.4,46.8
AAV8-RK-PDE6B,3,5,1.9,89.6,47.14
AAV8-RK-PDE6B,3,5,1.9,89.8,48.69
AAV8-RK-PDE6B,3,5,1.9,90.0,51.73
AAV8-RK-PDE6B,3,5,1.9,90.2,56.36
AAV8-RK-PDE6B,3,5,1.9,90.4,62.46
AAV8-RK-PDE6B,3,5,1.9,90.6,69.68
AAV8-RK-PDE6B,3,5,1.9,90.8,77.51
AAV8-RK-PDE6B,3,5,1.9,91.0,85.27
AAV8-RK-PDE6B,3,5,1.9,91.2,92.25
AAV8-RK-PDE6B,3,5,1.9,91.4,97.75
AAV8-RK-PDE6B,3,5,1.9,91.6,101.18
AAV8-RK-PDE6B,3,5,1.9,91.8,102.14
AAV8-RK-PDE6B,3,5,1.9,92.0,100.45
AAV8-RK-PDE6B,3,5,1.9,92.2,96.22
AAV8-RK-PDE6B,3,5,1.9,92.4,89.79
AAV8-RK-PDE6B,3,5,1.9,92.6,81.71
AAV8-RK-PDE6B,3,5,1.9,92.8,72.71
AAV8-RK-PDE6B,3,5,1.9,93.0,63.56
AAV8-RK-PDE6B,3,5,1.9,93.2,55.03
AAV8-RK-PDE6B,3,5,1.9,93.4,47.79
AAV8-RK-PDE6B,3,5,1.9,93.6,42.33
AAV8-RK-PDE6B,3,5,1.9,93.8,38.92
AAV8-RK-PDE6B,3,5,1.9,94.0,37.6
AAV8-RK-PDE6B,3,5,1.9,94.2,38.17
AAV8-RK-PDE6B,3,5,1.9,94.4,40.25
AAV8-RK-PDE6B,3,5,1.9,94.6,43.32
AAV8-RK-PDE6B,3,5,1.9,94.8,46.81
AAV8-RK-PDE6B,3,5,1.9,95.0,50.16
AAV8-RK-PDE6B,3,5,1.9,95.2,52.91
AAV8-RK-PDE6B,3,5,1.9,95.4,54.73
AAV8-RK-PDE6B,3,5,1.9,95.6,55.46
AAV8-RK-PDE6B,3,5,1.9,95.8,55.13
AAV8-RK-PDE6B,3,5,1.9,96.0,53.91
AAV8-RK-PDE6B,3,5,1.9,96.2,52.12
AAV8-RK-PDE6B,3,5,1.9,96.4,50.12
AAV8-RK-PDE6B,3,5,1.9,96.6,48.27
AAV8-RK-PDE6B,3,5,1.9,96.8,46.91
AAV8-RK-PDE6B,3,5,1.9,97.0,46.23
AAV8-RK-PDE6B,3,5,1.9,97.2,46.35
AAV8-RK-PDE6B,3,5,1.9,97.4,47.2
AAV8-RK-PDE6B,3,5,1.9,97.6,48.63
AAV8-RK-PDE6B,3,5,1.9,97.8,50.38
AAV8-RK-PDE6B,3,5,1.9,98.0,52.14
AAV8-RK-PDE6B,3,5,1.9,98.2,53.63
AAV8-RK-PDE6B,3,5,1.9,98.4,54.63
AAV8-RK-PDE6B,3,5,1.9,98.6,55.0
AAV8-RK-PDE6B,3,5,1.9,98.8,54.74
AAV8-RK-PDE6B,3,5,1.9,99.0,54.0
AAV8-RK-PDE6B,3,5,1.9,99.2,52.99
AAV8-RK-PDE6B,3,5,1.9,99.4,52.05
AAV8-RK-PDE6B,3,5,1.9,99.6,51.52
AAV8-RK-PDE6B,3,5,1.9,99.8,51.72
AAV8-RK-PDE6B,3,5,1.9,100.0,52.87
AAV8-RK-PDE6B,3,5,1.9,100.2,55.1
AAV8-RK-PDE6B,3,5,1.9,100.4,58.36
AAV8-RK-PDE6B,3,5,1.9,100.6,62.46
AAV8-RK-PDE6B,3,5,1.9,100.8,67.05
AAV8-RK-PDE6B,3,5,1.9,101.0,71.69
AAV8-RK-PDE6B,3,5,1.9,101.2,75.89
AAV8-RK-PDE6B,3,5,1.9,101.4,79.15
AAV8-RK-PDE6B,3,5,1.9,101.6,81.08
AAV8-RK-PDE6B,3,5,1.9,101.8,81.38
AAV8-RK-PDE6B,3,5,1.9,102.0,79.94
AAV8-RK-PDE6B,3,5,1.9,102.2,76.85
AAV8-RK-PDE6B,3,5,1.9,102.4,72.34
AAV8-RK-PDE6B,3,5,1.9,102.6,66.83
AAV8-RK-PDE6B,3,5,1.9,102.8,60.83
AAV8-RK-PDE6B,3,5,1.9,103.0,54.89
AAV8-RK-PDE6B,3,5,1.9,103.2,49.53
AAV8-RK-PDE6B,3,5,1.9,103.4,45.2
AAV8-RK-PDE6B,3,5,1.9,103.6,42.19
AAV8-RK-PDE6B,3,5,1.9,103.8,40.62
AAV8-RK-PDE6B,3,5,1.9,104.0,40.45
AAV8-RK-PDE6B,3,5,1.9,104.2,41.44
AAV8-RK-PDE6B,3,5,1.9,104.4,43.25
AAV8-RK-PDE6B,3,5,1.9,104.6,45.43
AAV8-RK-PDE6B,3,5,1.9,104.8,47.53
AAV8-RK-PDE6B,3,5,1.9,105.0,49.14
AAV8-RK-PDE6B,3,5,1.9,105.2,49.96
AAV8-RK-PDE6B,3,5,1.9,105.4,49.8
AAV8-RK-PDE6B,3,5,1.9,105.6,48.67
AAV8-RK-PDE6B,3,5,1.9,105.8,46.69
AAV8-RK-PDE6B,3,5,1.9,106.0,44.16
AAV8-RK-PDE6B,3,5,1.9,106.2,41.41
AAV8-RK-PDE6B,3,5,1.9,106.4,38.86
AAV8-RK-PDE6B,3,5,1.9,106.6,36.87
AAV8-RK-PDE6B,3,5,1.9,106.8,35.71
AAV8-RK-PDE6B,3,5,1.9,107.0,35.56
AAV8-RK-PDE6B,3,5,1.9,107.2,36.43
AAV8-RK-PDE6B,3,5,1.9,107.4,38.18
AAV8-RK-PDE6B,3,5,1.9,107.6,40.55
AAV8-RK-PDE6B,3,5,1.9,107.8,43.17
AAV8-RK-PDE6B,3,5,1.9,108.0,45.65
AAV8-RK-PDE6B,3,5,1.9,108.2,47.6
AAV8-RK-PDE6B,3,5,1.9,108.4,48.71
AAV8-RK-PDE6B,3,5,1.9,108.6,48.79
AAV8-RK-PDE6B,3,5,1.9,108.8,47.8
AAV8-RK-PDE6B,3,5,1.9,109.0,45.86
AAV8-RK-PDE6B,3,5,1.9,109.2,43.25
AAV8-RK-PDE6B,3,5,1.9,109.4,40.35
AAV8-RK-PDE6B,3,5,1.9,109.6,37.63
AAV8-RK-PDE6B,3,5,1.9,109.8,35.53
AAV8-RK-PDE6B,3,5,1.9,110.0,34.49
AAV8-RK-PDE6B,3,5,1.9,110.2,34.79
AAV8-RK-PDE6B,3,5,1.9,110.4,36.61
AAV8-RK-PDE6B,3,5,1.9,110.6,39.93
AAV8-RK-PDE6B,3,5,1.9,110.8,44.56
AAV8-RK-PDE6B,3,5,1.9,111.0,50.18
AAV8-RK-PDE6B,3,5,1.9,111.2,56.34
AAV8-RK-PDE6B,3,5,1.9,111.4,62.55
AAV8-RK-PDE6B,3,5,1.9,111.6,68.3
AAV8-RK-PDE6B,3,5,1.9,111.8,73.16
AAV8-RK-PDE6B,3,5,1.9,112.0,76.78
AAV8-RK-PDE6B,3,5,1.9,112.2,79.0
AAV8-RK-PDE6B,3,5,1.9,112.4,79.76
AAV8-RK-PDE6B,3,5,1.9,112.6,79.18
AAV8-RK-PDE6B,3,5,1.9,112.8,77.51
AAV8-RK-PDE6B,3,5,1.9,113.0,75.08
AAV8-RK-PDE6B,3,5,1.9,113.2,72.24
AAV8-RK-PDE6B,3,5,1.9,113.4,69.36
AAV8-RK-PDE6B,3,5,1.9,113.6,66.73
AAV8-RK-PDE6B,3,5,1.9,113.8,64.56
AAV8-RK-PDE6B,3,5,1.9,114.0,62.94
AAV8-RK-PDE6B,3,5,1.9,114.2,61.85
AAV8-RK-PDE6B,3,5,1.9,114.4,61.17
AAV8-RK-PDE6B,3,5,1.9,114.6,60.73
AAV8-RK-PDE6B,3,5,1.9,114.8,60.31
AAV8-RK-PDE6B,3,5,1.9,115.0,59.7
AAV8-RK-PDE6B,3,5,1.9,115.2,58.76
AAV8-RK-PDE6B,3,5,1.9,115.4,57.4
AAV8-RK-PDE6B,3,5,1.9,115.6,55.64
AAV8-RK-PDE6B,3,5,1.9,115.8,53.57
AAV8-RK-PDE6B,3,5,1.9,116.0,51.39
AAV8-RK-PDE6B,3,5,1.9,116.2,49.31
AAV8-RK-PDE6B,3,5,1.9,116.4,47.56
AAV8-RK-PDE6B,3,5,1.9,116.6,46.34
AAV8-RK-PDE6B,3,5,1.9,116.8,45.8
AAV8-RK-PDE6B,3,5,1.9,117.0,45.96
AAV8-RK-PDE6B,3,5,1.9,117.2,46.77
AAV8-RK-PDE6B,3,5,1.9,117.4,48.07
AAV8-RK-PDE6B,3,5,1.9,117.6,49.59
AAV8-RK-PDE6B,3,5,1.9,117.8,51.07
AAV8-RK-PDE6B,3,5,1.9,118.0,52.18
AAV8-RK-PDE6B,3,5,1.9,118.2,52.7
AAV8-RK-PDE6B,3,5,1.9,118.4,52.43
AAV8-RK-PDE6B,3,5,1.9,118.6,51.35
AAV8-RK-PDE6B,3,5,1.9,118.8,49.51
AAV8-RK-PDE6B,3,5,1.9,119.0,47.15
AAV8-RK-PDE6B,3,5,1.9,119.2,44.58
AAV8-RK-PDE6B,3,5,1.9,119.4,42.2
AAV8-RK-PDE6B,3,5,1.9,119.6,40.44
AAV8-RK-PDE6B,3,5,1.9,119.8,39.68
AAV8-RK-PDE6B,3,5,1.9,120.0,40.21
AAV8-RK-PDE6B,3,5,1.9,120.2,42.2
AAV8-RK-PDE6B,3,5,1.9,120.4,45.65
AAV8-RK-PDE6B,3,5,1.9,120.6,50.35
AAV8-RK-PDE6B,3,5,1.9,120.8,55.97
AAV8-RK-PDE6B,3,5,1.9,121.0,62.0
AAV8-RK-PDE6B,3,5,1.9,121.2,67.86
AAV8-RK-PDE6B,3,5,1.9,121.4,72.97
AAV8-RK-PDE6B,3,5,1.9,121.6,76.75
AAV8-RK-PDE6B,3,5,1.9,121.8,78.77
AAV8-RK-PDE6B,3,5,1.9,122.0,78.73
AAV8-RK-PDE6B,3,5,1.9,122.2,76.56
AAV8-RK-PDE6B,3,5,1.9,122.4,36.92
AAV8-RK-PDE6B,3,5,1.9,122.6,35.85
AAV8-RK-PDE6B,3,5,1.9,122.8,34.4
AAV8-RK-PDE6B,3,5,1.9,123.0,32.6
AAV8-RK-PDE6B,3,5,1.9,123.2,30.58
AAV8-RK-PDE6B,3,5,1.9,123.4,28.46
AAV8-RK-PDE6B,3,5,1.9,123.6,26.38
AAV8-RK-PDE6B,3,5,1.9,123.8,24.49
AAV8-RK-PDE6B,3,5,1.9,124.0,22.93
AAV8-RK-PDE6B,3,5,1.9,124.2,21.81
AAV8-RK-PDE6B,3,5,1.9,124.4,21.2
AAV8-RK-PDE6B,3,5,1.9,124.6,21.16
AAV8-RK-PDE6B,3,5,1.9,124.8,21.71
AAV8-RK-PDE6B,3,5,1.9,125.0,22.86
AAV8-RK-PDE6B,3,5,1.9,125.2,24.6
AAV8-RK-PDE6B,3,5,1.9,125.4,26.92
AAV8-RK-PDE6B,3,5,1.9,125.6,29.8
AAV8-RK-PDE6B,3,5,1.9,125.8,33.22
AAV8-RK-PDE6B,3,5,1.9,126.0,37.16
AAV8-RK-PDE6B,3,5,1.9,126.2,41.56
AAV8-RK-PDE6B,3,5,1.9,126.4,46.38
AAV8-RK-PDE6B,3,5,1.9,126.6,51.52
AAV8-RK-PDE6B,3,5,1.9,126.8,56.86
AAV8-RK-PDE6B,3,5,1.9,127.0,62.23
AAV8-RK-PDE6B,3,5,1.9,127.2,67.42
AAV8-RK-PDE6B,3,5,1.9,127.4,72.21
AAV8-RK-PDE6B,3,5,1.9,127.6,76.32
AAV8-RK-PDE6B,3,5,1.9,127.8,79.51
AAV8-RK-PDE6B,3,5,1.9,128.0,81.55
AAV8-RK-PDE6B,3,5,1.9,128.2,82.23
AAV8-RK-PDE6B,3,5,1.9,128.4,81.44
AAV8-RK-PDE6B,3,5,1.9,128.6,79.14
AAV8-RK-PDE6B,3,5,1.9,128.8,75.4
AAV8-RK-PDE6B,3,5,1.9,129.0,70.37
AAV8-RK-PDE6B,3,5,1.9,129.2,64.31
AAV8-RK-PDE6B,3,5,1.9,129.4,57.54
AAV8-RK-PDE6B,3,5,1.9,129.6,50.46
AAV8-RK-PDE6B,3,5,1.9,129.8,43.44
AAV8-RK-PDE6B,3,5,1.9,130.0,36.87
AAV8-RK-PDE6B,3,5,1.9,130.2,31.08
AAV8-RK-PDE6B,3,5,1.9,130.4,26.32
AAV8-RK-PDE6B,3,5,1.9,130.6,22.73
AAV8-RK-PDE6B,3,5,1.9,130.8,20.35
AAV8-RK-PDE6B,3,5,1.9,131.0,19.09
AAV8-RK-PDE6B,3,5,1.9,131.2,18.78
AAV8-RK-PDE6B,3,5,1.9,131.4,19.15
AAV8-RK-PDE6B,3,5,1.9,131.6,19.91
AAV8-RK-PDE6B,3,5,1.9,131.8,20.72
AAV8-RK-PDE6B,3,5,1.9,132.0,21.29
AAV8-RK-PDE6B,3,5,1.9,132.2,21.39
AAV8-RK-PDE6B,3,5,1.9,132.4,20.85
AAV8-RK-PDE6B,3,5,1.9,132.6,19.61
AAV8-RK-PDE6B,3,5,1.9,132.8,17.71
AAV8-RK-PDE6B,3,5,1.9,133.0,15.29
AAV8-RK-PDE6B,3,5,1.9,133.2,12.56
AAV8-RK-PDE6B,3,5,1.9,133.4,9.78
AAV8-RK-PDE6B,3,5,1.9,133.6,7.25
AAV8-RK-PDE6B,3,5,1.9,133.8,5.25
AAV8-RK-PDE6B,3,5,1.9,134.0,4.01
AAV8-RK-PDE6B,3,5,1.9,134.2,3.72
AAV8-RK-PDE6B,3,5,1.9,134.4,4.46
AAV8-RK-PDE6B,3,5,1.9,134.6,6.26
AAV8-RK-PDE6B,3,5,1.9,134.8,9.03
AAV8-RK-PDE6B,3,5,1.9,135.0,12.63
AAV8-RK-PDE6B,3,5,1.9,135.2,16.86
AAV8-RK-PDE6B,3,5,1.9,135.4,21.48
AAV8-RK-PDE6B,3,5,1.9,135.6,26.26
AAV8-RK-PDE6B,3,5,1.9,135.8,30.97
AAV8-RK-PDE6B,3,5,1.9,136.0,35.44
AAV8-RK-PDE6B,3,5,1.9,136.2,39.52
AAV8-RK-PDE6B,3,5,1.9,136.4,43.13
AAV8-RK-PDE6B,3,5,1.9,136.6,46.23
AAV8-RK-PDE6B,3,5,1.9,136.8,48.84
AAV8-RK-PDE6B,3,5,1.9,137.0,51.0
AAV8-RK-PDE6B,3,5,1.9,137.2,52.75
AAV8-RK-PDE6B,3,5,1.9,137.4,54.15
AAV8-RK-PDE6B,3,5,1.9,137.6,55.24
AAV8-RK-PDE6B,3,5,1.9,137.8,56.03
AAV8-RK-PDE6B,3,5,1.9,138.0,56.51
AAV8-RK-PDE6B,3,5,1.9,138.2,56.64
AAV8-RK-PDE6B,3,5,1.9,138.4,56.36
AAV8-RK-PDE6B,3,5,1.9,138.6,55.61
AAV8-RK-PDE6B,3,5,1.9,138.8,54.32
AAV8-RK-PDE6B,3,5,1.9,139.0,52.45
AAV8-RK-PDE6B,3,5,1.9,139.2,49.98
AAV8-RK-PDE6B,3,5,1.9,139.4,46.92
AAV8-RK-PDE6B,3,5,1.9,139.6,43.34
AAV8-RK-PDE6B,3,5,1.9,139.8,39.32
AAV8-RK-PDE6B,3,5,1.9,140.0,34.99
AAV8-RK-PDE6B,3,5,1.9,140.2,30.49
AAV8-RK-PDE6B,3,5,1.9,140.4,25.97
AAV8-RK-PDE6B,3,5,1.9,140.6,21.56
AAV8-RK-PDE6B,3,5,1.9,140.8,17.41
AAV8-RK-PDE6B,3,5,1.9,141.0,13.59
AAV8-RK-PDE6B,3,5,1.9,141.2,10.17
AAV8-RK-PDE6B,3,5,1.9,141.4,7.18
AAV8-RK-PDE6B,3,5,1.9,141.6,4.59
AAV8-RK-PDE6B,3,5,1.9,141.8,2.38
AAV8-RK-PDE6B,3,5,1.9,142.0,0.47
AAV8-RK-PDE6B,3,5,1.9,142.2,-1.19
AAV8-RK-PDE6B,3,5,1.9,142.4,-2.67
AAV8-RK-PDE6B,3,5,1.9,142.6,-4.03
AAV8-RK-PDE6B,3,5,1.9,142.8,-5.31
AAV8-RK-PDE6B,3,5,1.9,143.0,-6.53
AAV8-RK-PDE6B,3,5,1.9,143.2,-7.7
AAV8-RK-PDE6B,3,5,1.9,143.4,-8.79
AAV8-RK-PDE6B,3,5,1.9,143.6,-9.78
AAV8-RK-PDE6B,3,5,1.9,143.8,-10.64
AAV8-RK-PDE6B,3,5,1.9,144.0,-11.34
AAV8-RK-PDE6B,3,5,1.9,144.2,-11.83
AAV8-RK-PDE6B,3,5,1.9,144.4,-12.11
AAV8-RK-PDE6B,3,5,1.9,144.6,-12.14
AAV8-RK-PDE6B,3,5,1.9,144.8,-11.91
AAV8-RK-PDE6B,3,5,1.9,145.0,-11.4
AAV8-RK-PDE6B,3,5,1.9,145.2,-10.6
AAV8-RK-PDE6B,3,5,1.9,145.4,-9.47
AAV8-RK-PDE6B,3,5,1.9,145.6,-7.98
AAV8-RK-PDE6B,3,5,1.9,145.8,-6.1
AAV8-RK-PDE6B,3,5,1.9,146.0,-3.78
AAV8-RK-PDE6B,3,5,1.9,146.2,-1.0
AAV8-RK-PDE6B,3,5,1.9,146.4,2.27
AAV8-RK-PDE6B,3,5,1.9,146.6,6.01
AAV8-RK-PDE6B,3,5,1.9,146.8,10.18
AAV8-RK-PDE6B,3,5,1.9,147.0,14.68
AAV8-RK-PDE6B,3,5,1.9,147.2,19.36
AAV8-RK-PDE6B,3,5,1.9,147.4,24.03
AAV8-RK-PDE6B,3,5,1.9,147.6,28.47
AAV8-RK-PDE6B,3,5,1.9,147.8,32.41
AAV8-RK-PDE6B,3,5,1.9,148.0,35.58
AAV8-RK-PDE6B,3,5,1.9,148.2,37.73
AAV8-RK-PDE6B,3,5,1.9,148.4,38.65
AAV8-RK-PDE6B,3,5,1.9,148.6,38.18
AAV8-RK-PDE6B,3,5,1.9,148.8,36.27
AAV8-RK-PDE6B,3,5,1.9,149.0,32.93
AAV8-RK-PDE6B,3,5,1.9,149.2,28.29
AAV8-RK-PDE6B,3,5,1.9,149.4,22.58
AAV8-RK-PDE6B,3,5,1.9,149.6,16.08
AAV8-RK-PDE6B,3,5,1.9,149.8,9.16
AAV8-RK-PDE6B,3,5,1.9,150.0,2.21
AAV8-RK-PDE6B,3,5,1.9,150.2,-4.4
AAV8-RK-PDE6B,3,5,1.9,150.4,-10.32
AAV8-RK-PDE6B,3,5,1.9,150.6,-15.27
AAV8-RK-PDE6B,3,5,1.9,150.8,-19.08
AAV8-RK-PDE6B,3,5,1.9,151.0,-21.66
AAV8-RK-PDE6B,3,5,1.9,151.2,-23.03
AAV8-RK-PDE6B,3,5,1.9,151.4,-23.35
AAV8-RK-PDE6B,3,5,1.9,151.6,-22.81
AAV8-RK-PDE6B,3,5,1.9,151.8,-21.7
AAV8-RK-PDE6B,3,5,1.9,152.0,-20.31
AAV8-RK-PDE6B,3,5,1.9,152.2,-18.93
AAV8-RK-PDE6B,3,5,1.9,152.4,-17.82
AAV8-RK-PDE6B,3,5,1.9,152.6,-17.16
AAV8-RK-PDE6B,3,5,1.9,152.8,-17.05
AAV8-RK-PDE6B,3,5,1.9,153.0,-17.51
AAV8-RK-PDE6B,3,5,1.9,153.2,-18.46
AAV8-RK-PDE6B,3,5,1.9,153.4,-19.74
AAV8-RK-PDE6B,3,5,1.9,153.6,-21.14
AAV8-RK-PDE6B,3,5,1.9,153.8,-22.43
AAV8-RK-PDE6B,3,5,1.9,154.0,-23.38
AAV8-RK-PDE6B,3,5,1.9,154.2,-23.78
AAV8-RK-PDE6B,3,5,1.9,154.4,-23.49
AAV8-RK-PDE6B,3,5,1.9,154.6,-22.42
AAV8-RK-PDE6B,3,5,1.9,154.8,-20.59
AAV8-RK-PDE6B,3,5,1.9,155.0,-18.05
AAV8-RK-PDE6B,3,5,1.9,155.2,-14.96
AAV8-RK-PDE6B,3,5,1.9,155.4,-11.49
AAV8-RK-PDE6B,3,5,1.9,155.6,-7.85
AAV8-RK-PDE6B,3,5,1.9,155.8,-4.25
AAV8-RK-PDE6B,3,5,1.9,156.0,-0.87
AAV8-RK-PDE6B,3,5,1.9,156.2,2.17
AAV8-RK-PDE6B,3,5,1.9,156.4,4.77
AAV8-RK-PDE6B,3,5,1.9,156.6,6.92
AAV8-RK-PDE6B,3,5,1.9,156.8,8.65
AAV8-RK-PDE6B,3,5,1.9,157.0,10.01
AAV8-RK-PDE6B,3,5,1.9,157.2,11.1
AAV8-RK-PDE6B,3,5,1.9,157.4,12.01
AAV8-RK-PDE6B,3,5,1.9,157.6,12.8
AAV8-RK-PDE6B,3,5,1.9,157.8,13.51
AAV8-RK-PDE6B,3,5,1.9,158.0,14.11
AAV8-RK-PDE6B,3,5,1.9,158.2,14.54
AAV8-RK-PDE6B,3,5,1.9,158.4,14.7
AAV8-RK-PDE6B,3,5,1.9,158.6,14.44
AAV8-RK-PDE6B,3,5,1.9,158.8,13.62
AAV8-RK-PDE6B,3,5,1.9,159.0,12.12
AAV8-RK-PDE6B,3,5,1.9,159.2,9.85
AAV8-RK-PDE6B,3,5,1.9,159.4,6.78
AAV8-RK-PDE6B,3,5,1.9,159.6,2.99
AAV8-RK-PDE6B,3,5,1.9,159.8,-1.39
AAV8-RK-PDE6B,3,5,1.9,160.0,-6.12
AAV8-RK-PDE6B,3,5,1.9,160.2,-10.9
AAV8-RK-PDE6B,3,5,1.9,160.4,-15.39
AAV8-RK-PDE6B,3,5,1.9,160.6,-19.23
AAV8-RK-PDE6B,3,5,1.9,160.8,-22.07
AAV8-RK-PDE6B,3,5,1.9,161.0,-23.65
AAV8-RK-PDE6B,3,5,1.9,161.2,-23.78
AAV8-RK-PDE6B,3,5,1.9,161.4,-22.37
AAV8-RK-PDE6B,3,5,1.9,161.6,-19.5
AAV8-RK-PDE6B,3,5,1.9,161.8,-15.33
AAV8-RK-PDE6B,3,5,1.9,162.0,-10.16
AAV8-RK-PDE6B,3,5,1.9,162.2,-4.39
AAV8-RK-PDE6B,3,5,1.9,162.4,-17.68
AAV8-RK-PDE6B,3,5,1.9,162.6,-14.88
AAV8-RK-PDE6B,3,5,1.9,162.8,-12.18
AAV8-RK-PDE6B,3,5,1.9,163.0,-9.86
AAV8-RK-PDE6B,3,5,1.9,163.2,-8.12
AAV8-RK-PDE6B,3,5,1.9,163.4,-7.15
AAV8-RK-PDE6B,3,5,1.9,163.6,-7.06
AAV8-RK-PDE6B,3,5,1.9,163.8,-7.88
AAV8-RK-PDE6B,3,5,1.9,164.0,-9.55
AAV8-RK-PDE6B,3,5,1.9,164.2,-11.92
AAV8-RK-PDE6B,3,5,1.9,164.4,-14.79
AAV8-RK-PDE6B,3,5,1.9,164.6,-17.9
AAV8-RK-PDE6B,3,5,1.9,164.8,-20.96
AAV8-RK-PDE6B,3,5,1.9,165.0,-23.68
AAV8-RK-PDE6B,3,5,1.9,165.2,-25.8
AAV8-RK-PDE6B,3,5,1.9,165.4,-27.12
AAV8-RK-PDE6B,3,5,1.9,165.6,-27.51
AAV8-RK-PDE6B,3,5,1.9,165.8,-26.94
AAV8-RK-PDE6B,3,5,1.9,166.0,-25.45
AAV8-RK-PDE6B,3,5,1.9,166.2,-23.19
AAV8-RK-PDE6B,3,5,1.9,166.4,-20.35
AAV8-RK-PDE6B,3,5,1.9,166.6,-17.2
AAV8-RK-PDE6B,3,5,1.9,166.8,-14.02
AAV8-RK-PDE6B,3,5,1.9,167.0,-11.08
AAV8-RK-PDE6B,3,5,1.9,167.2,-8.63
AAV8-RK-PDE6B,3,5,1.9,167.4,-6.87
AAV8-RK-PDE6B,3,5,1.9,167.6,-5.92
AAV8-RK-PDE6B,3,5,1.9,167.8,-5.83
AAV8-RK-PDE6B,3,5,1.9,168.0,-6.57
AAV8-RK-PDE6B,3,5,1.9,168.2,-8.04
AAV8-RK-PDE6B,3,5,1.9,168.4,-10.1
AAV8-RK-PDE6B,3,5,1.9,168.6,-12.55
AAV8-RK-PDE6B,3,5,1.9,168.8,-15.21
AAV8-RK-PDE6B,3,5,1.9,169.0,-17.89
AAV8-RK-PDE6B,3,5,1.9,169.2,-20.43
AAV8-RK-PDE6B,3,5,1.9,169.4,-22.72
AAV8-RK-PDE6B,3,5,1.9,169.6,-24.7
AAV8-RK-PDE6B,3,5,1.9,169.8,-26.35
AAV8-RK-PDE6B,3,5,1.9,170.0,-27.69
AAV8-RK-PDE6B,3,5,1.9,170.2,-28.78
AAV8-RK-PDE6B,3,5,1.9,170.4,-29.69
AAV8-RK-PDE6B,3,5,1.9,170.6,-30.48
AAV8-RK-PDE6B,3,5,1.9,170.8,-31.2
AAV8-RK-PDE6B,3,5,1.9,171.0,-31.89
AAV8-RK-PDE6B,3,5,1.9,171.2,-32.52
AAV8-RK-PDE6B,3,5,1.9,171.4,-33.07
AAV8-RK-PDE6B,3,5,1.9,171.6,-33.46
AAV8-RK-PDE6B,3,5,1.9,171.8,-33.62
AAV8-RK-PDE6B,3,5,1.9,172.0,-33.46
AAV8-RK-PDE6B,3,5,1.9,172.2,-32.91
AAV8-RK-PDE6B,3,5,1.9,172.4,-31.93
AAV8-RK-PDE6B,3,5,1.9,172.6,-30.51
AAV8-RK-PDE6B,3,5,1.9,172.8,-28.69
AAV8-RK-PDE6B,3,5,1.9,173.0,-26.55
AAV8-RK-PDE6B,3,5,1.9,173.2,-24.21
AAV8-RK-PDE6B,3,5,1.9,173.4,-21.81
AAV8-RK-PDE6B,3,5,1.9,173.6,-19.5
AAV8-RK-PDE6B,3,5,1.9,173.8,-17.42
AAV8-RK-PDE6B,3,5,1.9,174.0,-15.71
AAV8-RK-PDE6B,3,5,1.9,174.2,-14.43
AAV8-RK-PDE6B,3,5,1.9,174.4,-13.65
AAV8-RK-PDE6B,3,5,1.9,174.6,-13.33
AAV8-RK-PDE6B,3,5,1.9,174.8,-13.45
AAV8-RK-PDE6B,3,5,1.9,175.0,-13.89
AAV8-RK-PDE6B,3,5,1.9,175.2,-14.55
AAV8-RK-PDE6B,3,5,1.9,175.4,-15.3
AAV8-RK-PDE6B,3,5,1.9,175.6,-16.04
AAV8-RK-PDE6B,3,5,1.9,175.8,-16.67
AAV8-RK-PDE6B,3,5,1.9,176.0,-17.14
AAV8-RK-PDE6B,3,5,1.9,176.2,-17.44
AAV8-RK-PDE6B,3,5,1.9,176.4,-17.6
AAV8-RK-PDE6B,3,5,1.9,176.6,-17.68
AAV8-RK-PDE6B,3,5,1.9,176.8,-17.77
AAV8-RK-PDE6B,3,5,1.9,177.0,-17.98
AAV8-RK-PDE6B,3,5,1.9,177.2,-18.38
AAV8-RK-PDE6B,3,5,1.9,177.4,-19.06
AAV8-RK-PDE6B,3,5,1.9,177.6,-20.03
AAV8-RK-PDE6B,3,5,1.9,177.8,-21.31
AAV8-RK-PDE6B,3,5,1.9,178.0,-22.84
AAV8-RK-PDE6B,3,5,1.9,178.2,-24.53
AAV8-RK-PDE6B,3,5,1.9,178.4,-26.28
AAV8-RK-PDE6B,3,5,1.9,178.6,-27.96
AAV8-RK-PDE6B,3,5,1.9,178.8,-29.46
AAV8-RK-PDE6B,3,5,1.9,179.0,-30.67
AAV8-RK-PDE6B,3,5,1.9,179.2,-31.53
AAV8-RK-PDE6B,3,5,1.9,179.4,-32.02
AAV8-RK-PDE6B,3,5,1.9,179.6,-32.17
AAV8-RK-PDE6B,3,5,1.9,179.8,-32.04
AAV8-RK-PDE6B,3,5,1.9,180.0,-31.74
AAV8-RK-PDE6B,3,5,1.9,180.2,-31.39
AAV8-RK-PDE6B,3,5,1.9,180.4,-31.12
AAV8-RK-PDE6B,3,5,1.9,180.6,-31.02
AAV8-RK-PDE6B,3,5,1.9,180.8,-31.17
AAV8-RK-PDE6B,3,5,1.9,181.0,-31.62
AAV8-RK-PDE6B,3,5,1.9,181.2,-32.34
AAV8-RK-PDE6B,3,5,1.9,181.4,-33.28
AAV8-RK-PDE6B,3,5,1.9,181.6,-34.34
AAV8-RK-PDE6B,3,5,1.9,181.8,-35.38
AAV8-RK-PDE6B,3,5,1.9,182.0,-36.29
AAV8-RK-PDE6B,3,5,1.9,182.2,-36.93
AAV8-RK-PDE6B,3,5,1.9,182.4,-37.19
AAV8-RK-PDE6B,3,5,1.9,182.6,-37.04
AAV8-RK-PDE6B,3,5,1.9,182.8,-36.44
AAV8-RK-PDE6B,3,5,1.9,183.0,-35.45
AAV8-RK-PDE6B,3,5,1.9,183.2,-34.13
AAV8-RK-PDE6B,3,5,1.9,183.4,-32.61
AAV8-RK-PDE6B,3,5,1.9,183.6,-31.01
AAV8-RK-PDE6B,3,5,1.9,183.8,-29.46
AAV8-RK-PDE6B,3,5,1.9,184.0,-28.04
AAV8-RK-PDE6B,3,5,1.9,184.2,-26.83
AAV8-RK-PDE6B,3,5,1.9,184.4,-25.82
AAV8-RK-PDE6B,3,5,1.9,184.6,-24.98
AAV8-RK-PDE6B,3,5,1.9,184.8,-24.2
AAV8-RK-PDE6B,3,5,1.9,185.0,-23.37
AAV8-RK-PDE6B,3,5,1.9,185.2,-22.33
AAV8-RK-PDE6B,3,5,1.9,185.4,-20.94
AAV8-RK-PDE6B,3,5,1.9,185.6,-19.08
AAV8-RK-PDE6B,3,5,1.9,185.8,-16.67
AAV8-RK-PDE6B,3,5,1.9,186.0,-13.71
AAV8-RK-PDE6B,3,5,1.9,186.2,-10.27
AAV8-RK-PDE6B,3,5,1.9,186.4,-6.47
AAV8-RK-PDE6B,3,5,1.9,186.6,-2.52
AAV8-RK-PDE6B,3,5,1.9,186.8,1.34
AAV8-RK-PDE6B,3,5,1.9,187.0,4.85
AAV8-RK-PDE6B,3,5,1.9,187.2,7.74
AAV8-RK-PDE6B,3,5,1.9,187.4,9.79
AAV8-RK-PDE6B,3,5,1.9,187.6,10.81
AAV8-RK-PDE6B,3,5,1.9,187.8,10.72
AAV8-RK-PDE6B,3,5,1.9,188.0,9.5
AAV8-RK-PDE6B,3,5,1.9,188.2,7.21
AAV8-RK-PDE6B,3,5,1.9,188.4,4.01
AAV8-RK-PDE6B,3,5,1.9,188.6,0.11
AAV8-RK-PDE6B,3,5,1.9,188.8,-4.24
AAV8-RK-PDE6B,3,5,1.9,189.0,-8.78
AAV8-RK-PDE6B,3,5,1.9,189.2,-13.28
AAV8-RK-PDE6B,3,5,1.9,189.4,-17.51
AAV8-RK-PDE6B,3,5,1.9,189.6,-21.33
AAV8-RK-PDE6B,3,5,1.9,189.8,-24.65
AAV8-RK-PDE6B,3,5,1.9,190.0,-27.46
AAV8-RK-PDE6B,3,5,1.9,190.2,-29.78
AAV8-RK-PDE6B,3,5,1.9,190.4,-31.71
AAV8-RK-PDE6B,3,5,1.9,190.6,-33.36
AAV8-RK-PDE6B,3,5,1.9,190.8,-34.85
AAV8-RK-PDE6B,3,5,1.9,191.0,-36.29
AAV8-RK-PDE6B,3,5,1.9,191.2,-37.75
AAV8-RK-PDE6B,3,5,1.9,191.4,-39.27
AAV8-RK-PDE6B,3,5,1.9,191.6,-40.84
AAV8-RK-PDE6B,3,5,1.9,191.8,-42.43
AAV8-RK-PDE6B,3,5,1.9,192.0,-43.94
AAV8-RK-PDE6B,3,5,1.9,192.2,-45.29
AAV8-RK-PDE6B,3,5,1.9,192.4,-46.39
AAV8-RK-PDE6B,3,5,1.9,192.6,-47.16
AAV8-RK-PDE6B,3,5,1.9,192.8,-47.55
AAV8-RK-PDE6B,3,5,1.9,193.0,-47.57
AAV8-RK-PDE6B,3,5,1.9,193.2,-47.25
AAV8-RK-PDE6B,3,5,1.9,193.4,-46.68
AAV8-RK-PDE6B,3,5,1.9,193.6,-45.96
AAV8-RK-PDE6B,3,5,1.9,193.8,-45.22
AAV8-RK-PDE6B,3,5,1.9,194.0,-44.56
AAV8-RK-PDE6B,3,5,1.9,194.2,-44.09
AAV8-RK-PDE6B,3,5,1.9,194.4,-43.84
AAV8-RK-PDE6B,3,5,1.9,194.6,-43.84
AAV8-RK-PDE6B,3,5,1.9,194.8,-44.03
AAV8-RK-PDE6B,3,5,1.9,195.0,-44.32
AAV8-RK-PDE6B,3,5,1.9,195.2,-44.56
AAV8-RK-PDE6B,3,5,1.9,195.4,-44.61
AAV8-RK-PDE6B,3,5,1.9,195.6,-44.32
AAV8-RK-PDE6B,3,5,1.9,195.8,-43.55
AAV8-RK-PDE6B,3,5,1.9,196.0,-42.22
AAV8-RK-PDE6B,3,5,1.9,196.2,-40.32
AAV8-RK-PDE6B,3,5,1.9,196.4,-37.9
AAV8-RK-PDE6B,3,5,1.9,196.6,-35.07
AAV8-RK-PDE6B,3,5,1.9,196.8,-32.02
AAV8-RK-PDE6B,3,5,1.9,197.0,-28.98
AAV8-RK-PDE6B,3,5,1.9,197.2,-26.22
AAV8-RK-PDE6B,3,5,1.9,197.4,-23.99
AAV8-RK-PDE6B,3,5,1.9,197.6,-22.51
AAV8-RK-PDE6B,3,5,1.9,197.8,-21.96
AAV8-RK-PDE6B,3,5,1.9,198.0,-22.42
AAV8-RK-PDE6B,3,5,1.9,198.2,-23.9
AAV8-RK-PDE6B,3,5,1.9,198.4,-26.32
AAV8-RK-PDE6B,3,5,1.9,198.6,-29.49
AAV8-RK-PDE6B,3,5,1.9,198.8,-33.18
AAV8-RK-PDE6B,3,5,1.9,199.0,-37.09
AAV8-RK-PDE6B,3,5,1.9,199.2,-40.91
AAV8-RK-PDE6B,3,5,1.9,199.4,-44.34
AAV8-RK-PDE6B,3,5,1.9,199.6,-47.11
AAV8-RK-PDE6B,3,5,1.9,199.8,-49.02
AAV8-RK-PDE6B,3,5,1.9,200.0,-49.95
AAV8-RK-PDE6B,3,5,1.9,200.2,-49.86
AAV8-RK-PDE6B,3,5,1.9,200.4,-48.79
AAV8-RK-PDE6B,3,5,1.9,200.6,-46.87
AAV8-RK-PDE6B,3,5,1.9,200.8,-44.28
AAV8-RK-PDE6B,3,5,1.9,201.0,-41.24
AAV8-RK-PDE6B,3,5,1.9,201.2,-37.99
AAV8-RK-PDE6B,3,5,1.9,201.4,-34.75
AAV8-RK-PDE6B,3,5,1.9,201.6,-31.73
AAV8-RK-PDE6B,3,5,1.9,201.8,-29.08
AAV8-RK-PDE6B,3,5,1.9,202.0,-26.9
AAV8-RK-PDE6B,3,5,1.9,202.2,-25.23
AAV8-RK-PDE6B,3,5,1.9,202.4,-42.06
AAV8-RK-PDE6B,3,5,1.9,202.6,-46.64
AAV8-RK-PDE6B,3,5,1.9,202.8,-48.99
AAV8-RK-PDE6B,3,5,1.9,203.0,-48.86
AAV8-RK-PDE6B,3,5,1.9,203.2,-46.25
AAV8-RK-PDE6B,3,5,1.9,203.4,-41.43
AAV8-RK-PDE6B,3,5,1.9,203.6,-34.84
AAV8-RK-PDE6B,3,5,1.9,203.8,-27.13
AAV8-RK-PDE6B,3,5,1.9,204.0,-19.02
AAV8-RK-PDE6B,3,5,1.9,204.2,-11.25
AAV8-RK-PDE6B,3,5,1.9,204.4,-4.52
AAV8-RK-PDE6B,3,5,1.9,204.6,0.6
AAV8-RK-PDE6B,3,5,1.9,204.8,3.72
AAV8-RK-PDE6B,3,5,1.9,205.0,4.66
AAV8-RK-PDE6B,3,5,1.9,205.2,3.45
AAV8-RK-PDE6B,3,5,1.9,205.4,0.35
AAV8-RK-PDE6B,3,5,1.9,205.6,-4.24
AAV8-RK-PDE6B,3,5,1.9,205.8,-9.76
AAV8-RK-PDE6B,3,5,1.9,206.0,-15.65
AAV8-RK-PDE6B,3,5,1.9,206.2,-21.31
AAV8-RK-PDE6B,3,5,1.9,206.4,-26.25
AAV8-RK-PDE6B,3,5,1.9,206.6,-30.07
AAV8-RK-PDE6B,3,5,1.9,206.8,-32.54
AAV8-RK-PDE6B,3,5,1.9,207.0,-33.62
AAV8-RK-PDE6B,3,5,1.9,207.2,-33.39
AAV8-RK-PDE6B,3,5,1.9,207.4,-32.12
AAV8-RK-PDE6B,3,5,1.9,207.6,-30.14
AAV8-RK-PDE6B,3,5,1.9,207.8,-27.85
AAV8-RK-PDE6B,3,5,1.9,208.0,-25.67
AAV8-RK-PDE6B,3,5,1.9,208.2,-23.94
AAV8-RK-PDE6B,3,5,1.9,208.4,-22.93
AAV8-RK-PDE6B,3,5,1.9,208.6,-22.8
AAV8-RK-PDE6B,3,5,1.9,208.8,-23.58
AAV8-RK-PDE6B,3,5,1.9,209.0,-25.18
AAV8-RK-PDE6B,3,5,1.9,209.2,-27.4
AAV8-RK-PDE6B,3,5,1.9,209.4,-29.98
AAV8-RK-PDE6B,3,5,1.9,209.6,-32.61
AAV8-RK-PDE6B,3,5,1.9,209.8,-34.98
AAV8-RK-PDE6B,3,5,1.9,210.0,-36.82
AAV8-RK-PDE6B,3,5,1.9,210.2,-37.92
AAV8-RK-PDE6B,3,5,1.9,210.4,-38.18
AAV8-RK-PDE6B,3,5,1.9,210.6,-37.57
AAV8-RK-PDE6B,3,5,1.9,210.8,-36.16
AAV8-RK-PDE6B,3,5,1.9,211.0,-34.11
AAV8-RK-PDE6B,3,5,1.9,211.2,-31.61
AAV8-RK-PDE6B,3,5,1.9,211.4,-28.93
AAV8-RK-PDE6B,3,5,1.9,211.6,-26.29
AAV8-RK-PDE6B,3,5,1.9,211.8,-23.92
AAV8-RK-PDE6B,3,5,1.9,212.0,-22.01
AAV8-RK-PDE6B,3,5,1.9,212.2,-20.66
AAV8-RK-PDE6B,3,5,1.9,212.4,-19.92
AAV8-RK-PDE6B,3,5,1.9,212.6,-19.79
AAV8-RK-PDE6B,3,5,1.9,212.8,-20.18
AAV8-RK-PDE6B,3,5,1.9,213.0,-20.98
AAV8-RK-PDE6B,3,5,1.9,213.2,-22.03
AAV8-RK-PDE6B,3,5,1.9,213.4,-23.18
AAV8-RK-PDE6B,3,5,1.9,213.6,-24.27
AAV8-RK-PDE6B,3,5,1.9,213.8,-25.17
AAV8-RK-PDE6B,3,5,1.9,214.0,-25.78
AAV8-RK-PDE6B,3,5,1.9,214.2,-26.04
AAV8-RK-PDE6B,3,5,1.9,214.4,-25.95
AAV8-RK-PDE6B,3,5,1.9,214.6,-25.53
AAV8-RK-PDE6B,3,5,1.9,214.8,-24.86
AAV8-RK-PDE6B,3,5,1.9,215.0,-24.04
AAV8-RK-PDE6B,3,5,1.9,215.2,-23.21
AAV8-RK-PDE6B,3,5,1.9,215.4,-22.51
AAV8-RK-PDE6B,3,5,1.9,215.6,-22.11
AAV8-RK-PDE6B,3,5,1.9,215.8,-22.16
AAV8-RK-PDE6B,3,5,1.9,216.0,-22.78
AAV8-RK-PDE6B,3,5,1.9,216.2,-24.08
AAV8-RK-PDE6B,3,5,1.9,216.4,-26.14
AAV8-RK-PDE6B,3,5,1.9,216.6,-28.96
AAV8-RK-PDE6B,3,5,1.9,216.8,-32.51
AAV8-RK-PDE6B,3,5,1.9,217.0,-36.69
AAV8-RK-PDE6B,3,5,1.9,217.2,-41.33
AAV8-RK-PDE6B,3,5,1.9,217.4,-46.19
AAV8-RK-PDE6B,3,5,1.9,217.6,-51.0
AAV8-RK-PDE6B,3,5,1.9,217.8,-55.45
AAV8-RK-PDE6B,3,5,1.9,218.0,-59.22
AAV8-RK-PDE6B,3,5,1.9,218.2,-61.97
AAV8-RK-PDE6B,3,5,1.9,218.4,-63.45
AAV8-RK-PDE6B,3,5,1.9,218.6,-63.45
AAV8-RK-PDE6B,3,5,1.9,218.8,-61.85
AAV8-RK-PDE6B,3,5,1.9,219.0,-58.67
AAV8-RK-PDE6B,3,5,1.9,219.2,-54.03
AAV8-RK-PDE6B,3,5,1.9,219.4,-48.18
AAV8-RK-PDE6B,3,5,1.9,219.6,-41.51
AAV8-RK-PDE6B,3,5,1.9,219.8,-34.46
AAV8-RK-PDE6B,3,5,1.9,220.0,-27.54
AAV8-RK-PDE6B,3,5,1.9,220.2,-21.29
AAV8-RK-PDE6B,3,5,1.9,220.4,-16.18
AAV8-RK-PDE6B,3,5,1.9,220.6,-12.63
AAV8-RK-PDE6B,3,5,1.9,220.8,-10.92
AAV8-RK-PDE6B,3,5,1.9,221.0,-11.16
AAV8-RK-PDE6B,3,5,1.9,221.2,-13.33
AAV8-RK-PDE6B,3,5,1.9,221.4,-17.19
AAV8-RK-PDE6B,3,5,1.9,221.6,-22.39
AAV8-RK-PDE6B,3,5,1.9,221.8,-28.4
AAV8-RK-PDE6B,3,5,1.9,222.0,-34.66
AAV8-RK-PDE6B,3,5,1.9,222.2,-40.56
AAV8-RK-PDE6B,3,5,1.9,222.4,-45.52
AAV8-RK-PDE6B,3,5,1.9,222.6,-49.06
AAV8-RK-PDE6B,3,5,1.9,222.8,-50.83
AAV8-RK-PDE6B,3,5,1.9,223.0,-50.63
AAV8-RK-PDE6B,3,5,1.9,223.2,-48.48
AAV8-RK-PDE6B,3,5,1.9,223.4,-44.57
AAV8-RK-PDE6B,3,5,1.9,223.6,-39.23
AAV8-RK-PDE6B,3,5,1.9,223.8,-32.96
AAV8-RK-PDE6B,3,5,1.9,224.0,-26.31
AAV8-RK-PDE6B,3,5,1.9,224.2,-19.86
AAV8-RK-PDE6B,3,5,1.9,224.4,-14.14
AAV8-RK-PDE6B,3,5,1.9,224.6,-9.61
AAV8-RK-PDE6B,3,5,1.9,224.8,-6.59
AAV8-RK-PDE6B,3,5,1.9,225.0,-5.25
AAV8-RK-PDE6B,3,5,1.9,225.2,-5.58
AAV8-RK-PDE6B,3,5,1.9,225.4,-7.41
AAV8-RK-PDE6B,3,5,1.9,225.6,-10.46
AAV8-RK-PDE6B,3,5,1.9,225.8,-14.33
AAV8-RK-PDE6B,3,5,1.9,226.0,-18.59
AAV8-RK-PDE6B,3,5,1.9,226.2,-22.8
AAV8-RK-PDE6B,3,5,1.9,226.4,-26.57
AAV8-RK-PDE6B,3,5,1.9,226.6,-29.61
AAV8-RK-PDE6B,3,5,1.9,226.8,-31.73
AAV8-RK-PDE6B,3,5,1.9,227.0,-32.89
AAV8-RK-PDE6B,3,5,1.9,227.2,-33.17
AAV8-RK-PDE6B,3,5,1.9,227.4,-32.74
AAV8-RK-PDE6B,3,5,1.9,227.6,-31.86
AAV8-RK-PDE6B,3,5,1.9,227.8,-30.85
AAV8-RK-PDE6B,3,5,1.9,228.0,-30.0
AAV8-RK-PDE6B,3,5,1.9,228.2,-29.59
AAV8-RK-PDE6B,3,5,1.9,228.4,-29.8
AAV8-RK-PDE6B,3,5,1.9,228.6,-30.74
AAV8-RK-PDE6B,3,5,1.9,228.8,-32.41
AAV8-RK-PDE6B,3,5,1.9,229.0,-34.69
AAV8-RK-PDE6B,3,5,1.9,229.2,-37.39
AAV8-RK-PDE6B,3,5,1.9,229.4,-40.26
AAV8-RK-PDE6B,3,5,1.9,229.6,-43.0
AAV8-RK-PDE6B,3,5,1.9,229.8,-45.32
AAV8-RK-PDE6B,3,5,1.9,230.0,-46.97
AAV8-RK-PDE6B,3,5,1.9,230.2,-47.77
AAV8-RK-PDE6B,3,5,1.9,230.4,-47.6
AAV8-RK-PDE6B,3,5,1.9,230.6,-46.46
AAV8-RK-PDE6B,3,5,1.9,230.8,-44.43
AAV8-RK-PDE6B,3,5,1.9,231.0,-41.68
AAV8-RK-PDE6B,3,5,1.9,231.2,-38.44
AAV8-RK-PDE6B,3,5,1.9,231.4,-34.99
AAV8-RK-PDE6B,3,5,1.9,231.6,-31.6
AAV8-RK-PDE6B,3,5,1.9,231.8,-28.53
AAV8-RK-PDE6B,3,5,1.9,232.0,-26.02
AAV8-RK-PDE6B,3,5,1.9,232.2,-24.22
AAV8-RK-PDE6B,3,5,1.9,232.4,-23.22
AAV8-RK-PDE6B,3,5,1.9,232.6,-23.03
AAV8-RK-PDE6B,3,5,1.9,232.8,-23.57
AAV8-RK-PDE6B,3,5,1.9,233.0,-24.71
AAV8-RK-PDE6B,3,5,1.9,233.2,-26.28
AAV8-RK-PDE6B,3,5,1.9,233.4,-28.07
AAV8-RK-PDE6B,3,5,1.9,233.6,-29.86
AAV8-RK-PDE6B,3,5,1.9,233.8,-31.45
AAV8-RK-PDE6B,3,5,1.9,234.0,-32.68
AAV8-RK-PDE6B,3,5,1.9,234.2,-33.41
AAV8-RK-PDE6B,3,5,1.9,234.4,-33.58
AAV8-RK-PDE6B,3,5,1.9,234.6,-33.18
AAV8-RK-PDE6B,3,5,1.9,234.8,-32.28
AAV8-RK-PDE6B,3,5,1.9,235.0,-30.98
AAV8-RK-PDE6B,3,5,1.9,235.2,-29.43
AAV8-RK-PDE6B,3,5,1.9,235.4,-27.83
AAV8-RK-PDE6B,3,5,1.9,235.6,-26.37
AAV8-RK-PDE6B,3,5,1.9,235.8,-25.27
AAV8-RK-PDE6B,3,5,1.9,236.0,-24.71
AAV8-RK-PDE6B,3,5,1.9,236.2,-24.86
AAV8-RK-PDE6B,3,5,1.9,236.4,-25.83
AAV8-RK-PDE6B,3,5,1.9,236.6,-27.67
AAV8-RK-PDE6B,3,5,1.9,236.8,-30.38
AAV8-RK-PDE6B,3,5,1.9,237.0,-33.87
AAV8-RK-PDE6B,3,5,1.9,237.2,-37.99
AAV8-RK-PDE6B,3,5,1.9,237.4,-42.54
AAV8-RK-PDE6B,3,5,1.9,237.6,-47.24
AAV8-RK-PDE6B,3,5,1.9,237.8,-51.82
AAV8-RK-PDE6B,3,5,1.9,238.0,-55.96
AAV8-RK-PDE6B,3,5,1.9,238.2,-59.37
AAV8-RK-PDE6B,3,5,1.9,238.4,-61.79
AAV8-RK-PDE6B,3,5,1.9,238.6,-63.03
AAV8-RK-PDE6B,3,5,1.9,238.8,-62.97
AAV8-RK-PDE6B,3,5,1.9,239.0,-61.59
AAV8-RK-PDE6B,3,5,1.9,239.2,-58.97
AAV8-RK-PDE6B,3,5,1.9,239.4,-55.3
AAV8-RK-PDE6B,3,5,1.9,239.6,-50.84
AAV8-RK-PDE6B,3,5,1.9,239.8,-45.93
AAV8-RK-PDE6B,3,5,1.9,240.0,-40.95
AAV8-RK-PDE6B,3,5,1.9,240.2,-36.29
AAV8-RK-PDE6B,3,5,1.9,240.4,-32.33
AAV8-RK-PDE6B,3,5,1.9,240.6,-29.35
AAV8-RK-PDE6B,3,5,1.9,240.8,-27.59
AAV8-RK-PDE6B,3,5,1.9,241.0,-27.13
AAV8-RK-PDE6B,3,5,1.9,241.2,-27.95
AAV8-RK-PDE6B,3,5,1.9,241.4,-29.92
AAV8-RK-PDE6B,3,5,1.9,241.6,-32.78
AAV8-RK-PDE6B,3,5,1.9,241.8,-36.18
AAV8-RK-PDE6B,3,5,1.9,242.0,-39.73
AAV8-RK-PDE6B,3,5,1.9,242.2,-43.01
AAV8-RK-PDE6B,3,5,1.9,242.4,-24.37
AAV8-RK-PDE6B,3,5,1.9,242.6,-26.01
AAV8-RK-PDE6B,3,5,1.9,242.8,-27.59
AAV8-RK-PDE6B,3,5,1.9,243.0,-28.98
AAV8-RK-PDE6B,3,5,1.9,243.2,-30.06
AAV8-RK-PDE6B,3,5,1.9,243.4,-30.72
AAV8-RK-PDE6B,3,5,1.9,243.6,-30.9
AAV8-RK-PDE6B,3,5,1.9,243.8,-30.56
AAV8-RK-PDE6B,3,5,1.9,244.0,-29.72
AAV8-RK-PDE6B,3,5,1.9,244.2,-28.42
AAV8-RK-PDE6B,3,5,1.9,244.4,-26.77
AAV8-RK-PDE6B,3,5,1.9,244.6,-24.89
AAV8-RK-PDE6B,3,5,1.9,244.8,-22.93
AAV8-RK-PDE6B,3,5,1.9,245.0,-21.06
AAV8-RK-PDE6B,3,5,1.9,245.2,-19.44
AAV8-RK-PDE6B,3,5,1.9,245.4,-18.22
AAV8-RK-PDE6B,3,5,1.9,245.6,-17.51
AAV8-RK-PDE6B,3,5,1.9,245.8,-17.38
AAV8-RK-PDE6B,3,5,1.9,246.0,-17.84
AAV8-RK-PDE6B,3,5,1.9,246.2,-18.87
AAV8-RK-PDE6B,3,5,1.9,246.4,-20.37
AAV8-RK-PDE6B,3,5,1.9,246.6,-22.2
AAV8-RK-PDE6B,3,5,1.9,246.8,-24.2
AAV8-RK-PDE6B,3,5,1.9,247.0,-26.18
AAV8-RK-PDE6B,3,5,1.9,247.2,-27.96
AAV8-RK-PDE6B,3,5,1.9,247.4,-29.37
AAV8-RK-PDE6B,3,5,1.9,247.6,-30.26
AAV8-RK-PDE6B,3,5,1.9,247.8,-30.56
AAV8-RK-PDE6B,3,5,1.9,248.0,-30.23
AAV8-RK-PDE6B,3,5,1.9,248.2,-29.32
AAV8-RK-PDE6B,3,5,1.9,248.4,-27.93
AAV8-RK-PDE6B,3,5,1.9,248.6,-26.18
AAV8-RK-PDE6B,3,5,1.9,248.8,-24.29
AAV8-RK-PDE6B,3,5,1.9,249.0,-22.45
AAV8-RK-PDE6B,3,5,1.9,249.2,-20.87
AAV8-RK-PDE6B,3,5,1.9,249.4,-19.74
AAV8-RK-PDE6B,3,5,1.9,249.6,-19.2
AAV8-RK-PDE6B,3,5,1.9,249.8,-19.35
AAV8-RK-PDE6B,3,5,1.9,250.0,-20.23
AAV8-RK-PDE6B,3,5,1.9,250.2,-21.78
AAV8-RK-PDE6B,3,5,1.9,250.4,-23.92
AAV8-RK-PDE6B,3,5,1.9,250.6,-26.48
AAV8-RK-PDE6B,3,5,1.9,250.8,-29.27
AAV8-RK-PDE6B,3,5,1.9,251.0,-32.07
AAV8-RK-PDE6B,3,5,1.9,251.2,-34.66
AAV8-RK-PDE6B,3,5,1.9,251.4,-36.85
AAV8-RK-PDE6B,3,5,1.9,251.6,-38.48
AAV8-RK-PDE6B,3,5,1.9,251.8,-39.46
AAV8-RK-PDE6B,3,5,1.9,252.0,-39.74
AAV8-RK-PDE6B,3,5,1.9,252.2,-39.36
AAV8-RK-PDE6B,3,5,1.9,252.4,-38.39
AAV8-RK-PDE6B,3,5,1.9,252.6,-36.99
AAV8-RK-PDE6B,3,5,1.9,252.8,-35.33
AAV8-RK-PDE6B,3,5,1.9,253.0,-33.58
AAV8-RK-PDE6B,3,5,1.9,253.2,-31.94
AAV8-RK-PDE6B,3,5,1.9,253.4,-30.57
AAV8-RK-PDE6B,3,5,1.9,253.6,-29.59
AAV8-RK-PDE6B,3,5,1.9,253.8,-29.07
AAV8-RK-PDE6B,3,5,1.9,254.0,-29.05
AAV8-RK-PDE6B,3,5,1.9,254.2,-29.5
AAV8-RK-PDE6B,3,5,1.9,254.4,-30.33
AAV8-RK-PDE6B,3,5,1.9,254.6,-31.46
AAV8-RK-PDE6B,3,5,1.9,254.8,-32.75
AAV8-RK-PDE6B,3,5,1.9,255.0,-34.08
AAV8-RK-PDE6B,3,5,1.9,255.2,-35.34
AAV8-RK-PDE6B,3,5,1.9,255.4,-36.45
AAV8-RK-PDE6B,3,5,1.9,255.6,-37.36
AAV8-RK-PDE6B,3,5,1.9,255.8,-38.07
AAV8-RK-PDE6B,3,5,1.9,256.0,-38.58
AAV8-RK-PDE6B,3,5,1.9,256.2,-38.96
AAV8-RK-PDE6B,3,5,1.9,256.4,-39.26
AAV8-RK-PDE6B,3,5,1.9,256.6,-39.56
AAV8-RK-PDE6B,3,5,1.9,256.8,-39.91
AAV8-RK-PDE6B,3,5,1.9,257.0,-40.34
AAV8-RK-PDE6B,3,5,1.9,257.2,-40.84
AAV8-RK-PDE6B,3,5,1.9,257.4,-41.37
AAV8-RK-PDE6B,3,5,1.9,257.6,-41.84
AAV8-RK-PDE6B,3,5,1.9,257.8,-42.14
AAV8-RK-PDE6B,3,5,1.9,258.0,-42.13
AAV8-RK-PDE6B,3,5,1.9,258.2,-41.68
AAV8-RK-PDE6B,3,5,1.9,258.4,-40.66
AAV8-RK-PDE6B,3,5,1.9,258.6,-38.99
AAV8-RK-PDE6B,3,5,1.9,258.8,-36.63
AAV8-RK-PDE6B,3,5,1.9,259.0,-33.59
AAV8-RK-PDE6B,3,5,1.9,259.2,-29.94
AAV8-RK-PDE6B,3,5,1.9,259.4,-25.83
AAV8-RK-PDE6B,3,5,1.9,259.6,-21.43
AAV8-RK-PDE6B,3,5,1.9,259.8,-16.96
AAV8-RK-PDE6B,3,5,1.9,260.0,-12.65
AAV8-RK-GFP-polyA-stuffer,4,5,1.9,0.0,-4.32
AAV8-RK-GFP-polyA-stuffer,4,5,1.9,0.2,-3.91
AAV8-RK-GFP-polyA-stuffer,4,5,1.9,0.4,-3.36
AAV8-RK-GFP-polyA-stuffer,4,5,1.9,0.6,-2.66
AAV8-RK-GFP-polyA-stuffer,4,5,1.9,0.8,-1.85
AAV8-RK-GFP-polyA-stuffer,4,5,1.9,1.0,-0.96
AAV8-RK-GFP-polyA-stuffer,4,5,1.9,1.2,-0.05
AAV8-RK-GFP-polyA-stuffer,4,5,1.9,1.4,8.19
AAV8-RK-GFP-polyA-stuffer,4,5,1.9,1.6,15.98
AAV8-RK-GFP-polyA-stuffer,4,5,1.9,1.8,22.4
AAV8-RK-GFP-polyA-stuffer,4,5,1.9,2.0,27.0
AAV8-RK-GFP-polyA-stuffer,4,5,1.9,2.2,29.52
AAV8-RK-GFP-polyA-stuffer,4,5,1.9,2.4,29.83
AAV8-RK-GFP-polyA-stuffer,4,5,1.9,2.6,28.05
AAV8-RK-GFP-polyA-stuffer,4,5,1.9,2.8,24.43
AAV8-RK-GFP-polyA-stuffer,4,5,1.9,3.0,19.39
AAV8-RK-GFP-polyA-stuffer,4,5,1.9,3.2,13.48
AAV8-RK-GFP-polyA-stuffer,4,5,1.9,3.4,7.25
AAV8-RK-GFP-polyA-stuffer,4,5,1.9,3.6,1.29
AAV8-RK-GFP-polyA-stuffer,4,5,1.9,3.8,-0.4
AAV8-RK-GFP-polyA-stuffer,4,5,1.9,4.0,-0.82
AAV8-RK-GFP-polyA-stuffer,4,5,1.9,4.2,-1.11
AAV8-RK-GFP-polyA-stuffer,4,5,1.9,4.4,-1.26
AAV8-RK-GFP-polyA-stuffer,4,5,1.9,4.6,-1.29
AAV8-RK-GFP-polyA-stuffer,4,5,1.9,4.8,-1.23
AAV8-RK-GFP-polyA-stuffer,4,5,1.9,5.0,-1.11
AAV8-RK-GFP-polyA-stuffer,4,5,1.9,5.2,-0.99
AAV8-RK-GFP-polyA-stuffer,4,5,1.9,5.4,-0.9
AAV8-RK-GFP-polyA-stuffer,4,5,1.9,5.6,-0.88
AAV8-RK-GFP-polyA-stuffer,4,5,1.9,5.8,-0.97
AAV8-RK-GFP-polyA-stuffer,4,5,1.9,6.0,-1.17
AAV8-RK-GFP-polyA-stuffer,4,5,1.9,6.2,-1.48
AAV8-RK-GFP-polyA-stuffer,4,5,1.9,6.4,-1.89
AAV8-RK-GFP-polyA-stuffer,4,5,1.9,6.6,-2.36
AAV8-RK-GFP-polyA-stuffer,4,5,1.9,6.8,-2.86
AAV8-RK-GFP-polyA-stuffer,4,5,1.9,7.0,-3.35
AAV8-RK-GFP-polyA-stuffer,4,5,1.9,7.2,-3.79
AAV8-RK-GFP-polyA-stuffer,4,5,1.9,7.4,-4.14
AAV8-RK-GFP-polyA-stuffer,4,5,1.9,7.6,-4.38
AAV8-RK-GFP-polyA-stuffer,4,5,1.9,7.8,-4.49
AAV8-RK-GFP-polyA-stuffer,4,5,1.9,8.0,-4.48
AAV8-RK-GFP-polyA-stuffer,4,5,1.9,8.2,-4.34
AAV8-RK-GFP-polyA-stuffer,4,5,1.9,8.4,-4.11
AAV8-RK-GFP-polyA-stuffer,4,5,1.9,8.6,-3.81
AAV8-RK-GFP-polyA-stuffer,4,5,1.9,8.8,-3.47
AAV8-RK-GFP-polyA-stuffer,4,5,1.9,9.0,-3.11
AAV8-RK-GFP-polyA-stuffer,4,5,1.9,9.2,-2.77
AAV8-RK-GFP-polyA-stuffer,4,5,1.9,9.4,-2.45
AAV8-RK-GFP-polyA-stuffer,4,5,1.9,9.6,-2.17
AAV8-RK-GFP-polyA-stuffer,4,5,1.9,9.8,-1.92
AAV8-RK-GFP-polyA-stuffer,4,5,1.9,10.0,-1.71
AAV8-RK-GFP-polyA-stuffer,4,5,1.9,10.2,-1.53
AAV8-RK-GFP-polyA-stuffer,4,5,1.9,10.4,-1.35
AAV8-RK-GFP-polyA-stuffer,4,5,1.9,10.6,-1.16
AAV8-RK-GFP-polyA-stuffer,4,5,1.9,10.8,-0.97
AAV8-RK-GFP-polyA-stuffer,4,5,1.9,11.0,-0.75
AAV8-RK-GFP-polyA-stuffer,4,5,1.9,11.2,-0.51
AAV8-RK-GFP-polyA-stuffer,4,5,1.9,11.4,-0.26
AAV8-RK-GFP-polyA-stuffer,4,5,1.9,11.6,0.08
AAV8-RK-GFP-polyA-stuffer,4,5,1.9,11.8,2.64
AAV8-RK-GFP-polyA-stuffer,4,5,1.9,12.0,5.04
AAV8-RK-GFP-polyA-stuffer,4,5,1.9,12.2,7.16
AAV8-RK-GFP-polyA-stuffer,4,5,1.9,12.4,8.88
AAV8-RK-GFP-polyA-stuffer,4,5,1.9,12.6,10.14
AAV8-RK-GFP-polyA-stuffer,4,5,1.9,12.8,10.9
AAV8-RK-GFP-polyA-stuffer,4,5,1.9,13.0,11.17
AAV8-RK-GFP-polyA-stuffer,4,5,1.9,13.2,10.96
AAV8-RK-GFP-polyA-stuffer,4,5,1.9,13.4,10.35
AAV8-RK-GFP-polyA-stuffer,4,5,1.9,13.6,9.38
AAV8-RK-GFP-polyA-stuffer,4,5,1.9,13.8,8.12
AAV8-RK-GFP-polyA-stuffer,4,5,1.9,14.0,6.62
AAV8-RK-GFP-polyA-stuffer,4,5,1.9,14.2,4.9
AAV8-RK-GFP-polyA-stuffer,4,5,1.9,14.4,2.98
AAV8-RK-GFP-polyA-stuffer,4,5,1.9,14.6,0.87
AAV8-RK-GFP-polyA-stuffer,4,5,1.9,14.8,-0.14
AAV8-RK-GFP-polyA-stuffer,4,5,1.9,15.0,-0.39
AAV8-RK-GFP-polyA-stuffer,4,5,1.9,15.2,-0.65
AAV8-RK-GFP-polyA-stuffer,4,5,1.9,15.4,-0.91
AAV8-RK-GFP-polyA-stuffer,4,5,1.9,15.6,-1.16
AAV8-RK-GFP-polyA-stuffer,4,5,1.9,15.8,-1.39
AAV8-RK-GFP-polyA-stuffer,4,5,1.9,16.0,-1.57
AAV8-RK-GFP-polyA-stuffer,4,5,1.9,16.2,-1.7
AAV8-RK-GFP-polyA-stuffer,4,5,1.9,16.4,-1.77
AAV8-RK-GFP-polyA-stuffer,4,5,1.9,16.6,-1.76
AAV8-RK-GFP-polyA-stuffer,4,5,1.9,16.8,-1.69
AAV8-RK-GFP-polyA-stuffer,4,5,1.9,17.0,-1.56
AAV8-RK-GFP-polyA-stuffer,4,5,1.9,17.2,-1.39
AAV8-RK-GFP-polyA-stuffer,4,5,1.9,17.4,-1.2
AAV8-RK-GFP-polyA-stuffer,4,5,1.9,17.6,-1.04
AAV8-RK-GFP-polyA-stuffer,4,5,1.9,17.8,-0.93
AAV8-RK-GFP-polyA-stuffer,4,5,1.9,18.0,-0.91
AAV8-RK-GFP-polyA-stuffer,4,5,1.9,18.2,-0.99
AAV8-RK-GFP-polyA-stuffer,4,5,1.9,18.4,-1.19
AAV8-RK-GFP-polyA-stuffer,4,5,1.9,18.6,-1.5
AAV8-RK-GFP-polyA-stuffer,4,5,1.9,18.8,-1.91
AAV8-RK-GFP-polyA-stuffer,4,5,1.9,19.0,-2.37
AAV8-RK-GFP-polyA-stuffer,4,5,1.9,19.2,-2.86
AAV8-RK-GFP-polyA-stuffer,4,5,1.9,19.4,-3.3
AAV8-RK-GFP-polyA-stuffer,4,5,1.9,19.6,-3.64
AAV8-RK-GFP-polyA-stuffer,4,5,1.9,19.8,-3.82
AAV8-RK-GFP-polyA-stuffer,4,5,1.9,20.0,-3.82
AAV8-RK-GFP-polyA-stuffer,4,5,1.9,20.2,-3.6
AAV8-RK-GFP-polyA-stuffer,4,5,1.9,20.4,-3.16
AAV8-RK-GFP-polyA-stuffer,4,5,1.9,20.6,-2.52
AAV8-RK-GFP-polyA-stuffer,4,5,1.9,20.8,-1.74
AAV8-RK-GFP-polyA-stuffer,4,5,1.9,21.0,-0.88
AAV8-RK-GFP-polyA-stuffer,4,5,1.9,21.2,-0.03
AAV8-RK-GFP-polyA-stuffer,4,5,1.9,21.4,7.14
AAV8-RK-GFP-polyA-stuffer,4,5,1.9,21.6,12.74
AAV8-RK-GFP-polyA-stuffer,4,5,1.9,21.8,15.8
AAV8-RK-GFP-polyA-stuffer,4,5,1.9,22.0,15.78
AAV8-RK-GFP-polyA-stuffer,4,5,1.9,22.2,12.42
AAV8-RK-GFP-polyA-stuffer,4,5,1.9,22.4,5.76
AAV8-RK-GFP-polyA-stuffer,4,5,1.9,22.6,-0.39
AAV8-RK-GFP-polyA-stuffer,4,5,1.9,22.8,-1.61
AAV8-RK-GFP-polyA-stuffer,4,5,1.9,23.0,-2.96
AAV8-RK-GFP-polyA-stuffer,4,5,1.9,23.2,-4.34
AAV8-RK-GFP-polyA-stuffer,4,5,1.9,23.4,-5.64
AAV8-RK-GFP-polyA-stuffer,4,5,1.9,23.6,-6.75
AAV8-RK-GFP-polyA-stuffer,4,5,1.9,23.8,-7.58
AAV8-RK-GFP-polyA-stuffer,4,5,1.9,24.0,-8.06
AAV8-RK-GFP-polyA-stuffer,4,5,1.9,24.2,-8.17
AAV8-RK-GFP-polyA-stuffer,4,5,1.9,24.4,-7.91
AAV8-RK-GFP-polyA-stuffer,4,5,1.9,24.6,-7.31
AAV8-RK-GFP-polyA-stuffer,4,5,1.9,24.8,-6.45
AAV8-RK-GFP-polyA-stuffer,4,5,1.9,25.0,-5.42
AAV8-RK-GFP-polyA-stuffer,4,5,1.9,25.2,-4.31
AAV8-RK-GFP-polyA-stuffer,4,5,1.9,25.4,-3.24
AAV8-RK-GFP-polyA-stuffer,4,5,1.9,25.6,-2.3
AAV8-RK-GFP-polyA-stuffer,4,5,1.9,25.8,-1.57
AAV8-RK-GFP-polyA-stuffer,4,5,1.9,26.0,-1.11
AAV8-RK-GFP-polyA-stuffer,4,5,1.9,26.2,-0.92
AAV8-RK-GFP-polyA-stuffer,4,5,1.9,26.4,-1.01
AAV8-RK-GFP-polyA-stuffer,4,5,1.9,26.6,-1.33
AAV8-RK-GFP-polyA-stuffer,4,5,1.9,26.8,-1.83
AAV8-RK-GFP-polyA-stuffer,4,5,1.9,27.0,-2.44
AAV8-RK-GFP-polyA-stuffer,4,5,1.9,27.2,-3.06
AAV8-RK-GFP-polyA-stuffer,4,5,1.9,27.4,-3.64
AAV8-RK-GFP-polyA-stuffer,4,5,1.9,27.6,-4.09
AAV8-RK-GFP-polyA-stuffer,4,5,1.9,27.8,-4.39
AAV8-RK-GFP-polyA-stuffer,4,5,1.9,28.0,-4.5
AAV8-RK-GFP-polyA-stuffer,4,5,1.9,28.2,-4.42
AAV8-RK-GFP-polyA-stuffer,4,5,1.9,28.4,-4.18
AAV8-RK-GFP-polyA-stuffer,4,5,1.9,28.6,-3.81
AAV8-RK-GFP-polyA-stuffer,4,5,1.9,28.8,-3.37
AAV8-RK-GFP-polyA-stuffer,4,5,1.9,29.0,-2.9
AAV8-RK-GFP-polyA-stuffer,4,5,1.9,29.2,-2.46
AAV8-RK-GFP-polyA-stuffer,4,5,1.9,29.4,-2.09
AAV8-RK-GFP-polyA-stuffer,4,5,1.9,29.6,-1.82
AAV8-RK-GFP-polyA-stuffer,4,5,1.9,29.8,-1.66
AAV8-RK-GFP-polyA-stuffer,4,5,1.9,30.0,-1.61
AAV8-RK-GFP-polyA-stuffer,4,5,1.9,30.2,-1.64
AAV8-RK-GFP-polyA-stuffer,4,5,1.9,30.4,-1.73
AAV8-RK-GFP-polyA-stuffer,4,5,1.9,30.6,-1.84
AAV8-RK-GFP-polyA-stuffer,4,5,1.9,30.8,-1.93
AAV8-RK-GFP-polyA-stuffer,4,5,1.9,31.0,-1.97
AAV8-RK-GFP-polyA-stuffer,4,5,1.9,31.2,-1.94
AAV8-RK-GFP-polyA-stuffer,4,5,1.9,31.4,-1.81
AAV8-RK-GFP-polyA-stuffer,4,5,1.9,31.6,-1.6
AAV8-RK-GFP-polyA-stuffer,4,5,1.9,31.8,-1.32
AAV8-RK-GFP-polyA-stuffer,4,5,1.9,32.0,-0.98
AAV8-RK-GFP-polyA-stuffer,4,5,1.9,32.2,-0.62
AAV8-RK-GFP-polyA-stuffer,4,5,1.9,32.4,-0.28
AAV8-RK-GFP-polyA-stuffer,4,5,1.9,32.6,0.16
AAV8-RK-GFP-polyA-stuffer,4,5,1.9,32.8,2.27
AAV8-RK-GFP-polyA-stuffer,4,5,1.9,33.0,3.41
AAV8-RK-GFP-polyA-stuffer,4,5,1.9,33.2,3.47
AAV8-RK-GFP-polyA-stuffer,4,5,1.9,33.4,2.43
AAV8-RK-GFP-polyA-stuffer,4,5,1.9,33.6,0.35
AAV8-RK-GFP-polyA-stuffer,4,5,1.9,33.8,-0.27
AAV8-RK-GFP-polyA-stuffer,4,5,1.9,34.0,-0.64
AAV8-RK-GFP-polyA-stuffer,4,5,1.9,34.2,-1.05
AAV8-RK-GFP-polyA-stuffer,4,5,1.9,34.4,-1.48
AAV8-RK-GFP-polyA-stuffer,4,5,1.9,34.6,-1.91
AAV8-RK-GFP-polyA-stuffer,4,5,1.9,34.8,-2.31
AAV8-RK-GFP-polyA-stuffer,4,5,1.9,35.0,-2.67
AAV8-RK-GFP-polyA-stuffer,4,5,1.9,35.2,-2.97
AAV8-RK-GFP-polyA-stuffer,4,5,1.9,35.4,-3.21
AAV8-RK-GFP-polyA-stuffer,4,5,1.9,35.6,-3.39
AAV8-RK-GFP-polyA-stuffer,4,5,1.9,35.8,-3.5
AAV8-RK-GFP-polyA-stuffer,4,5,1.9,36.0,-3.54
AAV8-RK-GFP-polyA-stuffer,4,5,1.9,36.2,-3.51
AAV8-RK-GFP-polyA-stuffer,4,5,1.9,36.4,-3.42
AAV8-RK-GFP-polyA-stuffer,4,5,1.9,36.6,-3.26
AAV8-RK-GFP-polyA-stuffer,4,5,1.9,36.8,-3.05
AAV8-RK-GFP-polyA-stuffer,4,5,1.9,37.0,-2.8
AAV8-RK-GFP-polyA-stuffer,4,5,1.9,37.2,-2.53
AAV8-RK-GFP-polyA-stuffer,4,5,1.9,37.4,-2.25
AAV8-RK-GFP-polyA-stuffer,4,5,1.9,37.6,-1.98
AAV8-RK-GFP-polyA-stuffer,4,5,1.9,37.8,-1.76
AAV8-RK-GFP-polyA-stuffer,4,5,1.9,38.0,-1.61
AAV8-RK-GFP-polyA-stuffer,4,5,1.9,38.2,-1.53
AAV8-RK-GFP-polyA-stuffer,4,5,1.9,38.4,-1.56
AAV8-RK-GFP-polyA-stuffer,4,5,1.9,38.6,-1.69
AAV8-RK-GFP-polyA-stuffer,4,5,1.9,38.8,-1.91
AAV8-RK-GFP-polyA-stuffer,4,5,1.9,39.0,-2.21
AAV8-RK-GFP-polyA-stuffer,4,5,1.9,39.2,-2.55
AAV8-RK-GFP-polyA-stuffer,4,5,1.9,39.4,-2.89
AAV8-RK-GFP-polyA-stuffer,4,5,1.9,39.6,-3.18
AAV8-RK-GFP-polyA-stuffer,4,5,1.9,39.8,-3.37
AAV8-RK-GFP-polyA-stuffer,4,5,1.9,40.0,-3.42
AAV8-RK-GFP-polyA-stuffer,4,5,1.9,40.2,-3.3
AAV8-RK-GFP-polyA-stuffer,4,5,1.9,40.4,-2.98
AAV8-RK-GFP-polyA-stuffer,4,5,1.9,40.6,-2.46
AAV8-RK-GFP-polyA-stuffer,4,5,1.9,40.8,-1.78
AAV8-RK-GFP-polyA-stuffer,4,5,1.9,41.0,-0.96
AAV8-RK-GFP-polyA-stuffer,4,5,1.9,41.2,-0.09
AAV8-RK-GFP-polyA-stuffer,4,5,1.9,41.4,7.61
AAV8-RK-GFP-polyA-stuffer,4,5,1.9,41.6,15.15
AAV8-RK-GFP-polyA-stuffer,4,5,1.9,41.8,20.98
AAV8-RK-GFP-polyA-stuffer,4,5,1.9,42.0,24.42
AAV8-RK-GFP-polyA-stuffer,4,5,1.9,42.2,24.98
AAV8-RK-GFP-polyA-stuffer,4,5,1.9,42.4,22.39
AAV8-RK-GFP-polyA-stuffer,4,5,1.9,42.6,16.71
AAV8-RK-GFP-polyA-stuffer,4,5,1.9,42.8,8.27
AAV8-RK-GFP-polyA-stuffer,4,5,1.9,43.0,-0.24
AAV8-RK-GFP-polyA-stuffer,4,5,1.9,43.2,-1.45
AAV8-RK-GFP-polyA-stuffer,4,5,1.9,43.4,-2.7
AAV8-RK-GFP-polyA-stuffer,4,5,1.9,43.6,-3.87
AAV8-RK-GFP-polyA-stuffer,4,5,1.9,43.8,-4.87
AAV8-RK-GFP-polyA-stuffer,4,5,1.9,44.0,-5.59
AAV8-RK-GFP-polyA-stuffer,4,5,1.9,44.2,-5.99
AAV8-RK-GFP-polyA-stuffer,4,5,1.9,44.4,-6.03
AAV8-RK-GFP-polyA-stuffer,4,5,1.9,44.6,-5.72
AAV8-RK-GFP-polyA-stuffer,4,5,1.9,44.8,-5.09
AAV8-RK-GFP-polyA-stuffer,4,5,1.9,45.0,-4.21
AAV8-RK-GFP-polyA-stuffer,4,5,1.9,45.2,-3.18
AAV8-RK-GFP-polyA-stuffer,4,5,1.9,45.4,-2.09
AAV8-RK-GFP-polyA-stuffer,4,5,1.9,45.6,-1.05
AAV8-RK-GFP-polyA-stuffer,4,5,1.9,45.8,-0.17
AAV8-RK-GFP-polyA-stuffer,4,5,1.9,46.0,4.73
AAV8-RK-GFP-polyA-stuffer,4,5,1.9,46.2,8.29
AAV8-RK-GFP-polyA-stuffer,4,5,1.9,46.4,8.82
AAV8-RK-GFP-polyA-stuffer,4,5,1.9,46.6,6.44
AAV8-RK-GFP-polyA-stuffer,4,5,1.9,46.8,1.54
AAV8-RK-GFP-polyA-stuffer,4,5,1.9,47.0,-0.54
AAV8-RK-GFP-polyA-stuffer,4,5,1.9,47.2,-1.34
AAV8-RK-GFP-polyA-stuffer,4,5,1.9,47.4,-2.15
AAV8-RK-GFP-polyA-stuffer,4,5,1.9,47.6,-2.89
AAV8-RK-GFP-polyA-stuffer,4,5,1.9,47.8,-3.48
AAV8-RK-GFP-polyA-stuffer,4,5,1.9,48.0,-3.86
AAV8-RK-GFP-polyA-stuffer,4,5,1.9,48.2,-3.99
AAV8-RK-GFP-polyA-stuffer,4,5,1.9,48.4,-3.88
AAV8-RK-GFP-polyA-stuffer,4,5,1.9,48.6,-3.53
AAV8-RK-GFP-polyA-stuffer,4,5,1.9,48.8,-3.01
AAV8-RK-GFP-polyA-stuffer,4,5,1.9,49.0,-2.37
AAV8-RK-GFP-polyA-stuffer,4,5,1.9,49.2,-1.68
AAV8-RK-GFP-polyA-stuffer,4,5,1.9,49.4,-1.01
AAV8-RK-GFP-polyA-stuffer,4,5,1.9,49.6,-0.45
AAV8-RK-GFP-polyA-stuffer,4,5,1.9,49.8,-0.03
AAV8-RK-GFP-polyA-stuffer,4,5,1.9,50.0,2.01
AAV8-RK-GFP-polyA-stuffer,4,5,1.9,50.2,2.43
AAV8-RK-GFP-polyA-stuffer,4,5,1.9,50.4,1.08
AAV8-RK-GFP-polyA-stuffer,4,5,1.9,50.6,-0.18
AAV8-RK-GFP-polyA-stuffer,4,5,1.9,50.8,-0.57
AAV8-RK-GFP-polyA-stuffer,4,5,1.9,51.0,-1.01
AAV8-RK-GFP-polyA-stuffer,4,5,1.9,51.2,-1.43
AAV8-RK-GFP-polyA-stuffer,4,5,1.9,51.4,-1.78
AAV8-RK-GFP-polyA-stuffer,4,5,1.9,51.6,-2.02
AAV8-RK-GFP-polyA-stuffer,4,5,1.9,51.8,-2.1
AAV8-RK-GFP-polyA-stuffer,4,5,1.9,52.0,-2.02
AAV8-RK-GFP-polyA-stuffer,4,5,1.9,52.2,-1.77
AAV8-RK-GFP-polyA-stuffer,4,5,1.9,52.4,-1.39
AAV8-RK-GFP-polyA-stuffer,4,5,1.9,52.6,-0.89
AAV8-RK-GFP-polyA-stuffer,4,5,1.9,52.8,-0.34
AAV8-RK-GFP-polyA-stuffer,4,5,1.9,53.0,2.17
AAV8-RK-GFP-polyA-stuffer,4,5,1.9,53.2,7.23
AAV8-RK-GFP-polyA-stuffer,4,5,1.9,53.4,11.4
AAV8-RK-GFP-polyA-stuffer,4,5,1.9,53.6,14.29
AAV8-RK-GFP-polyA-stuffer,4,5,1.9,53.8,15.63
AAV8-RK-GFP-polyA-stuffer,4,5,1.9,54.0,15.3
AAV8-RK-GFP-polyA-stuffer,4,5,1.9,54.2,13.31
AAV8-RK-GFP-polyA-stuffer,4,5,1.9,54.4,9.78
AAV8-RK-GFP-polyA-stuffer,4,5,1.9,54.6,4.98
AAV8-RK-GFP-polyA-stuffer,4,5,1.9,54.8,-0.08
AAV8-RK-GFP-polyA-stuffer,4,5,1.9,55.0,-0.72
AAV8-RK-GFP-polyA-stuffer,4,5,1.9,55.2,-1.37
AAV8-RK-GFP-polyA-stuffer,4,5,1.9,55.4,-1.98
AAV8-RK-GFP-polyA-stuffer,4,5,1.9,55.6,-2.52
AAV8-RK-GFP-polyA-stuffer,4,5,1.9,55.8,-2.96
AAV8-RK-GFP-polyA-stuffer,4,5,1.9,56.0,-3.27
AAV8-RK-GFP-polyA-stuffer,4,5,1.9,56.2,-3.43
AAV8-RK-GFP-polyA-stuffer,4,5,1.9,56.4,-3.45
AAV8-RK-GFP-polyA-stuffer,4,5,1.9,56.6,-3.33
AAV8-RK-GFP-polyA-stuffer,4,5,1.9,56.8,-3.09
AAV8-RK-GFP-polyA-stuffer,4,5,1.9,57.0,-2.76
AAV8-RK-GFP-polyA-stuffer,4,5,1.9,57.2,-2.37
AAV8-RK-GFP-polyA-stuffer,4,5,1.9,57.4,-1.95
AAV8-RK-GFP-polyA-stuffer,4,5,1.9,57.6,-1.56
AAV8-RK-GFP-polyA-stuffer,4,5,1.9,57.8,-1.22
AAV8-RK-GFP-polyA-stuffer,4,5,1.9,58.0,-0.96
AAV8-RK-GFP-polyA-stuffer,4,5,1.9,58.2,-0.81
AAV8-RK-GFP-polyA-stuffer,4,5,1.9,58.4,-0.79
AAV8-RK-GFP-polyA-stuffer,4,5,1.9,58.6,-0.88
AAV8-RK-GFP-polyA-stuffer,4,5,1.9,58.8,-1.09
AAV8-RK-GFP-polyA-stuffer,4,5,1.9,59.0,-1.38
AAV8-RK-GFP-polyA-stuffer,4,5,1.9,59.2,-1.73
AAV8-RK-GFP-polyA-stuffer,4,5,1.9,59.4,-2.08
AAV8-RK-GFP-polyA-stuffer,4,5,1.9,59.6,-2.4
AAV8-RK-GFP-polyA-stuffer,4,5,1.9,59.8,-2.64
AAV8-RK-GFP-polyA-stuffer,4,5,1.9,60.0,-2.76
AAV8-RK-GFP-polyA-stuffer,4,5,1.9,60.2,-2.74
AAV8-RK-GFP-polyA-stuffer,4,5,1.9,60.4,-2.56
AAV8-RK-GFP-polyA-stuffer,4,5,1.9,60.6,-2.23
AAV8-RK-GFP-polyA-stuffer,4,5,1.9,60.8,-1.76
AAV8-RK-GFP-polyA-stuffer,4,5,1.9,61.0,-1.2
AAV8-RK-GFP-polyA-stuffer,4,5,1.9,61.2,-0.59
AAV8-RK-GFP-polyA-stuffer,4,5,1.9,61.4,0.09
AAV8-RK-GFP-polyA-stuffer,4,5,1.9,61.6,5.17
AAV8-RK-GFP-polyA-stuffer,4,5,1.9,61.8,8.92
AAV8-RK-GFP-polyA-stuffer,4,5,1.9,62.0,10.87
AAV8-RK-GFP-polyA-stuffer,4,5,1.9,62.2,10.69
AAV8-RK-GFP-polyA-stuffer,4,5,1.9,62.4,8.28
AAV8-RK-GFP-polyA-stuffer,4,5,1.9,62.6,3.74
AAV8-RK-GFP-polyA-stuffer,4,5,1.9,62.8,-0.27
AAV8-RK-GFP-polyA-stuffer,4,5,1.9,63.0,-1.04
AAV8-RK-GFP-polyA-stuffer,4,5,1.9,63.2,-1.88
AAV8-RK-GFP-polyA-stuffer,4,5,1.9,63.4,-2.69
AAV8-RK-GFP-polyA-stuffer,4,5,1.9,63.6,-3.4
AAV8-RK-GFP-polyA-stuffer,4,5,1.9,63.8,-3.92
AAV8-RK-GFP-polyA-stuffer,4,5,1.9,64.0,-4.21
AAV8-RK-GFP-polyA-stuffer,4,5,1.9,64.2,-4.23
AAV8-RK-GFP-polyA-stuffer,4,5,1.9,64.4,-3.95
AAV8-RK-GFP-polyA-stuffer,4,5,1.9,64.6,-3.41
AAV8-RK-GFP-polyA-stuffer,4,5,1.9,64.8,-2.65
AAV8-RK-GFP-polyA-stuffer,4,5,1.9,65.0,-1.74
AAV8-RK-GFP-polyA-stuffer,4,5,1.9,65.2,-0.77
AAV8-RK-GFP-polyA-stuffer,4,5,1.9,65.4,1.7
AAV8-RK-GFP-polyA-stuffer,4,5,1.9,65.6,9.68
AAV8-RK-GFP-polyA-stuffer,4,5,1.9,65.8,15.63
AAV8-RK-GFP-polyA-stuffer,4,5,1.9,66.0,18.94
AAV8-RK-GFP-polyA-stuffer,4,5,1.9,66.2,19.26
AAV8-RK-GFP-polyA-stuffer,4,5,1.9,66.4,16.52
AAV8-RK-GFP-polyA-stuffer,4,5,1.9,66.6,10.98
AAV8-RK-GFP-polyA-stuffer,4,5,1.9,66.8,3.14
AAV8-RK-GFP-polyA-stuffer,4,5,1.9,67.0,-0.64
AAV8-RK-GFP-polyA-stuffer,4,5,1.9,67.2,-1.66
AAV8-RK-GFP-polyA-stuffer,4,5,1.9,67.4,-2.66
AAV8-RK-GFP-polyA-stuffer,4,5,1.9,67.6,-3.52
AAV8-RK-GFP-polyA-stuffer,4,5,1.9,67.8,-4.18
AAV8-RK-GFP-polyA-stuffer,4,5,1.9,68.0,-4.58
AAV8-RK-GFP-polyA-stuffer,4,5,1.9,68.2,-4.68
AAV8-RK-GFP-polyA-stuffer,4,5,1.9,68.4,-4.48
AAV8-RK-GFP-polyA-stuffer,4,5,1.9,68.6,-4.03
AAV8-RK-GFP-polyA-stuffer,4,5,1.9,68.8,-3.36
AAV8-RK-GFP-polyA-stuffer,4,5,1.9,69.0,-2.55
AAV8-RK-GFP-polyA-stuffer,4,5,1.9,69.2,-1.69
AAV8-RK-GFP-polyA-stuffer,4,5,1.9,69.4,-0.88
AAV8-RK-GFP-polyA-stuffer,4,5,1.9,69.6,-0.17
AAV8-RK-GFP-polyA-stuffer,4,5,1.9,69.8,3.45
AAV8-RK-GFP-polyA-stuffer,4,5,1.9,70.0,6.44
AAV8-RK-GFP-polyA-stuffer,4,5,1.9,70.2,7.14
AAV8-RK-GFP-polyA-stuffer,4,5,1.9,70.4,5.69
AAV8-RK-GFP-polyA-stuffer,4,5,1.9,70.6,2.45
AAV8-RK-GFP-polyA-stuffer,4,5,1.9,70.8,-0.2
AAV8-RK-GFP-polyA-stuffer,4,5,1.9,71.0,-0.71
AAV8-RK-GFP-polyA-stuffer,4,5,1.9,71.2,-1.18
AAV8-RK-GFP-polyA-stuffer,4,5,1.9,71.4,-1.55
AAV8-RK-GFP-polyA-stuffer,4,5,1.9,71.6,-1.75
AAV8-RK-GFP-polyA-stuffer,4,5,1.9,71.8,-1.74
AAV8-RK-GFP-polyA-stuffer,4,5,1.9,72.0,-1.49
AAV8-RK-GFP-polyA-stuffer,4,5,1.9,72.2,-1.01
AAV8-RK-GFP-polyA-stuffer,4,5,1.9,72.4,-0.33
AAV8-RK-GFP-polyA-stuffer,4,5,1.9,72.6,5.03
AAV8-RK-GFP-polyA-stuffer,4,5,1.9,72.8,14.08
AAV8-RK-GFP-polyA-stuffer,4,5,1.9,73.0,23.19
AAV8-RK-GFP-polyA-stuffer,4,5,1.9,73.2,31.56
AAV8-RK-GFP-polyA-stuffer,4,5,1.9,73.4,38.44
AAV8-RK-GFP-polyA-stuffer,4,5,1.9,73.6,43.21
AAV8-RK-GFP-polyA-stuffer,4,5,1.9,73.8,45.41
AAV8-RK-GFP-polyA-stuffer,4,5,1.9,74.0,44.8
AAV8-RK-GFP-polyA-stuffer,4,5,1.9,74.2,41.41
AAV8-RK-GFP-polyA-stuffer,4,5,1.9,74.4,35.47
AAV8-RK-GFP-polyA-stuffer,4,5,1.9,74.6,27.45
AAV8-RK-GFP-polyA-stuffer,4,5,1.9,74.8,17.95
AAV8-RK-GFP-polyA-stuffer,4,5,1.9,75.0,7.73
AAV8-RK-GFP-polyA-stuffer,4,5,1.9,75.2,-2.46
AAV8-RK-GFP-polyA-stuffer,4,5,1.9,75.4,-11.85
AAV8-RK-GFP-polyA-stuffer,4,5,1.9,75.6,-19.78
AAV8-RK-GFP-polyA-stuffer,4,5,1.9,75.8,-25.73
AAV8-RK-GFP-polyA-stuffer,4,5,1.9,76.0,-29.35
AAV8-RK-GFP-polyA-stuffer,4,5,1.9,76.2,-30.52
AAV8-RK-GFP-polyA-stuffer,4,5,1.9,76.4,-29.31
AAV8-RK-GFP-polyA-stuffer,4,5,1.9,76.6,-25.98
AAV8-RK-GFP-polyA-stuffer,4,5,1.9,76.8,-20.98
AAV8-RK-GFP-polyA-stuffer,4,5,1.9,77.0,-14.85
AAV8-RK-GFP-polyA-stuffer,4,5,1.9,77.2,-8.23
AAV8-RK-GFP-polyA-stuffer,4,5,1.9,77.4,-1.76
AAV8-RK-GFP-polyA-stuffer,4,5,1.9,77.6,3.97
AAV8-RK-GFP-polyA-stuffer,4,5,1.9,77.8,8.44
AAV8-RK-GFP-polyA-stuffer,4,5,1.9,78.0,11.28
AAV8-RK-GFP-polyA-stuffer,4,5,1.9,78.2,12.28
AAV8-RK-GFP-polyA-stuffer,4,5,1.9,78.4,11.4
AAV8-RK-GFP-polyA-stuffer,4,5,1.9,78.6,8.78
AAV8-RK-GFP-polyA-stuffer,4,5,1.9,78.8,4.71
AAV8-RK-GFP-polyA-stuffer,4,5,1.9,79.0,-0.4
AAV8-RK-GFP-polyA-stuffer,4,5,1.9,79.2,-6.04
AAV8-RK-GFP-polyA-stuffer,4,5,1.9,79.4,-11.68
AAV8-RK-GFP-polyA-stuffer,4,5,1.9,79.6,-16.8
AAV8-RK-GFP-polyA-stuffer,4,5,1.9,79.8,-20.94
AAV8-RK-GFP-polyA-stuffer,4,5,1.9,80.0,-23.72
AAV8-RK-GFP-polyA-stuffer,4,5,1.9,80.2,-24.94
AAV8-RK-GFP-polyA-stuffer,4,5,1.9,80.4,-24.5
AAV8-RK-GFP-polyA-stuffer,4,5,1.9,80.6,-22.49
AAV8-RK-GFP-polyA-stuffer,4,5,1.9,80.8,-19.12
AAV8-RK-GFP-polyA-stuffer,4,5,1.9,81.0,-14.74
AAV8-RK-GFP-polyA-stuffer,4,5,1.9,81.2,-9.76
AAV8-RK-GFP-polyA-stuffer,4,5,1.9,81.4,-4.66
AAV8-RK-GFP-polyA-stuffer,4,5,1.9,81.6,0.11
AAV8-RK-GFP-polyA-stuffer,4,5,1.9,81.8,4.15
AAV8-RK-GFP-polyA-stuffer,4,5,1.9,82.0,7.13
AAV8-RK-GFP-polyA-stuffer,4,5,1.9,82.2,8.86
AAV8-RK-GFP-polyA-stuffer,4,5,1.9,82.4,9.28
AAV8-RK-GFP-polyA-stuffer,4,5,1.9,82.6,8.46
AAV8-RK-GFP-polyA-stuffer,4,5,1.9,82.8,6.61
AAV8-RK-GFP-polyA-stuffer,4,5,1.9,83.0,4.04
AAV8-RK-GFP-polyA-stuffer,4,5,1.9,83.2,1.12
AAV8-RK-GFP-polyA-stuffer,4,5,1.9,83.4,-1.75
AAV8-RK-GFP-polyA-stuffer,4,5,1.9,83.6,-4.18
AAV8-RK-GFP-polyA-stuffer,4,5,1.9,83.8,-5.86
AAV8-RK-GFP-polyA-stuffer,4,5,1.9,84.0,-6.56
AAV8-RK-GFP-polyA-stuffer,4,5,1.9,84.2,-6.18
AAV8-RK-GFP-polyA-stuffer,4,5,1.9,84.4,-4.74
AAV8-RK-GFP-polyA-stuffer,4,5,1.9,84.6,-2.41
AAV8-RK-GFP-polyA-stuffer,4,5,1.9,84.8,0.57
AAV8-RK-GFP-polyA-stuffer,4,5,1.9,85.0,3.82
AAV8-RK-GFP-polyA-stuffer,4,5,1.9,85.2,6.98
AAV8-RK-GFP-polyA-stuffer,4,5,1.9,85.4,9.66
AAV8-RK-GFP-polyA-stuffer,4,5,1.9,85.6,11.5
AAV8-RK-GFP-polyA-stuffer,4,5,1.9,85.8,12.24
AAV8-RK-GFP-polyA-stuffer,4,5,1.9,86.0,11.73
AAV8-RK-GFP-polyA-stuffer,4,5,1.9,86.2,9.95
AAV8-RK-GFP-polyA-stuffer,4,5,1.9,86.4,6.99
AAV8-RK-GFP-polyA-stuffer,4,5,1.9,86.6,3.09
AAV8-RK-GFP-polyA-stuffer,4,5,1.9,86.8,-1.43
AAV8-RK-GFP-polyA-stuffer,4,5,1.9,87.0,-6.19
AAV8-RK-GFP-polyA-stuffer,4,5,1.9,87.2,-10.76
AAV8-RK-GFP-polyA-stuffer,4,5,1.9,87.4,-14.76
AAV8-RK-GFP-polyA-stuffer,4,5,1.9,87.6,-17.83
AAV8-RK-GFP-polyA-stuffer,4,5,1.9,87.8,-19.73
AAV8-RK-GFP-polyA-stuffer,4,5,1.9,88.0,-20.31
AAV8-RK-GFP-polyA-stuffer,4,5,1.9,88.2,-19.55
AAV8-RK-GFP-polyA-stuffer,4,5,1.9,88.4,-17.56
AAV8-RK-GFP-polyA-stuffer,4,5,1.9,88.6,-14.56
AAV8-RK-GFP-polyA-stuffer,4,5,1.9,88.8,-10.85
AAV8-RK-GFP-polyA-stuffer,4,5,1.9,89.0,-6.79
AAV8-RK-GFP-polyA-stuffer,4,5,1.9,89.2,-2.77
AAV8-RK-GFP-polyA-stuffer,4,5,1.9,89.4,0.84
AAV8-RK-GFP-polyA-stuffer,4,5,1.9,89.6,3.73
AAV8-RK-GFP-polyA-stuffer,4,5,1.9,89.8,5.65
AAV8-RK-GFP-polyA-stuffer,4,5,1.9,90.0,6.46
AAV8-RK-GFP-polyA-stuffer,4,5,1.9,90.2,6.13
AAV8-RK-GFP-polyA-stuffer,4,5,1.9,90.4,4.72
AAV8-RK-GFP-polyA-stuffer,4,5,1.9,90.6,2.4
AAV8-RK-GFP-polyA-stuffer,4,5,1.9,90.8,-0.57
AAV8-RK-GFP-polyA-stuffer,4,5,1.9,91.0,-3.9
AAV8-RK-GFP-polyA-stuffer,4,5,1.9,91.2,-7.24
AAV8-RK-GFP-polyA-stuffer,4,5,1.9,91.4,-10.26
AAV8-RK-GFP-polyA-stuffer,4,5,1.9,91.6,-12.64
AAV8-RK-GFP-polyA-stuffer,4,5,1.9,91.8,-14.15
AAV8-RK-GFP-polyA-stuffer,4,5,1.9,92.0,-14.61
AAV8-RK-GFP-polyA-stuffer,4,5,1.9,92.2,-13.91
AAV8-RK-GFP-polyA-stuffer,4,5,1.9,92.4,-12.09
AAV8-RK-GFP-polyA-stuffer,4,5,1.9,92.6,-9.23
AAV8-RK-GFP-polyA-stuffer,4,5,1.9,92.8,-5.53
AAV8-RK-GFP-polyA-stuffer,4,5,1.9,93.0,-1.28
AAV8-RK-GFP-polyA-stuffer,4,5,1.9,93.2,3.22
AAV8-RK-GFP-polyA-stuffer,4,5,1.9,93.4,7.6
AAV8-RK-GFP-polyA-stuffer,4,5,1.9,93.6,11.5
AAV8-RK-GFP-polyA-stuffer,4,5,1.9,93.8,14.59
AAV8-RK-GFP-polyA-stuffer,4,5,1.9,94.0,16.58
AAV8-RK-GFP-polyA-stuffer,4,5,1.9,94.2,17.26
AAV8-RK-GFP-polyA-stuffer,4,5,1.9,94.4,16.53
AAV8-RK-GFP-polyA-stuffer,4,5,1.9,94.6,14.4
AAV8-RK-GFP-polyA-stuffer,4,5,1.9,94.8,10.99
AAV8-RK-GFP-polyA-stuffer,4,5,1.9,95.0,6.53
AAV8-RK-GFP-polyA-stuffer,4,5,1.9,95.2,1.36
AAV8-RK-GFP-polyA-stuffer,4,5,1.9,95.4,-4.12
AAV8-RK-GFP-polyA-stuffer,4,5,1.9,95.6,-9.45
AAV8-RK-GFP-polyA-stuffer,4,5,1.9,95.8,-14.19
AAV8-RK-GFP-polyA-stuffer,4,5,1.9,96.0,-17.92
AAV8-RK-GFP-polyA-stuffer,4,5,1.9,96.2,-20.31
AAV8-RK-GFP-polyA-stuffer,4,5,1.9,96.4,-21.14
AAV8-RK-GFP-polyA-stuffer,4,5,1.9,96.6,-20.33
AAV8-RK-GFP-polyA-stuffer,4,5,1.9,96.8,-17.98
AAV8-RK-GFP-polyA-stuffer,4,5,1.9,97.0,-14.31
AAV8-RK-GFP-polyA-stuffer,4,5,1.9,97.2,-9.69
AAV8-RK-GFP-polyA-stuffer,4,5,1.9,97.4,-4.62
AAV8-RK-GFP-polyA-stuffer,4,5,1.9,97.6,0.37
AAV8-RK-GFP-polyA-stuffer,4,5,1.9,97.8,4.72
AAV8-RK-GFP-polyA-stuffer,4,5,1.9,98.0,7.93
AAV8-RK-GFP-polyA-stuffer,4,5,1.9,98.2,9.59
AAV8-RK-GFP-polyA-stuffer,4,5,1.9,98.4,9.47
AAV8-RK-GFP-polyA-stuffer,4,5,1.9,98.6,7.49
AAV8-RK-GFP-polyA-stuffer,4,5,1.9,98.8,3.79
AAV8-RK-GFP-polyA-stuffer,4,5,1.9,99.0,-1.29
AAV8-RK-GFP-polyA-stuffer,4,5,1.9,99.2,-7.25
AAV8-RK-GFP-polyA-stuffer,4,5,1.9,99.4,-13.47
AAV8-RK-GFP-polyA-stuffer,4,5,1.9,99.6,-19.29
AAV8-RK-GFP-polyA-stuffer,4,5,1.9,99.8,-24.04
AAV8-RK-GFP-polyA-stuffer,4,5,1.9,100.0,-27.17
AAV8-RK-GFP-polyA-stuffer,4,5,1.9,100.2,-28.27
AAV8-RK-GFP-polyA-stuffer,4,5,1.9,100.4,-27.15
AAV8-RK-GFP-polyA-stuffer,4,5,1.9,100.6,-23.84
AAV8-RK-GFP-polyA-stuffer,4,5,1.9,100.8,-18.64
AAV8-RK-GFP-polyA-stuffer,4,5,1.9,101.0,-12.07
AAV8-RK-GFP-polyA-stuffer,4,5,1.9,101.2,-4.83
AAV8-RK-GFP-polyA-stuffer,4,5,1.9,101.4,2.3
AAV8-RK-GFP-polyA-stuffer,4,5,1.9,101.6,8.48
AAV8-RK-GFP-polyA-stuffer,4,5,1.9,101.8,12.97
AAV8-RK-GFP-polyA-stuffer,4,5,1.9,102.0,15.17
AAV8-RK-GFP-polyA-stuffer,4,5,1.9,102.2,14.7
AAV8-RK-GFP-polyA-stuffer,4,5,1.9,102.4,11.46
AAV8-RK-GFP-polyA-stuffer,4,5,1.9,102.6,5.64
AAV8-RK-GFP-polyA-stuffer,4,5,1.9,102.8,-2.27
AAV8-RK-GFP-polyA-stuffer,4,5,1.9,103.0,-11.58
AAV8-RK-GFP-polyA-stuffer,4,5,1.9,103.2,-21.39
AAV8-RK-GFP-polyA-stuffer,4,5,1.9,103.4,-30.76
AAV8-RK-GFP-polyA-stuffer,4,5,1.9,103.6,-38.75
AAV8-RK-GFP-polyA-stuffer,4,5,1.9,103.8,-44.57
AAV8-RK-GFP-polyA-stuffer,4,5,1.9,104.0,-47.61
AAV8-RK-GFP-polyA-stuffer,4,5,1.9,104.2,-47.58
AAV8-RK-GFP-polyA-stuffer,4,5,1.9,104.4,-44.48
AAV8-RK-GFP-polyA-stuffer,4,5,1.9,104.6,-38.63
AAV8-RK-GFP-polyA-stuffer,4,5,1.9,104.8,-30.64
AAV8-RK-GFP-polyA-stuffer,4,5,1.9,105.0,-21.33
AAV8-RK-GFP-polyA-stuffer,4,5,1.9,105.2,-11.67
AAV8-RK-GFP-polyA-stuffer,4,5,1.9,105.4,-2.63
AAV8-RK-GFP-polyA-stuffer,4,5,1.9,105.6,4.88
AAV8-RK-GFP-polyA-stuffer,4,5,1.9,105.8,10.14
AAV8-RK-GFP-polyA-stuffer,4,5,1.9,106.0,12.69
AAV8-RK-GFP-polyA-stuffer,4,5,1.9,106.2,12.36
AAV8-RK-GFP-polyA-stuffer,4,5,1.9,106.4,9.32
AAV8-RK-GFP-polyA-stuffer,4,5,1.9,106.6,4.02
AAV8-RK-GFP-polyA-stuffer,4,5,1.9,106.8,-2.82
AAV8-RK-GFP-polyA-stuffer,4,5,1.9,107.0,-10.35
AAV8-RK-GFP-polyA-stuffer,4,5,1.9,107.2,-17.63
AAV8-RK-GFP-polyA-stuffer,4,5,1.9,107.4,-23.77
AAV8-RK-GFP-polyA-stuffer,4,5,1.9,107.6,-28.02
AAV8-RK-GFP-polyA-stuffer,4,5,1.9,107.8,-29.87
AAV8-RK-GFP-polyA-stuffer,4,5,1.9,108.0,-29.08
AAV8-RK-GFP-polyA-stuffer,4,5,1.9,108.2,-25.7
AAV8-RK-GFP-polyA-stuffer,4,5,1.9,108.4,-20.12
AAV8-RK-GFP-polyA-stuffer,4,5,1.9,108.6,-12.92
AAV8-RK-GFP-polyA-stuffer,4,5,1.9,108.8,-4.91
AAV8-RK-GFP-polyA-stuffer,4,5,1.9,109.0,3.05
AAV8-RK-GFP-polyA-stuffer,4,5,1.9,109.2,10.08
AAV8-RK-GFP-polyA-stuffer,4,5,1.9,109.4,15.43
AAV8-RK-GFP-polyA-stuffer,4,5,1.9,109.6,18.55
AAV8-RK-GFP-polyA-stuffer,4,5,1.9,109.8,19.11
AAV8-RK-GFP-polyA-stuffer,4,5,1.9,110.0,17.09
AAV8-RK-GFP-polyA-stuffer,4,5,1.9,110.2,12.74
AAV8-RK-GFP-polyA-stuffer,4,5,1.9,110.4,6.54
AAV8-RK-GFP-polyA-stuffer,4,5,1.9,110.6,-0.82
AAV8-RK-GFP-polyA-stuffer,4,5,1.9,110.8,-8.57
AAV8-RK-GFP-polyA-stuffer,4,5,1.9,111.0,-15.91
AAV8-RK-GFP-polyA-stuffer,4,5,1.9,111.2,-22.13
AAV8-RK-GFP-polyA-stuffer,4,5,1.9,111.4,-26.66
AAV8-RK-GFP-polyA-stuffer,4,5,1.9,111.6,-29.14
AAV8-RK-GFP-polyA-stuffer,4,5,1.9,111.8,-29.46
AAV8-RK-GFP-polyA-stuffer,4,5,1.9,112.0,-27.76
AAV8-RK-GFP-polyA-stuffer,4,5,1.9,112.2,-24.39
AAV8-RK-GFP-polyA-stuffer,4,5,1.9,112.4,-19.89
AAV8-RK-GFP-polyA-stuffer,4,5,1.9,112.6,-14.9
AAV8-RK-GFP-polyA-stuffer,4,5,1.9,112.8,-10.11
AAV8-RK-GFP-polyA-stuffer,4,5,1.9,113.0,-6.15
AAV8-RK-GFP-polyA-stuffer,4,5,1.9,113.2,-3.52
AAV8-RK-GFP-polyA-stuffer,4,5,1.9,113.4,-2.6
AAV8-RK-GFP-polyA-stuffer,4,5,1.9,113.6,-3.52
AAV8-RK-GFP-polyA-stuffer,4,5,1.9,113.8,-6.22
AAV8-RK-GFP-polyA-stuffer,4,5,1.9,114.0,-10.45
AAV8-RK-GFP-polyA-stuffer,4,5,1.9,114.2,-15.8
AAV8-RK-GFP-polyA-stuffer,4,5,1.9,114.4,-21.71
AAV8-RK-GFP-polyA-stuffer,4,5,1.9,114.6,-27.62
AAV8-RK-GFP-polyA-stuffer,4,5,1.9,114.8,-32.95
AAV8-RK-GFP-polyA-stuffer,4,5,1.9,115.0,-37.19
AAV8-RK-GFP-polyA-stuffer,4,5,1.9,115.2,-39.96
AAV8-RK-GFP-polyA-stuffer,4,5,1.9,115.4,-41.01
AAV8-RK-GFP-polyA-stuffer,4,5,1.9,115.6,-40.26
AAV8-RK-GFP-polyA-stuffer,4,5,1.9,115.8,-37.78
AAV8-RK-GFP-polyA-stuffer,4,5,1.9,116.0,-33.78
AAV8-RK-GFP-polyA-stuffer,4,5,1.9,116.2,-28.58
AAV8-RK-GFP-polyA-stuffer,4,5,1.9,116.4,-22.57
AAV8-RK-GFP-polyA-stuffer,4,5,1.9,116.6,-16.16
AAV8-RK-GFP-polyA-stuffer,4,5,1.9,116.8,-9.76
AAV8-RK-GFP-polyA-stuffer,4,5,1.9,117.0,-3.73
AAV8-RK-GFP-polyA-stuffer,4,5,1.9,117.2,1.63
AAV8-RK-GFP-polyA-stuffer,4,5,1.9,117.4,6.11
AAV8-RK-GFP-polyA-stuffer,4,5,1.9,117.6,9.57
AAV8-RK-GFP-polyA-stuffer,4,5,1.9,117.8,11.96
AAV8-RK-GFP-polyA-stuffer,4,5,1.9,118.0,13.27
AAV8-RK-GFP-polyA-stuffer,4,5,1.9,118.2,13.58
AAV8-RK-GFP-polyA-stuffer,4,5,1.9,118.4,12.98
AAV8-RK-GFP-polyA-stuffer,4,5,1.9,118.6,11.58
AAV8-RK-GFP-polyA-stuffer,4,5,1.9,118.8,9.53
AAV8-RK-GFP-polyA-stuffer,4,5,1.9,119.0,6.98
AAV8-RK-GFP-polyA-stuffer,4,5,1.9,119.2,4.07
AAV8-RK-GFP-polyA-stuffer,4,5,1.9,119.4,0.98
AAV8-RK-GFP-polyA-stuffer,4,5,1.9,119.6,-2.12
AAV8-RK-GFP-polyA-stuffer,4,5,1.9,119.8,-5.04
AAV8-RK-GFP-polyA-stuffer,4,5,1.9,120.0,-7.59
AAV8-RK-GFP-polyA-stuffer,4,5,1.9,120.2,-9.57
AAV8-RK-GFP-polyA-stuffer,4,5,1.9,120.4,-10.82
AAV8-RK-GFP-polyA-stuffer,4,5,1.9,120.6,-11.18
AAV8-RK-GFP-polyA-stuffer,4,5,1.9,120.8,-10.55
AAV8-RK-GFP-polyA-stuffer,4,5,1.9,121.0,-8.92
AAV8-RK-GFP-polyA-stuffer,4,5,1.9,121.2,-6.32
AAV8-RK-GFP-polyA-stuffer,4,5,1.9,121.4,-2.89
AAV8-RK-GFP-polyA-stuffer,4,5,1.9,121.6,1.15
AAV8-RK-GFP-polyA-stuffer,4,5,1.9,121.8,5.51
AAV8-RK-GFP-polyA-stuffer,4,5,1.9,122.0,9.86
AAV8-RK-GFP-polyA-stuffer,4,5,1.9,122.2,13.82
AAV8-RK-GFP-polyA-stuffer,4,5,1.9,122.4,17.06
AAV8-RK-GFP-polyA-stuffer,4,5,1.9,122.6,19.28
AAV8-RK-GFP-polyA-stuffer,4,5,1.9,122.8,20.27
AAV8-RK-GFP-polyA-stuffer,4,5,1.9,123.0,19.94
AAV8-RK-GFP-polyA-stuffer,4,5,1.9,123.2,18.34
AAV8-RK-GFP-polyA-stuffer,4,5,1.9,123.4,15.63
AAV8-RK-GFP-polyA-stuffer,4,5,1.9,123.6,12.11
AAV8-RK-GFP-polyA-stuffer,4,5,1.9,123.8,8.18
AAV8-RK-GFP-polyA-stuffer,4,5,1.9,124.0,4.28
AAV8-RK-GFP-polyA-stuffer,4,5,1.9,124.2,0.86
AAV8-RK-GFP-polyA-stuffer,4,5,1.9,124.4,-1.66
AAV8-RK-GFP-polyA-stuffer,4,5,1.9,124.6,-2.96
AAV8-RK-GFP-polyA-stuffer,4,5,1.9,124.8,-2.87
AAV8-RK-GFP-polyA-stuffer,4,5,1.9,125.0,-1.35
AAV8-RK-GFP-polyA-stuffer,4,5,1.9,125.2,1.45
AAV8-RK-GFP-polyA-stuffer,4,5,1.9,125.4,5.22
AAV8-RK-GFP-polyA-stuffer,4,5,1.9,125.6,9.55
AAV8-RK-GFP-polyA-stuffer,4,5,1.9,125.8,13.9
AAV8-RK-GFP-polyA-stuffer,4,5,1.9,126.0,17.74
AAV8-RK-GFP-polyA-stuffer,4,5,1.9,126.2,20.56
AAV8-RK-GFP-polyA-stuffer,4,5,1.9,126.4,21.92
AAV8-RK-GFP-polyA-stuffer,4,5,1.9,126.6,21.56
AAV8-RK-GFP-polyA-stuffer,4,5,1.9,126.8,19.39
AAV8-RK-GFP-polyA-stuffer,4,5,1.9,127.0,15.51
AAV8-RK-GFP-polyA-stuffer,4,5,1.9,127.2,10.21
AAV8-RK-GFP-polyA-stuffer,4,5,1.9,127.4,3.96
AAV8-RK-GFP-polyA-stuffer,4,5,1.9,127.6,-2.66
AAV8-RK-GFP-polyA-stuffer,4,5,1.9,127.8,-9.02
AAV8-RK-GFP-polyA-stuffer,4,5,1.9,128.0,-14.49
AAV8-RK-GFP-polyA-stuffer,4,5,1.9,128.2,-18.52
AAV8-RK-GFP-polyA-stuffer,4,5,1.9,128.4,-20.72
AAV8-RK-GFP-polyA-stuffer,4,5,1.9,128.6,-20.88
AAV8-RK-GFP-polyA-stuffer,4,5,1.9,128.8,-19.01
AAV8-RK-GFP-polyA-stuffer,4,5,1.9,129.0,-15.33
AAV8-RK-GFP-polyA-stuffer,4,5,1.9,129.2,-10.28
AAV8-RK-GFP-polyA-stuffer,4,5,1.9,129.4,-4.43
AAV8-RK-GFP-polyA-stuffer,4,5,1.9,129.6,1.53
AAV8-RK-GFP-polyA-stuffer,4,5,1.9,129.8,6.9
AAV8-RK-GFP-polyA-stuffer,4,5,1.9,130.0,11.06
AAV8-RK-GFP-polyA-stuffer,4,5,1.9,130.2,13.47
AAV8-RK-GFP-polyA-stuffer,4,5,1.9,130.4,13.82
AAV8-RK-GFP-polyA-stuffer,4,5,1.9,130.6,11.99
AAV8-RK-GFP-polyA-stuffer,4,5,1.9,130.8,8.1
AAV8-RK-GFP-polyA-stuffer,4,5,1.9,131.0,2.51
AAV8-RK-GFP-polyA-stuffer,4,5,1.9,131.2,-4.24
AAV8-RK-GFP-polyA-stuffer,4,5,1.9,131.4,-11.5
AAV8-RK-GFP-polyA-stuffer,4,5,1.9,131.6,-18.54
AAV8-RK-GFP-polyA-stuffer,4,5,1.9,131.8,-24.64
AAV8-RK-GFP-polyA-stuffer,4,5,1.9,132.0,-29.2
AAV8-RK-GFP-polyA-stuffer,4,5,1.9,132.2,-31.76
AAV8-RK-GFP-polyA-stuffer,4,5,1.9,132.4,-32.08
AAV8-RK-GFP-polyA-stuffer,4,5,1.9,132.6,-30.12
AAV8-RK-GFP-polyA-stuffer,4,5,1.9,132.8,-26.11
AAV8-RK-GFP-polyA-stuffer,4,5,1.9,133.0,-20.47
AAV8-RK-GFP-polyA-stuffer,4,5,1.9,133.2,-13.76
AAV8-RK-GFP-polyA-stuffer,4,5,1.9,133.4,-6.67
AAV8-RK-GFP-polyA-stuffer,4,5,1.9,133.6,0.13
AAV8-RK-GFP-polyA-stuffer,4,5,1.9,133.8,6.0
AAV8-RK-GFP-polyA-stuffer,4,5,1.9,134.0,10.43
AAV8-RK-GFP-polyA-stuffer,4,5,1.9,134.2,13.07
AAV8-RK-GFP-polyA-stuffer,4,5,1.9,134.4,13.81
AAV8-RK-GFP-polyA-stuffer,4,5,1.9,134.6,12.73
AAV8-RK-GFP-polyA-stuffer,4,5,1.9,134.8,10.13
AAV8-RK-GFP-polyA-stuffer,4,5,1.9,135.0,6.46
AAV8-RK-GFP-polyA-stuffer,4,5,1.9,135.2,2.3
AAV8-RK-GFP-polyA-stuffer,4,5,1.9,135.4,-1.75
AAV8-RK-GFP-polyA-stuffer,4,5,1.9,135.6,-5.11
AAV8-RK-GFP-polyA-stuffer,4,5,1.9,135.8,-7.28
AAV8-RK-GFP-polyA-stuffer,4,5,1.9,136.0,-7.93
AAV8-RK-GFP-polyA-stuffer,4,5,1.9,136.2,-6.93
AAV8-RK-GFP-polyA-stuffer,4,5,1.9,136.4,-4.31
AAV8-RK-GFP-polyA-stuffer,4,5,1.9,136.6,-0.35
AAV8-RK-GFP-polyA-stuffer,4,5,1.9,136.8,4.53
AAV8-RK-GFP-polyA-stuffer,4,5,1.9,137.0,9.79
AAV8-RK-GFP-polyA-stuffer,4,5,1.9,137.2,14.83
AAV8-RK-GFP-polyA-stuffer,4,5,1.9,137.4,19.05
AAV8-RK-GFP-polyA-stuffer,4,5,1.9,137.6,21.93
AAV8-RK-GFP-polyA-stuffer,4,5,1.9,137.8,23.1
AAV8-RK-GFP-polyA-stuffer,4,5,1.9,138.0,22.33
AAV8-RK-GFP-polyA-stuffer,4,5,1.9,138.2,19.62
AAV8-RK-GFP-polyA-stuffer,4,5,1.9,138.4,15.16
AAV8-RK-GFP-polyA-stuffer,4,5,1.9,138.6,9.32
AAV8-RK-GFP-polyA-stuffer,4,5,1.9,138.8,2.61
AAV8-RK-GFP-polyA-stuffer,4,5,1.9,139.0,-4.36
AAV8-RK-GFP-polyA-stuffer,4,5,1.9,139.2,-11.0
AAV8-RK-GFP-polyA-stuffer,4,5,1.9,139.4,-16.71
AAV8-RK-GFP-polyA-stuffer,4,5,1.9,139.6,-21.04
AAV8-RK-GFP-polyA-stuffer,4,5,1.9,139.8,-23.67
AAV8-RK-GFP-polyA-stuffer,4,5,1.9,140.0,-24.47
AAV8-RK-GFP-polyA-stuffer,4,5,1.9,140.2,-23.5
AAV8-RK-GFP-polyA-stuffer,4,5,1.9,140.4,-21.0
AAV8-RK-GFP-polyA-stuffer,4,5,1.9,140.6,-17.38
AAV8-RK-GFP-polyA-stuffer,4,5,1.9,140.8,-13.17
AAV8-RK-GFP-polyA-stuffer,4,5,1.9,141.0,-8.92
AAV8-RK-GFP-polyA-stuffer,4,5,1.9,141.2,-5.22
AAV8-RK-GFP-polyA-stuffer,4,5,1.9,141.4,-2.56
AAV8-RK-GFP-polyA-stuffer,4,5,1.9,141.6,-1.33
AAV8-RK-GFP-polyA-stuffer,4,5,1.9,141.8,-1.76
AAV8-RK-GFP-polyA-stuffer,4,5,1.9,142.0,-3.91
AAV8-RK-GFP-polyA-stuffer,4,5,1.9,142.2,-7.63
AAV8-RK-GFP-polyA-stuffer,4,5,1.9,142.4,-12.63
AAV8-RK-GFP-polyA-stuffer,4,5,1.9,142.6,-18.46
AAV8-RK-GFP-polyA-stuffer,4,5,1.9,142.8,-24.61
AAV8-RK-GFP-polyA-stuffer,4,5,1.9,143.0,-30.48
AAV8-RK-GFP-polyA-stuffer,4,5,1.9,143.2,-35.52
AAV8-RK-GFP-polyA-stuffer,4,5,1.9,143.4,-39.21
AAV8-RK-GFP-polyA-stuffer,4,5,1.9,143.6,-41.16
AAV8-RK-GFP-polyA-stuffer,4,5,1.9,143.8,-41.11
AAV8-RK-GFP-polyA-stuffer,4,5,1.9,144.0,-38.96
AAV8-RK-GFP-polyA-stuffer,4,5,1.9,144.2,-34.77
AAV8-RK-GFP-polyA-stuffer,4,5,1.9,144.4,-28.77
AAV8-RK-GFP-polyA-stuffer,4,5,1.9,144.6,-21.3
AAV8-RK-GFP-polyA-stuffer,4,5,1.9,144.8,-12.82
AAV8-RK-GFP-polyA-stuffer,4,5,1.9,145.0,-3.85
AAV8-RK-GFP-polyA-stuffer,4,5,1.9,145.2,5.1
AAV8-RK-GFP-polyA-stuffer,4,5,1.9,145.4,13.49
AAV8-RK-GFP-polyA-stuffer,4,5,1.9,145.6,20.87
AAV8-RK-GFP-polyA-stuffer,4,5,1.9,145.8,26.86
AAV8-RK-GFP-polyA-stuffer,4,5,1.9,146.0,31.18
AAV8-RK-GFP-polyA-stuffer,4,5,1.9,146.2,33.68
AAV8-RK-GFP-polyA-stuffer,4,5,1.9,146.4,34.32
AAV8-RK-GFP-polyA-stuffer,4,5,1.9,146.6,33.17
AAV8-RK-GFP-polyA-stuffer,4,5,1.9,146.8,30.43
AAV8-RK-GFP-polyA-stuffer,4,5,1.9,147.0,26.34
AAV8-RK-GFP-polyA-stuffer,4,5,1.9,147.2,21.26
AAV8-RK-GFP-polyA-stuffer,4,5,1.9,147.4,15.54
AAV8-RK-GFP-polyA-stuffer,4,5,1.9,147.6,9.6
AAV8-RK-GFP-polyA-stuffer,4,5,1.9,147.8,3.81
AAV8-RK-GFP-polyA-stuffer,4,5,1.9,148.0,-1.45
AAV8-RK-GFP-polyA-stuffer,4,5,1.9,148.2,-5.88
AAV8-RK-GFP-polyA-stuffer,4,5,1.9,148.4,-9.23
AAV8-RK-GFP-polyA-stuffer,4,5,1.9,148.6,-11.34
AAV8-RK-GFP-polyA-stuffer,4,5,1.9,148.8,-12.14
AAV8-RK-GFP-polyA-stuffer,4,5,1.9,149.0,-11.67
AAV8-RK-GFP-polyA-stuffer,4,5,1.9,149.2,-10.06
AAV8-RK-GFP-polyA-stuffer,4,5,1.9,149.4,-7.55
AAV8-RK-GFP-polyA-stuffer,4,5,1.9,149.6,-4.44
AAV8-RK-GFP-polyA-stuffer,4,5,1.9,149.8,-1.12
AAV8-RK-GFP-polyA-stuffer,4,5,1.9,150.0,2.03
AAV8-RK-GFP-polyA-stuffer,4,5,1.9,150.2,4.59
AAV8-RK-GFP-polyA-stuffer,4,5,1.9,150.4,6.2
AAV8-RK-GFP-polyA-stuffer,4,5,1.9,150.6,6.55
AAV8-RK-GFP-polyA-stuffer,4,5,1.9,150.8,5.45
AAV8-RK-GFP-polyA-stuffer,4,5,1.9,151.0,2.8
AAV8-RK-GFP-polyA-stuffer,4,5,1.9,151.2,-1.33
AAV8-RK-GFP-polyA-stuffer,4,5,1.9,151.4,-6.74
AAV8-RK-GFP-polyA-stuffer,4,5,1.9,151.6,-13.11
AAV8-RK-GFP-polyA-stuffer,4,5,1.9,151.8,-20.01
AAV8-RK-GFP-polyA-stuffer,4,5,1.9,152.0,-26.91
AAV8-RK-GFP-polyA-stuffer,4,5,1.9,152.2,-33.3
AAV8-RK-GFP-polyA-stuffer,4,5,1.9,152.4,-38.64
AAV8-RK-GFP-polyA-stuffer,4,5,1.9,152.6,-42.48
AAV8-RK-GFP-polyA-stuffer,4,5,1.9,152.8,-44.5
AAV8-RK-GFP-polyA-stuffer,4,5,1.9,153.0,-44.5
AAV8-RK-GFP-polyA-stuffer,4,5,1.9,153.2,-42.45
AAV8-RK-GFP-polyA-stuffer,4,5,1.9,153.4,-38.53
AAV8-RK-GFP-polyA-stuffer,4,5,1.9,153.6,-33.03
AAV8-RK-GFP-polyA-stuffer,4,5,1.9,153.8,-26.43
AAV8-RK-GFP-polyA-stuffer,4,5,1.9,154.0,-19.26
AAV8-RK-GFP-polyA-stuffer,4,5,1.9,154.2,-12.1
AAV8-RK-GFP-polyA-stuffer,4,5,1.9,154.4,-5.51
AAV8-RK-GFP-polyA-stuffer,4,5,1.9,154.6,0.0
AAV8-RK-GFP-polyA-stuffer,4,5,1.9,154.8,4.09
AAV8-RK-GFP-polyA-stuffer,4,5,1.9,155.0,6.55
AAV8-RK-GFP-polyA-stuffer,4,5,1.9,155.2,7.34
AAV8-RK-GFP-polyA-stuffer,4,5,1.9,155.4,6.61
AAV8-RK-GFP-polyA-stuffer,4,5,1.9,155.6,4.66
AAV8-RK-GFP-polyA-stuffer,4,5,1.9,155.8,1.9
AAV8-RK-GFP-polyA-stuffer,4,5,1.9,156.0,-1.18
AAV8-RK-GFP-polyA-stuffer,4,5,1.9,156.2,-4.1
AAV8-RK-GFP-polyA-stuffer,4,5,1.9,156.4,-6.43
AAV8-RK-GFP-polyA-stuffer,4,5,1.9,156.6,-7.82
AAV8-RK-GFP-polyA-stuffer,4,5,1.9,156.8,-8.09
AAV8-RK-GFP-polyA-stuffer,4,5,1.9,157.0,-7.2
AAV8-RK-GFP-polyA-stuffer,4,5,1.9,157.2,-5.29
AAV8-RK-GFP-polyA-stuffer,4,5,1.9,157.4,-2.63
AAV8-RK-GFP-polyA-stuffer,4,5,1.9,157.6,0.37
AAV8-RK-GFP-polyA-stuffer,4,5,1.9,157.8,3.28
AAV8-RK-GFP-polyA-stuffer,4,5,1.9,158.0,5.64
AAV8-RK-GFP-polyA-stuffer,4,5,1.9,158.2,7.05
AAV8-RK-GFP-polyA-stuffer,4,5,1.9,158.4,7.24
AAV8-RK-GFP-polyA-stuffer,4,5,1.9,158.6,6.07
AAV8-RK-GFP-polyA-stuffer,4,5,1.9,158.8,3.56
AAV8-RK-GFP-polyA-stuffer,4,5,1.9,159.0,-0.07
AAV8-RK-GFP-polyA-stuffer,4,5,1.9,159.2,-4.48
AAV8-RK-GFP-polyA-stuffer,4,5,1.9,159.4,-9.21
AAV8-RK-GFP-polyA-stuffer,4,5,1.9,159.6,-13.75
AAV8-RK-GFP-polyA-stuffer,4,5,1.9,159.8,-17.6
AAV8-RK-GFP-polyA-stuffer,4,5,1.9,160.0,-20.34
AAV8-RK-GFP-polyA-stuffer,4,5,1.9,160.2,-21.66
AAV8-RK-GFP-polyA-stuffer,4,5,1.9,160.4,-21.45
AAV8-RK-GFP-polyA-stuffer,4,5,1.9,160.6,-19.76
AAV8-RK-GFP-polyA-stuffer,4,5,1.9,160.8,-16.87
AAV8-RK-GFP-polyA-stuffer,4,5,1.9,161.0,-13.19
AAV8-RK-GFP-polyA-stuffer,4,5,1.9,161.2,-9.28
AAV8-RK-GFP-polyA-stuffer,4,5,1.9,161.4,-5.75
AAV8-RK-GFP-polyA-stuffer,4,5,1.9,161.6,-3.2
AAV8-RK-GFP-polyA-stuffer,4,5,1.9,161.8,-2.16
AAV8-RK-GFP-polyA-stuffer,4,5,1.9,162.0,-3.0
AAV8-RK-GFP-polyA-stuffer,4,5,1.9,162.2,-5.9
AAV8-RK-GFP-polyA-stuffer,4,5,1.9,162.4,-10.84
AAV8-RK-GFP-polyA-stuffer,4,5,1.9,162.6,-17.53
AAV8-RK-GFP-polyA-stuffer,4,5,1.9,162.8,-25.52
AAV8-RK-GFP-polyA-stuffer,4,5,1.9,163.0,-34.16
AAV8-RK-GFP-polyA-stuffer,4,5,1.9,163.2,-42.71
AAV8-RK-GFP-polyA-stuffer,4,5,1.9,163.4,-50.43
AAV8-RK-GFP-polyA-stuffer,4,5,1.9,163.6,-56.58
AAV8-RK-GFP-polyA-stuffer,4,5,1.9,163.8,-60.61
AAV8-RK-GFP-polyA-stuffer,4,5,1.9,164.0,-62.11
AAV8-RK-GFP-polyA-stuffer,4,5,1.9,164.2,-60.92
AAV8-RK-GFP-polyA-stuffer,4,5,1.9,164.4,-57.13
AAV8-RK-GFP-polyA-stuffer,4,5,1.9,164.6,-51.05
AAV8-RK-GFP-polyA-stuffer,4,5,1.9,164.8,-43.23
AAV8-RK-GFP-polyA-stuffer,4,5,1.9,165.0,-34.34
AAV8-RK-GFP-polyA-stuffer,4,5,1.9,165.2,-25.15
AAV8-RK-GFP-polyA-stuffer,4,5,1.9,165.4,-16.45
AAV8-RK-GFP-polyA-stuffer,4,5,1.9,165.6,-8.94
AAV8-RK-GFP-polyA-stuffer,4,5,1.9,165.8,-3.2
AAV8-RK-GFP-polyA-stuffer,4,5,1.9,166.0,0.38
AAV8-RK-GFP-polyA-stuffer,4,5,1.9,166.2,1.63
AAV8-RK-GFP-polyA-stuffer,4,5,1.9,166.4,0.6
AAV8-RK-GFP-polyA-stuffer,4,5,1.9,166.6,-2.43
AAV8-RK-GFP-polyA-stuffer,4,5,1.9,166.8,-7.0
AAV8-RK-GFP-polyA-stuffer,4,5,1.9,167.0,-12.55
AAV8-RK-GFP-polyA-stuffer,4,5,1.9,167.2,-18.42
AAV8-RK-GFP-polyA-stuffer,4,5,1.9,167.4,-23.96
AAV8-RK-GFP-polyA-stuffer,4,5,1.9,167.6,-28.58
AAV8-RK-GFP-polyA-stuffer,4,5,1.9,167.8,-31.82
AAV8-RK-GFP-polyA-stuffer,4,5,1.9,168.0,-33.36
AAV8-RK-GFP-polyA-stuffer,4,5,1.9,168.2,-33.05
AAV8-RK-GFP-polyA-stuffer,4,5,1.9,168.4,-30.94
AAV8-RK-GFP-polyA-stuffer,4,5,1.9,168.6,-27.24
AAV8-RK-GFP-polyA-stuffer,4,5,1.9,168.8,-22.32
AAV8-RK-GFP-polyA-stuffer,4,5,1.9,169.0,-16.61
AAV8-RK-GFP-polyA-stuffer,4,5,1.9,169.2,-10.63
AAV8-RK-GFP-polyA-stuffer,4,5,1.9,169.4,-4.9
AAV8-RK-GFP-polyA-stuffer,4,5,1.9,169.6,0.1
AAV8-RK-GFP-polyA-stuffer,4,5,1.9,169.8,3.97
AAV8-RK-GFP-polyA-stuffer,4,5,1.9,170.0,6.42
AAV8-RK-GFP-polyA-stuffer,4,5,1.9,170.2,7.26
AAV8-RK-GFP-polyA-stuffer,4,5,1.9,170.4,6.44
AAV8-RK-GFP-polyA-stuffer,4,5,1.9,170.6,4.03
AAV8-RK-GFP-polyA-stuffer,4,5,1.9,170.8,0.19
AAV8-RK-GFP-polyA-stuffer,4,5,1.9,171.0,-4.84
AAV8-RK-GFP-polyA-stuffer,4,5,1.9,171.2,-10.74
AAV8-RK-GFP-polyA-stuffer,4,5,1.9,171.4,-17.19
AAV8-RK-GFP-polyA-stuffer,4,5,1.9,171.6,-23.86
AAV8-RK-GFP-polyA-stuffer,4,5,1.9,171.8,-30.44
AAV8-RK-GFP-polyA-stuffer,4,5,1.9,172.0,-36.66
AAV8-RK-GFP-polyA-stuffer,4,5,1.9,172.2,-42.29
AAV8-RK-GFP-polyA-stuffer,4,5,1.9,172.4,-47.17
AAV8-RK-GFP-polyA-stuffer,4,5,1.9,172.6,-51.18
AAV8-RK-GFP-polyA-stuffer,4,5,1.9,172.8,-54.29
AAV8-RK-GFP-polyA-stuffer,4,5,1.9,173.0,-56.48
AAV8-RK-GFP-polyA-stuffer,4,5,1.9,173.2,-57.8
AAV8-RK-GFP-polyA-stuffer,4,5,1.9,173.4,-58.32
AAV8-RK-GFP-polyA-stuffer,4,5,1.9,173.6,-58.13
AAV8-RK-GFP-polyA-stuffer,4,5,1.9,173.8,-57.34
AAV8-RK-GFP-polyA-stuffer,4,5,1.9,174.0,-56.05
AAV8-RK-GFP-polyA-stuffer,4,5,1.9,174.2,-54.35
AAV8-RK-GFP-polyA-stuffer,4,5,1.9,174.4,-52.34
AAV8-RK-GFP-polyA-stuffer,4,5,1.9,174.6,-50.07
AAV8-RK-GFP-polyA-stuffer,4,5,1.9,174.8,-47.58
AAV8-RK-GFP-polyA-stuffer,4,5,1.9,175.0,-44.9
AAV8-RK-GFP-polyA-stuffer,4,5,1.9,175.2,-42.04
AAV8-RK-GFP-polyA-stuffer,4,5,1.9,175.4,-38.97
AAV8-RK-GFP-polyA-stuffer,4,5,1.9,175.6,-35.69
AAV8-RK-GFP-polyA-stuffer,4,5,1.9,175.8,-32.19
AAV8-RK-GFP-polyA-stuffer,4,5,1.9,176.0,-28.47
AAV8-RK-GFP-polyA-stuffer,4,5,1.9,176.2,-24.55
AAV8-RK-GFP-polyA-stuffer,4,5,1.9,176.4,-20.5
AAV8-RK-GFP-polyA-stuffer,4,5,1.9,176.6,-16.4
AAV8-RK-GFP-polyA-stuffer,4,5,1.9,176.8,-12.38
AAV8-RK-GFP-polyA-stuffer,4,5,1.9,177.0,-8.59
AAV8-RK-GFP-polyA-stuffer,4,5,1.9,177.2,-5.2
AAV8-RK-GFP-polyA-stuffer,4,5,1.9,177.4,-2.39
AAV8-RK-GFP-polyA-stuffer,4,5,1.9,177.6,-0.3
AAV8-RK-GFP-polyA-stuffer,4,5,1.9,177.8,0.92
AAV8-RK-GFP-polyA-stuffer,4,5,1.9,178.0,1.21
AAV8-RK-GFP-polyA-stuffer,4,5,1.9,178.2,0.56
AAV8-RK-GFP-polyA-stuffer,4,5,1.9,178.4,-0.96
AAV8-RK-GFP-polyA-stuffer,4,5,1.9,178.6,-3.22
AAV8-RK-GFP-polyA-stuffer,4,5,1.9,178.8,-5.99
AAV8-RK-GFP-polyA-stuffer,4,5,1.9,179.0,-9.0
AAV8-RK-GFP-polyA-stuffer,4,5,1.9,179.2,-11.97
AAV8-RK-GFP-polyA-stuffer,4,5,1.9,179.4,-14.57
AAV8-RK-GFP-polyA-stuffer,4,5,1.9,179.6,-16.56
AAV8-RK-GFP-polyA-stuffer,4,5,1.9,179.8,-17.71
AAV8-RK-GFP-polyA-stuffer,4,5,1.9,180.0,-17.93
AAV8-RK-GFP-polyA-stuffer,4,5,1.9,180.2,-17.19
AAV8-RK-GFP-polyA-stuffer,4,5,1.9,180.4,-15.64
AAV8-RK-GFP-polyA-stuffer,4,5,1.9,180.6,-13.5
AAV8-RK-GFP-polyA-stuffer,4,5,1.9,180.8,-11.12
AAV8-RK-GFP-polyA-stuffer,4,5,1.9,181.0,-8.9
AAV8-RK-GFP-polyA-stuffer,4,5,1.9,181.2,-7.29
AAV8-RK-GFP-polyA-stuffer,4,5,1.9,181.4,-6.72
AAV8-RK-GFP-polyA-stuffer,4,5,1.9,181.6,-7.54
AAV8-RK-GFP-polyA-stuffer,4,5,1.9,181.8,-10.02
AAV8-RK-GFP-polyA-stuffer,4,5,1.9,182.0,-14.25
AAV8-RK-GFP-polyA-stuffer,4,5,1.9,182.2,-20.18
AAV8-RK-GFP-polyA-stuffer,4,5,1.9,182.4,-27.58
AAV8-RK-GFP-polyA-stuffer,4,5,1.9,182.6,-36.03
AAV8-RK-GFP-polyA-stuffer,4,5,1.9,182.8,-45.01
AAV8-RK-GFP-polyA-stuffer,4,5,1.9,183.0,-53.88
AAV8-RK-GFP-polyA-stuffer,4,5,1.9,183.2,-61.97
AAV8-RK-GFP-polyA-stuffer,4,5,1.9,183.4,-68.64
AAV8-RK-GFP-polyA-stuffer,4,5,1.9,183.6,-73.33
AAV8-RK-GFP-polyA-stuffer,4,5,1.9,183.8,-75.63
AAV8-RK-GFP-polyA-stuffer,4,5,1.9,184.0,-75.29
AAV8-RK-GFP-polyA-stuffer,4,5,1.9,184.2,-72.3
AAV8-RK-GFP-polyA-stuffer,4,5,1.9,184.4,-66.87
AAV8-RK-GFP-polyA-stuffer,4,5,1.9,184.6,-59.39
AAV8-RK-GFP-polyA-stuffer,4,5,1.9,184.8,-50.44
AAV8-RK-GFP-polyA-stuffer,4,5,1.9,185.0,-40.71
AAV8-RK-GFP-polyA-stuffer,4,5,1.9,185.2,-30.97
AAV8-RK-GFP-polyA-stuffer,4,5,1.9,185.4,-21.94
AAV8-RK-GFP-polyA-stuffer,4,5,1.9,185.6,-14.31
AAV8-RK-GFP-polyA-stuffer,4,5,1.9,185.8,-8.61
AAV8-RK-GFP-polyA-stuffer,4,5,1.9,186.0,-5.18
AAV8-RK-GFP-polyA-stuffer,4,5,1.9,186.2,-4.17
AAV8-RK-GFP-polyA-stuffer,4,5,1.9,186.4,-5.49
AAV8-RK-GFP-polyA-stuffer,4,5,1.9,186.6,-8.86
AAV8-RK-GFP-polyA-stuffer,4,5,1.9,186.8,-13.82
AAV8-RK-GFP-polyA-stuffer,4,5,1.9,187.0,-19.76
AAV8-RK-GFP-polyA-stuffer,4,5,1.9,187.2,-26.02
AAV8-RK-GFP-polyA-stuffer,4,5,1.9,187.4,-31.92
AAV8-RK-GFP-polyA-stuffer,4,5,1.9,187.6,-36.84
AAV8-RK-GFP-polyA-stuffer,4,5,1.9,187.8,-40.25
AAV8-RK-GFP-polyA-stuffer,4,5,1.9,188.0,-41.79
AAV8-RK-GFP-polyA-stuffer,4,5,1.9,188.2,-41.28
AAV8-RK-GFP-polyA-stuffer,4,5,1.9,188.4,-38.71
AAV8-RK-GFP-polyA-stuffer,4,5,1.9,188.6,-34.28
AAV8-RK-GFP-polyA-stuffer,4,5,1.9,188.8,-28.34
AAV8-RK-GFP-polyA-stuffer,4,5,1.9,189.0,-21.38
AAV8-RK-GFP-polyA-stuffer,4,5,1.9,189.2,-13.96
AAV8-RK-GFP-polyA-stuffer,4,5,1.9,189.4,-6.68
AAV8-RK-GFP-polyA-stuffer,4,5,1.9,189.6,-0.13
AAV8-RK-GFP-polyA-stuffer,4,5,1.9,189.8,5.19
AAV8-RK-GFP-polyA-stuffer,4,5,1.9,190.0,8.85
AAV8-RK-GFP-polyA-stuffer,4,5,1.9,190.2,10.6
AAV8-RK-GFP-polyA-stuffer,4,5,1.9,190.4,10.29
AAV8-RK-GFP-polyA-stuffer,4,5,1.9,190.6,7.96
AAV8-RK-GFP-polyA-stuffer,4,5,1.9,190.8,3.78
AAV8-RK-GFP-polyA-stuffer,4,5,1.9,191.0,-1.98
AAV8-RK-GFP-polyA-stuffer,4,5,1.9,191.2,-8.91
AAV8-RK-GFP-polyA-stuffer,4,5,1.9,191.4,-16.57
AAV8-RK-GFP-polyA-stuffer,4,5,1.9,191.6,-24.51
AAV8-RK-GFP-polyA-stuffer,4,5,1.9,191.8,-32.27
AAV8-RK-GFP-polyA-stuffer,4,5,1.9,192.0,-39.45
AAV8-RK-GFP-polyA-stuffer,4,5,1.9,192.2,-45.72
AAV8-RK-GFP-polyA-stuffer,4,5,1.9,192.4,-50.84
AAV8-RK-GFP-polyA-stuffer,4,5,1.9,192.6,-54.69
AAV8-RK-GFP-polyA-stuffer,4,5,1.9,192.8,-57.24
AAV8-RK-GFP-polyA-stuffer,4,5,1.9,193.0,-58.55
AAV8-RK-GFP-polyA-stuffer,4,5,1.9,193.2,-58.78
AAV8-RK-GFP-polyA-stuffer,4,5,1.9,193.4,-58.12
AAV8-RK-GFP-polyA-stuffer,4,5,1.9,193.6,-56.82
AAV8-RK-GFP-polyA-stuffer,4,5,1.9,193.8,-55.11
AAV8-RK-GFP-polyA-stuffer,4,5,1.9,194.0,-53.21
AAV8-RK-GFP-polyA-stuffer,4,5,1.9,194.2,-51.29
AAV8-RK-GFP-polyA-stuffer,4,5,1.9,194.4,-49.46
AAV8-RK-GFP-polyA-stuffer,4,5,1.9,194.6,-47.76
AAV8-RK-GFP-polyA-stuffer,4,5,1.9,194.8,-46.16
AAV8-RK-GFP-polyA-stuffer,4,5,1.9,195.0,-44.58
AAV8-RK-GFP-polyA-stuffer,4,5,1.9,195.2,-42.87
AAV8-RK-GFP-polyA-stuffer,4,5,1.9,195.4,-40.86
AAV8-RK-GFP-polyA-stuffer,4,5,1.9,195.6,-38.41
AAV8-RK-GFP-polyA-stuffer,4,5,1.9,195.8,-35.37
AAV8-RK-GFP-polyA-stuffer,4,5,1.9,196.0,-31.67
AAV8-RK-GFP-polyA-stuffer,4,5,1.9,196.2,-27.3
AAV8-RK-GFP-polyA-stuffer,4,5,1.9,196.4,-22.36
AAV8-RK-GFP-polyA-stuffer,4,5,1.9,196.6,-17.01
AAV8-RK-GFP-polyA-stuffer,4,5,1.9,196.8,-11.51
AAV8-RK-GFP-polyA-stuffer,4,5,1.9,197.0,-6.19
AAV8-RK-GFP-polyA-stuffer,4,5,1.9,197.2,-1.39
AAV8-RK-GFP-polyA-stuffer,4,5,1.9,197.4,2.53
AAV8-RK-GFP-polyA-stuffer,4,5,1.9,197.6,5.25
AAV8-RK-GFP-polyA-stuffer,4,5,1.9,197.8,6.52
AAV8-RK-GFP-polyA-stuffer,4,5,1.9,198.0,6.21
AAV8-RK-GFP-polyA-stuffer,4,5,1.9,198.2,4.31
AAV8-RK-GFP-polyA-stuffer,4,5,1.9,198.4,0.95
AAV8-RK-GFP-polyA-stuffer,4,5,1.9,198.6,-3.6
AAV8-RK-GFP-polyA-stuffer,4,5,1.9,198.8,-8.94
AAV8-RK-GFP-polyA-stuffer,4,5,1.9,199.0,-14.61
AAV8-RK-GFP-polyA-stuffer,4,5,1.9,199.2,-20.08
AAV8-RK-GFP-polyA-stuffer,4,5,1.9,199.4,-24.84
AAV8-RK-GFP-polyA-stuffer,4,5,1.9,199.6,-28.43
AAV8-RK-GFP-polyA-stuffer,4,5,1.9,199.8,-30.51
AAV8-RK-GFP-polyA-stuffer,4,5,1.9,200.0,-30.86
AAV8-RK-GFP-polyA-stuffer,4,5,1.9,200.2,-29.47
AAV8-RK-GFP-polyA-stuffer,4,5,1.9,200.4,-26.47
AAV8-RK-GFP-polyA-stuffer,4,5,1.9,200.6,-22.18
AAV8-RK-GFP-polyA-stuffer,4,5,1.9,200.8,-17.07
AAV8-RK-GFP-polyA-stuffer,4,5,1.9,201.0,-11.69
AAV8-RK-GFP-polyA-stuffer,4,5,1.9,201.2,-6.64
AAV8-RK-GFP-polyA-stuffer,4,5,1.9,201.4,-2.49
AAV8-RK-GFP-polyA-stuffer,4,5,1.9,201.6,0.26
AAV8-RK-GFP-polyA-stuffer,4,5,1.9,201.8,1.27
AAV8-RK-GFP-polyA-stuffer,4,5,1.9,202.0,0.35
AAV8-RK-GFP-polyA-stuffer,4,5,1.9,202.2,-2.46
AAV8-RK-GFP-polyA-stuffer,4,5,1.9,202.4,-6.94
AAV8-RK-GFP-polyA-stuffer,4,5,1.9,202.6,-12.65
AAV8-RK-GFP-polyA-stuffer,4,5,1.9,202.8,-19.05
AAV8-RK-GFP-polyA-stuffer,4,5,1.9,203.0,-25.46
AAV8-RK-GFP-polyA-stuffer,4,5,1.9,203.2,-31.21
AAV8-RK-GFP-polyA-stuffer,4,5,1.9,203.4,-35.66
AAV8-RK-GFP-polyA-stuffer,4,5,1.9,203.6,-38.29
AAV8-RK-GFP-polyA-stuffer,4,5,1.9,203.8,-38.74
AAV8-RK-GFP-polyA-stuffer,4,5,1.9,204.0,-36.85
AAV8-RK-GFP-polyA-stuffer,4,5,1.9,204.2,-32.7
AAV8-RK-GFP-polyA-stuffer,4,5,1.9,204.4,-26.58
AAV8-RK-GFP-polyA-stuffer,4,5,1.9,204.6,-18.98
AAV8-RK-GFP-polyA-stuffer,4,5,1.9,204.8,-10.54
AAV8-RK-GFP-polyA-stuffer,4,5,1.9,205.0,-1.99
AAV8-RK-GFP-polyA-stuffer,4,5,1.9,205.2,5.93
AAV8-RK-GFP-polyA-stuffer,4,5,1.9,205.4,12.52
AAV8-RK-GFP-polyA-stuffer,4,5,1.9,205.6,17.19
AAV8-RK-GFP-polyA-stuffer,4,5,1.9,205.8,19.53
AAV8-RK-GFP-polyA-stuffer,4,5,1.9,206.0,19.35
AAV8-RK-GFP-polyA-stuffer,4,5,1.9,206.2,16.65
AAV8-RK-GFP-polyA-stuffer,4,5,1.9,206.4,11.67
AAV8-RK-GFP-polyA-stuffer,4,5,1.9,206.6,4.84
AAV8-RK-GFP-polyA-stuffer,4,5,1.9,206.8,-3.26
AAV8-RK-GFP-polyA-stuffer,4,5,1.9,207.0,-11.95
AAV8-RK-GFP-polyA-stuffer,4,5,1.9,207.2,-20.52
AAV8-RK-GFP-polyA-stuffer,4,5,1.9,207.4,-28.28
AAV8-RK-GFP-polyA-stuffer,4,5,1.9,207.6,-34.65
AAV8-RK-GFP-polyA-stuffer,4,5,1.9,207.8,-39.17
AAV8-RK-GFP-polyA-stuffer,4,5,1.9,208.0,-41.53
AAV8-RK-GFP-polyA-stuffer,4,5,1.9,208.2,-41.64
AAV8-RK-GFP-polyA-stuffer,4,5,1.9,208.4,-39.58
AAV8-RK-GFP-polyA-stuffer,4,5,1.9,208.6,-35.61
AAV8-RK-GFP-polyA-stuffer,4,5,1.9,208.8,-30.11
AAV8-RK-GFP-polyA-stuffer,4,5,1.9,209.0,-23.61
AAV8-RK-GFP-polyA-stuffer,4,5,1.9,209.2,-16.64
AAV8-RK-GFP-polyA-stuffer,4,5,1.9,209.4,-9.78
AAV8-RK-GFP-polyA-stuffer,4,5,1.9,209.6,-3.56
AAV8-RK-GFP-polyA-stuffer,4,5,1.9,209.8,1.57
AAV8-RK-GFP-polyA-stuffer,4,5,1.9,210.0,5.25
AAV8-RK-GFP-polyA-stuffer,4,5,1.9,210.2,7.28
AAV8-RK-GFP-polyA-stuffer,4,5,1.9,210.4,7.58
AAV8-RK-GFP-polyA-stuffer,4,5,1.9,210.6,6.2
AAV8-RK-GFP-polyA-stuffer,4,5,1.9,210.8,3.33
AAV8-RK-GFP-polyA-stuffer,4,5,1.9,211.0,-0.75
AAV8-RK-GFP-polyA-stuffer,4,5,1.9,211.2,-5.67
AAV8-RK-GFP-polyA-stuffer,4,5,1.9,211.4,-11.02
AAV8-RK-GFP-polyA-stuffer,4,5,1.9,211.6,-16.38
AAV8-RK-GFP-polyA-stuffer,4,5,1.9,211.8,-21.37
AAV8-RK-GFP-polyA-stuffer,4,5,1.9,212.0,-25.63
AAV8-RK-GFP-polyA-stuffer,4,5,1.9,212.2,-28.9
AAV8-RK-GFP-polyA-stuffer,4,5,1.9,212.4,-31.0
AAV8-RK-GFP-polyA-stuffer,4,5,1.9,212.6,-31.88
AAV8-RK-GFP-polyA-stuffer,4,5,1.9,212.8,-31.55
AAV8-RK-GFP-polyA-stuffer,4,5,1.9,213.0,-30.17
AAV8-RK-GFP-polyA-stuffer,4,5,1.9,213.2,-27.94
AAV8-RK-GFP-polyA-stuffer,4,5,1.9,213.4,-25.14
AAV8-RK-GFP-polyA-stuffer,4,5,1.9,213.6,-22.08
AAV8-RK-GFP-polyA-stuffer,4,5,1.9,213.8,-19.08
AAV8-RK-GFP-polyA-stuffer,4,5,1.9,214.0,-16.41
AAV8-RK-GFP-polyA-stuffer,4,5,1.9,214.2,-14.31
AAV8-RK-GFP-polyA-stuffer,4,5,1.9,214.4,-12.92
AAV8-RK-GFP-polyA-stuffer,4,5,1.9,214.6,-12.3
AAV8-RK-GFP-polyA-stuffer,4,5,1.9,214.8,-12.42
AAV8-RK-GFP-polyA-stuffer,4,5,1.9,215.0,-13.14
AAV8-RK-GFP-polyA-stuffer,4,5,1.9,215.2,-14.26
AAV8-RK-GFP-polyA-stuffer,4,5,1.9,215.4,-15.53
AAV8-RK-GFP-polyA-stuffer,4,5,1.9,215.6,-16.68
AAV8-RK-GFP-polyA-stuffer,4,5,1.9,215.8,-17.45
AAV8-RK-GFP-polyA-stuffer,4,5,1.9,216.0,-17.65
AAV8-RK-GFP-polyA-stuffer,4,5,1.9,216.2,-17.16
AAV8-RK-GFP-polyA-stuffer,4,5,1.9,216.4,-15.95
AAV8-RK-GFP-polyA-stuffer,4,5,1.9,216.6,-14.11
AAV8-RK-GFP-polyA-stuffer,4,5,1.9,216.8,-11.85
AAV8-RK-GFP-polyA-stuffer,4,5,1.9,217.0,-9.44
AAV8-RK-GFP-polyA-stuffer,4,5,1.9,217.2,-7.22
AAV8-RK-GFP-polyA-stuffer,4,5,1.9,217.4,-5.56
AAV8-RK-GFP-polyA-stuffer,4,5,1.9,217.6,-4.77
AAV8-RK-GFP-polyA-stuffer,4,5,1.9,217.8,-5.12
AAV8-RK-GFP-polyA-stuffer,4,5,1.9,218.0,-6.75
AAV8-RK-GFP-polyA-stuffer,4,5,1.9,218.2,-9.67
AAV8-RK-GFP-polyA-stuffer,4,5,1.9,218.4,-13.74
AAV8-RK-GFP-polyA-stuffer,4,5,1.9,218.6,-18.65
AAV8-RK-GFP-polyA-stuffer,4,5,1.9,218.8,-23.99
AAV8-RK-GFP-polyA-stuffer,4,5,1.9,219.0,-29.24
AAV8-RK-GFP-polyA-stuffer,4,5,1.9,219.2,-33.87
AAV8-RK-GFP-polyA-stuffer,4,5,1.9,219.4,-37.35
AAV8-RK-GFP-polyA-stuffer,4,5,1.9,219.6,-39.24
AAV8-RK-GFP-polyA-stuffer,4,5,1.9,219.8,-39.26
AAV8-RK-GFP-polyA-stuffer,4,5,1.9,220.0,-37.27
AAV8-RK-GFP-polyA-stuffer,4,5,1.9,220.2,-33.38
AAV8-RK-GFP-polyA-stuffer,4,5,1.9,220.4,-27.85
AAV8-RK-GFP-polyA-stuffer,4,5,1.9,220.6,-21.17
AAV8-RK-GFP-polyA-stuffer,4,5,1.9,220.8,-13.94
AAV8-RK-GFP-polyA-stuffer,4,5,1.9,221.0,-6.83
AAV8-RK-GFP-polyA-stuffer,4,5,1.9,221.2,-0.52
AAV8-RK-GFP-polyA-stuffer,4,5,1.9,221.4,4.39
AAV8-RK-GFP-polyA-stuffer,4,5,1.9,221.6,7.43
AAV8-RK-GFP-polyA-stuffer,4,5,1.9,221.8,8.36
AAV8-RK-GFP-polyA-stuffer,4,5,1.9,222.0,7.16
AAV8-RK-GFP-polyA-stuffer,4,5,1.9,222.2,4.05
AAV8-RK-GFP-polyA-stuffer,4,5,1.9,222.4,-0.51
AAV8-RK-GFP-polyA-stuffer,4,5,1.9,222.6,-5.89
AAV8-RK-GFP-polyA-stuffer,4,5,1.9,222.8,-11.34
AAV8-RK-GFP-polyA-stuffer,4,5,1.9,223.0,-16.06
AAV8-RK-GFP-polyA-stuffer,4,5,1.9,223.2,-19.34
AAV8-RK-GFP-polyA-stuffer,4,5,1.9,223.4,-20.57
AAV8-RK-GFP-polyA-stuffer,4,5,1.9,223.6,-19.38
AAV8-RK-GFP-polyA-stuffer,4,5,1.9,223.8,-15.62
AAV8-RK-GFP-polyA-stuffer,4,5,1.9,224.0,-9.46
AAV8-RK-GFP-polyA-stuffer,4,5,1.9,224.2,-1.31
AAV8-RK-GFP-polyA-stuffer,4,5,1.9,224.4,8.17
AAV8-RK-GFP-polyA-stuffer,4,5,1.9,224.6,18.17
AAV8-RK-GFP-polyA-stuffer,4,5,1.9,224.8,27.77
AAV8-RK-GFP-polyA-stuffer,4,5,1.9,225.0,36.1
AAV8-RK-GFP-polyA-stuffer,4,5,1.9,225.2,42.33
AAV8-RK-GFP-polyA-stuffer,4,5,1.9,225.4,45.87
AAV8-RK-GFP-polyA-stuffer,4,5,1.9,225.6,46.33
AAV8-RK-GFP-polyA-stuffer,4,5,1.9,225.8,43.62
AAV8-RK-GFP-polyA-stuffer,4,5,1.9,226.0,37.92
AAV8-RK-GFP-polyA-stuffer,4,5,1.9,226.2,29.69
AAV8-RK-GFP-polyA-stuffer,4,5,1.9,226.4,19.6
AAV8-RK-GFP-polyA-stuffer,4,5,1.9,226.6,8.45
AAV8-RK-GFP-polyA-stuffer,4,5,1.9,226.8,-2.89
AAV8-RK-GFP-polyA-stuffer,4,5,1.9,227.0,-13.57
AAV8-RK-GFP-polyA-stuffer,4,5,1.9,227.2,-22.86
AAV8-RK-GFP-polyA-stuffer,4,5,1.9,227.4,-30.19
AAV8-RK-GFP-polyA-stuffer,4,5,1.9,227.6,-35.2
AAV8-RK-GFP-polyA-stuffer,4,5,1.9,227.8,-37.76
AAV8-RK-GFP-polyA-stuffer,4,5,1.9,228.0,-37.99
AAV8-RK-GFP-polyA-stuffer,4,5,1.9,228.2,-36.18
AAV8-RK-GFP-polyA-stuffer,4,5,1.9,228.4,-32.79
AAV8-RK-GFP-polyA-stuffer,4,5,1.9,228.6,-28.34
AAV8-RK-GFP-polyA-stuffer,4,5,1.9,228.8,-23.4
AAV8-RK-GFP-polyA-stuffer,4,5,1.9,229.0,-18.51
AAV8-RK-GFP-polyA-stuffer,4,5,1.9,229.2,-14.09
AAV8-RK-GFP-polyA-stuffer,4,5,1.9,229.4,-10.47
AAV8-RK-GFP-polyA-stuffer,4,5,1.9,229.6,-7.84
AAV8-RK-GFP-polyA-stuffer,4,5,1.9,229.8,-6.23
AAV8-RK-GFP-polyA-stuffer,4,5,1.9,230.0,-5.57
AAV8-RK-GFP-polyA-stuffer,4,5,1.9,230.2,-5.69
AAV8-RK-GFP-polyA-stuffer,4,5,1.9,230.4,-6.39
AAV8-RK-GFP-polyA-stuffer,4,5,1.9,230.6,-7.44
AAV8-RK-GFP-polyA-stuffer,4,5,1.9,230.8,-8.62
AAV8-RK-GFP-polyA-stuffer,4,5,1.9,231.0,-9.79
AAV8-RK-GFP-polyA-stuffer,4,5,1.9,231.2,-10.86
AAV8-RK-GFP-polyA-stuffer,4,5,1.9,231.4,-11.8
AAV8-RK-GFP-polyA-stuffer,4,5,1.9,231.6,-12.64
AAV8-RK-GFP-polyA-stuffer,4,5,1.9,231.8,-13.44
AAV8-RK-GFP-polyA-stuffer,4,5,1.9,232.0,-14.29
AAV8-RK-GFP-polyA-stuffer,4,5,1.9,232.2,-15.25
AAV8-RK-GFP-polyA-stuffer,4,5,1.9,232.4,-16.36
AAV8-RK-GFP-polyA-stuffer,4,5,1.9,232.6,-17.6
AAV8-RK-GFP-polyA-stuffer,4,5,1.9,232.8,-18.9
AAV8-RK-GFP-polyA-stuffer,4,5,1.9,233.0,-20.13
AAV8-RK-GFP-polyA-stuffer,4,5,1.9,233.2,-21.15
AAV8-RK-GFP-polyA-stuffer,4,5,1.9,233.4,-21.77
AAV8-RK-GFP-polyA-stuffer,4,5,1.9,233.6,-21.85
AAV8-RK-GFP-polyA-stuffer,4,5,1.9,233.8,-21.27
AAV8-RK-GFP-polyA-stuffer,4,5,1.9,234.0,-19.96
AAV8-RK-GFP-polyA-stuffer,4,5,1.9,234.2,-17.94
AAV8-RK-GFP-polyA-stuffer,4,5,1.9,234.4,-15.31
AAV8-RK-GFP-polyA-stuffer,4,5,1.9,234.6,-12.23
AAV8-RK-GFP-polyA-stuffer,4,5,1.9,234.8,-8.92
AAV8-RK-GFP-polyA-stuffer,4,5,1.9,235.0,-5.66
AAV8-RK-GFP-polyA-stuffer,4,5,1.9,235.2,-2.69
AAV8-RK-GFP-polyA-stuffer,4,5,1.9,235.4,-0.27
AAV8-RK-GFP-polyA-stuffer,4,5,1.9,235.6,1.42
AAV8-RK-GFP-polyA-stuffer,4,5,1.9,235.8,2.26
AAV8-RK-GFP-polyA-stuffer,4,5,1.9,236.0,2.2
AAV8-RK-GFP-polyA-stuffer,4,5,1.9,236.2,1.27
AAV8-RK-GFP-polyA-stuffer,4,5,1.9,236.4,-0.42
AAV8-RK-GFP-polyA-stuffer,4,5,1.9,236.6,-2.73
AAV8-RK-GFP-polyA-stuffer,4,5,1.9,236.8,-5.47
AAV8-RK-GFP-polyA-stuffer,4,5,1.9,237.0,-8.47
AAV8-RK-GFP-polyA-stuffer,4,5,1.9,237.2,-11.57
AAV8-RK-GFP-polyA-stuffer,4,5,1.9,237.4,-14.63
AAV8-RK-GFP-polyA-stuffer,4,5,1.9,237.6,-17.59
AAV8-RK-GFP-polyA-stuffer,4,5,1.9,237.8,-20.4
AAV8-RK-GFP-polyA-stuffer,4,5,1.9,238.0,-23.06
AAV8-RK-GFP-polyA-stuffer,4,5,1.9,238.2,-25.58
AAV8-RK-GFP-polyA-stuffer,4,5,1.9,238.4,-27.99
AAV8-RK-GFP-polyA-stuffer,4,5,1.9,238.6,-30.26
AAV8-RK-GFP-polyA-stuffer,4,5,1.9,238.8,-32.36
AAV8-RK-GFP-polyA-stuffer,4,5,1.9,239.0,-34.19
AAV8-RK-GFP-polyA-stuffer,4,5,1.9,239.2,-35.61
AAV8-RK-GFP-polyA-stuffer,4,5,1.9,239.4,-36.45
AAV8-RK-GFP-polyA-stuffer,4,5,1.9,239.6,-36.51
AAV8-RK-GFP-polyA-stuffer,4,5,1.9,239.8,-35.63
AAV8-RK-GFP-polyA-stuffer,4,5,1.9,240.0,-33.66
AAV8-RK-GFP-polyA-stuffer,4,5,1.9,240.2,-30.55
AAV8-RK-GFP-polyA-stuffer,4,5,1.9,240.4,-26.31
AAV8-RK-GFP-polyA-stuffer,4,5,1.9,240.6,-21.11
AAV8-RK-GFP-polyA-stuffer,4,5,1.9,240.8,-15.2
AAV8-RK-GFP-polyA-stuffer,4,5,1.9,241.0,-8.94
AAV8-RK-GFP-polyA-stuffer,4,5,1.9,241.2,-2.76
AAV8-RK-GFP-polyA-stuffer,4,5,1.9,241.4,2.88
AAV8-RK-GFP-polyA-stuffer,4,5,1.9,241.6,7.53
AAV8-RK-GFP-polyA-stuffer,4,5,1.9,241.8,10.79
AAV8-RK-GFP-polyA-stuffer,4,5,1.9,242.0,12.4
AAV8-RK-GFP-polyA-stuffer,4,5,1.9,242.2,12.2
AAV8-RK-GFP-polyA-stuffer,4,5,1.9,242.4,10.24
AAV8-RK-GFP-polyA-stuffer,4,5,1.9,242.6,6.72
AAV8-RK-GFP-polyA-stuffer,4,5,1.9,242.8,1.99
AAV8-RK-GFP-polyA-stuffer,4,5,1.9,243.0,-3.47
AAV8-RK-GFP-polyA-stuffer,4,5,1.9,243.2,-9.11
AAV8-RK-GFP-polyA-stuffer,4,5,1.9,243.4,-14.34
AAV8-RK-GFP-polyA-stuffer,4,5,1.9,243.6,-18.63
AAV8-RK-GFP-polyA-stuffer,4,5,1.9,243.8,-21.54
AAV8-RK-GFP-polyA-stuffer,4,5,1.9,244.0,-22.79
AAV8-RK-GFP-polyA-stuffer,4,5,1.9,244.2,-22.26
AAV8-RK-GFP-polyA-stuffer,4,5,1.9,244.4,-20.01
AAV8-RK-GFP-polyA-stuffer,4,5,1.9,244.6,-16.29
AAV8-RK-GFP-polyA-stuffer,4,5,1.9,244.8,-11.48
AAV8-RK-GFP-polyA-stuffer,4,5,1.9,245.0,-6.1
AAV8-RK-GFP-polyA-stuffer,4,5,1.9,245.2,-0.68
AAV8-RK-GFP-polyA-stuffer,4,5,1.9,245.4,4.23
AAV8-RK-GFP-polyA-stuffer,4,5,1.9,245.6,8.17
AAV8-RK-GFP-polyA-stuffer,4,5,1.9,245.8,10.76
AAV8-RK-GFP-polyA-stuffer,4,5,1.9,246.0,11.8
AAV8-RK-GFP-polyA-stuffer,4,5,1.9,246.2,11.23
AAV8-RK-GFP-polyA-stuffer,4,5,1.9,246.4,9.14
AAV8-RK-GFP-polyA-stuffer,4,5,1.9,246.6,5.79
AAV8-RK-GFP-polyA-stuffer,4,5,1.9,246.8,1.52
AAV8-RK-GFP-polyA-stuffer,4,5,1.9,247.0,-3.28
AAV8-RK-GFP-polyA-stuffer,4,5,1.9,247.2,-8.18
AAV8-RK-GFP-polyA-stuffer,4,5,1.9,247.4,-12.79
AAV8-RK-GFP-polyA-stuffer,4,5,1.9,247.6,-16.8
AAV8-RK-GFP-polyA-stuffer,4,5,1.9,247.8,-20.0
AAV8-RK-GFP-polyA-stuffer,4,5,1.9,248.0,-22.25
AAV8-RK-GFP-polyA-stuffer,4,5,1.9,248.2,-23.56
AAV8-RK-GFP-polyA-stuffer,4,5,1.9,248.4,-24.0
AAV8-RK-GFP-polyA-stuffer,4,5,1.9,248.6,-23.72
AAV8-RK-GFP-polyA-stuffer,4,5,1.9,248.8,-22.91
AAV8-RK-GFP-polyA-stuffer,4,5,1.9,249.0,-21.76
AAV8-RK-GFP-polyA-stuffer,4,5,1.9,249.2,-20.45
AAV8-RK-GFP-polyA-stuffer,4,5,1.9,249.4,-19.1
AAV8-RK-GFP-polyA-stuffer,4,5,1.9,249.6,-17.82
AAV8-RK-GFP-polyA-stuffer,4,5,1.9,249.8,-16.63
AAV8-RK-GFP-polyA-stuffer,4,5,1.9,250.0,-15.54
AAV8-RK-GFP-polyA-stuffer,4,5,1.9,250.2,-14.51
AAV8-RK-GFP-polyA-stuffer,4,5,1.9,250.4,-13.51
AAV8-RK-GFP-polyA-stuffer,4,5,1.9,250.6,-12.52
AAV8-RK-GFP-polyA-stuffer,4,5,1.9,250.8,-11.53
AAV8-RK-GFP-polyA-stuffer,4,5,1.9,251.0,-10.58
AAV8-RK-GFP-polyA-stuffer,4,5,1.9,251.2,-9.74
AAV8-RK-GFP-polyA-stuffer,4,5,1.9,251.4,-9.08
AAV8-RK-GFP-polyA-stuffer,4,5,1.9,251.6,-8.72
AAV8-RK-GFP-polyA-stuffer,4,5,1.9,251.8,-8.72
AAV8-RK-GFP-polyA-stuffer,4,5,1.9,252.0,-9.15
AAV8-RK-GFP-polyA-stuffer,4,5,1.9,252.2,-10.01
AAV8-RK-GFP-polyA-stuffer,4,5,1.9,252.4,-11.24
AAV8-RK-GFP-polyA-stuffer,4,5,1.9,252.6,-12.71
AAV8-RK-GFP-polyA-stuffer,4,5,1.9,252.8,-14.23
AAV8-RK-GFP-polyA-stuffer,4,5,1.9,253.0,-15.6
AAV8-RK-GFP-polyA-stuffer,4,5,1.9,253.2,-16.57
AAV8-RK-GFP-polyA-stuffer,4,5,1.9,253.4,-16.91
AAV8-RK-GFP-polyA-stuffer,4,5,1.9,253.6,-16.46
AAV8-RK-GFP-polyA-stuffer,4,5,1.9,253.8,-15.12
AAV8-RK-GFP-polyA-stuffer,4,5,1.9,254.0,-12.88
AAV8-RK-GFP-polyA-stuffer,4,5,1.9,254.2,-9.85
AAV8-RK-GFP-polyA-stuffer,4,5,1.9,254.4,-6.23
AAV8-RK-GFP-polyA-stuffer,4,5,1.9,254.6,-2.32
AAV8-RK-GFP-polyA-stuffer,4,5,1.9,254.8,1.53
AAV8-RK-GFP-polyA-stuffer,4,5,1.9,255.0,4.95
AAV8-RK-GFP-polyA-stuffer,4,5,1.9,255.2,7.58
AAV8-RK-GFP-polyA-stuffer,4,5,1.9,255.4,9.13
AAV8-RK-GFP-polyA-stuffer,4,5,1.9,255.6,9.39
AAV8-RK-GFP-polyA-stuffer,4,5,1.9,255.8,8.27
AAV8-RK-GFP-polyA-stuffer,4,5,1.9,256.0,5.81
AAV8-RK-GFP-polyA-stuffer,4,5,1.9,256.2,2.16
AAV8-RK-GFP-polyA-stuffer,4,5,1.9,256.4,-2.42
AAV8-RK-GFP-polyA-stuffer,4,5,1.9,256.6,-7.63
AAV8-RK-GFP-polyA-stuffer,4,5,1.9,256.8,-13.1
AAV8-RK-GFP-polyA-stuffer,4,5,1.9,257.0,-18.49
AAV8-RK-GFP-polyA-stuffer,4,5,1.9,257.2,-23.52
AAV8-RK-GFP-polyA-stuffer,4,5,1.9,257.4,-27.96
AAV8-RK-GFP-polyA-stuffer,4,5,1.9,257.6,-31.71
AAV8-RK-GFP-polyA-stuffer,4,5,1.9,257.8,-34.74
AAV8-RK-GFP-polyA-stuffer,4,5,1.9,258.0,-37.11
AAV8-RK-GFP-polyA-stuffer,4,5,1.9,258.2,-38.97
AAV8-RK-GFP-polyA-stuffer,4,5,1.9,258.4,-40.47
AAV8-RK-GFP-polyA-stuffer,4,5,1.9,258.6,-41.76
AAV8-RK-GFP-polyA-stuffer,4,5,1.9,258.8,-42.97
AAV8-RK-GFP-polyA-stuffer,4,5,1.9,259.0,-44.12
AAV8-RK-GFP-polyA-stuffer,4,5,1.9,259.2,-45.17
AAV8-RK-GFP-polyA-stuffer,4,5,1.9,259.4,-46.0
AAV8-RK-GFP-polyA-stuffer,4,5,1.9,259.6,-46.37
AAV8-RK-GFP-polyA-stuffer,4,5,1.9,259.8,-46.03
AAV8-RK-GFP-polyA-stuffer,4,5,1.9,260.0,-44.7
AAV8-CMV-GFP,5,5,1.9,0.0,0.0
AAV8-CMV-GFP,5,5,1.9,0.2,3.77
AAV8-CMV-GFP,5,5,1.9,0.4,8.06
AAV8-CMV-GFP,5,5,1.9,0.6,12.53
AAV8-CMV-GFP,5,5,1.9,0.8,16.81
AAV8-CMV-GFP,5,5,1.9,1.0,20.56
AAV8-CMV-GFP,5,5,1.9,1.2,23.44
AAV8-CMV-GFP,5,5,1.9,1.4,25.22
AAV8-CMV-GFP,5,5,1.9,1.6,25.73
AAV8-CMV-GFP,5,5,1.9,1.8,24.93
AAV8-CMV-GFP,5,5,1.9,2.0,22.85
AAV8-CMV-GFP,5,5,1.9,2.2,19.63
AAV8-CMV-GFP,5,5,1.9,2.4,15.47
AAV8-CMV-GFP,5,5,1.9,2.6,10.6
AAV8-CMV-GFP,5,5,1.9,2.8,5.29
AAV8-CMV-GFP,5,5,1.9,3.0,-0.04
AAV8-CMV-GFP,5,5,1.9,3.2,-1.06
AAV8-CMV-GFP,5,5,1.9,3.4,-2.03
AAV8-CMV-GFP,5,5,1.9,3.6,-2.93
AAV8-CMV-GFP,5,5,1.9,3.8,-3.73
AAV8-CMV-GFP,5,5,1.9,4.0,-4.42
AAV8-CMV-GFP,5,5,1.9,4.2,-4.99
AAV8-CMV-GFP,5,5,1.9,4.4,-5.44
AAV8-CMV-GFP,5,5,1.9,4.6,-5.77
AAV8-CMV-GFP,5,5,1.9,4.8,-5.97
AAV8-CMV-GFP,5,5,1.9,5.0,-6.06
AAV8-CMV-GFP,5,5,1.9,5.2,-6.04
AAV8-CMV-GFP,5,5,1.9,5.4,-5.9
AAV8-CMV-GFP,5,5,1.9,5.6,-5.67
AAV8-CMV-GFP,5,5,1.9,5.8,-5.35
AAV8-CMV-GFP,5,5,1.9,6.0,-4.97
AAV8-CMV-GFP,5,5,1.9,6.2,-4.56
AAV8-CMV-GFP,5,5,1.9,6.4,-4.14
AAV8-CMV-GFP,5,5,1.9,6.6,-3.75
AAV8-CMV-GFP,5,5,1.9,6.8,-3.44
AAV8-CMV-GFP,5,5,1.9,7.0,-3.23
AAV8-CMV-GFP,5,5,1.9,7.2,-3.15
AAV8-CMV-GFP,5,5,1.9,7.4,-3.22
AAV8-CMV-GFP,5,5,1.9,7.6,-3.43
AAV8-CMV-GFP,5,5,1.9,7.8,-3.77
AAV8-CMV-GFP,5,5,1.9,8.0,-4.22
AAV8-CMV-GFP,5,5,1.9,8.2,-4.71
AAV8-CMV-GFP,5,5,1.9,8.4,-5.2
AAV8-CMV-GFP,5,5,1.9,8.6,-5.62
AAV8-CMV-GFP,5,5,1.9,8.8,-5.91
AAV8-CMV-GFP,5,5,1.9,9.0,-6.0
AAV8-CMV-GFP,5,5,1.9,9.2,-5.85
AAV8-CMV-GFP,5,5,1.9,9.4,-5.43
AAV8-CMV-GFP,5,5,1.9,9.6,-4.74
AAV8-CMV-GFP,5,5,1.9,9.8,-3.8
AAV8-CMV-GFP,5,5,1.9,10.0,-2.65
AAV8-CMV-GFP,5,5,1.9,10.2,-1.36
AAV8-CMV-GFP,5,5,1.9,10.4,-0.01
AAV8-CMV-GFP,5,5,1.9,10.6,6.95
AAV8-CMV-GFP,5,5,1.9,10.8,13.22
AAV8-CMV-GFP,5,5,1.9,11.0,18.3
AAV8-CMV-GFP,5,5,1.9,11.2,21.78
AAV8-CMV-GFP,5,5,1.9,11.4,23.35
AAV8-CMV-GFP,5,5,1.9,11.6,22.87
AAV8-CMV-GFP,5,5,1.9,11.8,20.32
AAV8-CMV-GFP,5,5,1.9,12.0,15.85
AAV8-CMV-GFP,5,5,1.9,12.2,9.75
AAV8-CMV-GFP,5,5,1.9,12.4,2.42
AAV8-CMV-GFP,5,5,1.9,12.6,-1.06
AAV8-CMV-GFP,5,5,1.9,12.8,-2.62
AAV8-CMV-GFP,5,5,1.9,13.0,-4.11
AAV8-CMV-GFP,5,5,1.9,13.2,-5.45
AAV8-CMV-GFP,5,5,1.9,13.4,-6.55
AAV8-CMV-GFP,5,5,1.9,13.6,-7.36
AAV8-CMV-GFP,5,5,1.9,13.8,-7.83
AAV8-CMV-GFP,5,5,1.9,14.0,-7.96
AAV8-CMV-GFP,5,5,1.9,14.2,-7.77
AAV8-CMV-GFP,5,5,1.9,14.4,-7.27
AAV8-CMV-GFP,5,5,1.9,14.6,-6.54
AAV8-CMV-GFP,5,5,1.9,14.8,-5.63
AAV8-CMV-GFP,5,5,1.9,15.0,-4.63
AAV8-CMV-GFP,5,5,1.9,15.2,-3.62
AAV8-CMV-GFP,5,5,1.9,15.4,-2.66
AAV8-CMV-GFP,5,5,1.9,15.6,-1.84
AAV8-CMV-GFP,5,5,1.9,15.8,-1.2
AAV8-CMV-GFP,5,5,1.9,16.0,-0.79
AAV8-CMV-GFP,5,5,1.9,16.2,-0.63
AAV8-CMV-GFP,5,5,1.9,16.4,-0.7
AAV8-CMV-GFP,5,5,1.9,16.6,-1.0
AAV8-CMV-GFP,5,5,1.9,16.8,-1.49
AAV8-CMV-GFP,5,5,1.9,17.0,-2.1
AAV8-CMV-GFP,5,5,1.9,17.2,-2.78
AAV8-CMV-GFP,5,5,1.9,17.4,-3.45
AAV8-CMV-GFP,5,5,1.9,17.6,-4.03
AAV8-CMV-GFP,5,5,1.9,17.8,-4.46
AAV8-CMV-GFP,5,5,1.9,18.0,-4.67
AAV8-CMV-GFP,5,5,1.9,18.2,-4.63
AAV8-CMV-GFP,5,5,1.9,18.4,-4.31
AAV8-CMV-GFP,5,5,1.9,18.6,-3.71
AAV8-CMV-GFP,5,5,1.9,18.8,-2.85
AAV8-CMV-GFP,5,5,1.9,19.0,-5.68
AAV8-CMV-GFP,5,5,1.9,19.2,-4.76
AAV8-CMV-GFP,5,5,1.9,19.4,-3.63
AAV8-CMV-GFP,5,5,1.9,19.6,-2.41
AAV8-CMV-GFP,5,5,1.9,19.8,-1.19
AAV8-CMV-GFP,5,5,1.9,20.0,-0.09
AAV8-CMV-GFP,5,5,1.9,20.2,4.23
AAV8-CMV-GFP,5,5,1.9,20.4,7.4
AAV8-CMV-GFP,5,5,1.9,20.6,8.78
AAV8-CMV-GFP,5,5,1.9,20.8,8.34
AAV8-CMV-GFP,5,5,1.9,21.0,6.2
AAV8-CMV-GFP,5,5,1.9,21.2,2.68
AAV8-CMV-GFP,5,5,1.9,21.4,-0.33
AAV8-CMV-GFP,5,5,1.9,21.6,-1.25
AAV8-CMV-GFP,5,5,1.9,21.8,-2.14
AAV8-CMV-GFP,5,5,1.9,22.0,-2.9
AAV8-CMV-GFP,5,5,1.9,22.2,-3.47
AAV8-CMV-GFP,5,5,1.9,22.4,-3.78
AAV8-CMV-GFP,5,5,1.9,22.6,-3.81
AAV8-CMV-GFP,5,5,1.9,22.8,-3.58
AAV8-CMV-GFP,5,5,1.9,23.0,-3.13
AAV8-CMV-GFP,5,5,1.9,23.2,-2.52
AAV8-CMV-GFP,5,5,1.9,23.4,-1.84
AAV8-CMV-GFP,5,5,1.9,23.6,-1.16
AAV8-CMV-GFP,5,5,1.9,23.8,-0.57
AAV8-CMV-GFP,5,5,1.9,24.0,-0.14
AAV8-CMV-GFP,5,5,1.9,24.2,0.49
AAV8-CMV-GFP,5,5,1.9,24.4,0.6
AAV8-CMV-GFP,5,5,1.9,24.6,-0.07
AAV8-CMV-GFP,5,5,1.9,24.8,-0.42
AAV8-CMV-GFP,5,5,1.9,25.0,-0.89
AAV8-CMV-GFP,5,5,1.9,25.2,-1.41
AAV8-CMV-GFP,5,5,1.9,25.4,-1.91
AAV8-CMV-GFP,5,5,1.9,25.6,-2.33
AAV8-CMV-GFP,5,5,1.9,25.8,-2.63
AAV8-CMV-GFP,5,5,1.9,26.0,-2.79
AAV8-CMV-GFP,5,5,1.9,26.2,-2.8
AAV8-CMV-GFP,5,5,1.9,26.4,-2.69
AAV8-CMV-GFP,5,5,1.9,26.6,-2.51
AAV8-CMV-GFP,5,5,1.9,26.8,-2.3
AAV8-CMV-GFP,5,5,1.9,27.0,-2.12
AAV8-CMV-GFP,5,5,1.9,27.2,-2.02
AAV8-CMV-GFP,5,5,1.9,27.4,-2.04
AAV8-CMV-GFP,5,5,1.9,27.6,-2.21
AAV8-CMV-GFP,5,5,1.9,27.8,-2.51
AAV8-CMV-GFP,5,5,1.9,28.0,-2.93
AAV8-CMV-GFP,5,5,1.9,28.2,-3.41
AAV8-CMV-GFP,5,5,1.9,28.4,-3.9
AAV8-CMV-GFP,5,5,1.9,28.6,-4.31
AAV8-CMV-GFP,5,5,1.9,28.8,-4.59
AAV8-CMV-GFP,5,5,1.9,29.0,-4.67
AAV8-CMV-GFP,5,5,1.9,29.2,-4.52
AAV8-CMV-GFP,5,5,1.9,29.4,-4.12
AAV8-CMV-GFP,5,5,1.9,29.6,-3.47
AAV8-CMV-GFP,5,5,1.9,29.8,-2.62
AAV8-CMV-GFP,5,5,1.9,30.0,-1.63
AAV8-CMV-GFP,5,5,1.9,30.2,-0.57
AAV8-CMV-GFP,5,5,1.9,30.4,2.53
AAV8-CMV-GFP,5,5,1.9,30.6,7.5
AAV8-CMV-GFP,5,5,1.9,30.8,11.5
AAV8-CMV-GFP,5,5,1.9,31.0,14.2
AAV8-CMV-GFP,5,5,1.9,31.2,15.39
AAV8-CMV-GFP,5,5,1.9,31.4,15.01
AAV8-CMV-GFP,5,5,1.9,31.6,13.1
AAV8-CMV-GFP,5,5,1.9,31.8,9.87
AAV8-CMV-GFP,5,5,1.9,32.0,5.58
AAV8-CMV-GFP,5,5,1.9,32.2,0.56
AAV8-CMV-GFP,5,5,1.9,32.4,-0.91
AAV8-CMV-GFP,5,5,1.9,32.6,-1.92
AAV8-CMV-GFP,5,5,1.9,32.8,-2.89
AAV8-CMV-GFP,5,5,1.9,33.0,-3.76
AAV8-CMV-GFP,5,5,1.9,33.2,-4.5
AAV8-CMV-GFP,5,5,1.9,33.4,-5.1
AAV8-CMV-GFP,5,5,1.9,33.6,-5.56
AAV8-CMV-GFP,5,5,1.9,33.8,-5.88
AAV8-CMV-GFP,5,5,1.9,34.0,-6.06
AAV8-CMV-GFP,5,5,1.9,34.2,-6.12
AAV8-CMV-GFP,5,5,1.9,34.4,-6.07
AAV8-CMV-GFP,5,5,1.9,34.6,-5.92
AAV8-CMV-GFP,5,5,1.9,34.8,-5.67
AAV8-CMV-GFP,5,5,1.9,35.0,-5.32
AAV8-CMV-GFP,5,5,1.9,35.2,-4.87
AAV8-CMV-GFP,5,5,1.9,35.4,-4.33
AAV8-CMV-GFP,5,5,1.9,35.6,-3.73
AAV8-CMV-GFP,5,5,1.9,35.8,-3.06
AAV8-CMV-GFP,5,5,1.9,36.0,-2.38
AAV8-CMV-GFP,5,5,1.9,36.2,-1.71
AAV8-CMV-GFP,5,5,1.9,36.4,-1.1
AAV8-CMV-GFP,5,5,1.9,36.6,-0.61
AAV8-CMV-GFP,5,5,1.9,36.8,-0.26
AAV8-CMV-GFP,5,5,1.9,37.0,-0.11
AAV8-CMV-GFP,5,5,1.9,37.2,-0.15
AAV8-CMV-GFP,5,5,1.9,37.4,-0.4
AAV8-CMV-GFP,5,5,1.9,37.6,-0.82
AAV8-CMV-GFP,5,5,1.9,37.8,-1.39
AAV8-CMV-GFP,5,5,1.9,38.0,-2.03
AAV8-CMV-GFP,5,5,1.9,38.2,-2.67
AAV8-CMV-GFP,5,5,1.9,38.4,-3.24
AAV8-CMV-GFP,5,5,1.9,38.6,-3.66
AAV8-CMV-GFP,5,5,1.9,38.8,-3.88
AAV8-CMV-GFP,5,5,1.9,39.0,-3.84
AAV8-CMV-GFP,5,5,1.9,39.2,-3.55
AAV8-CMV-GFP,5,5,1.9,39.4,-3.01
AAV8-CMV-GFP,5,5,1.9,39.6,-2.27
AAV8-CMV-GFP,5,5,1.9,39.8,-1.39
AAV8-CMV-GFP,5,5,1.9,40.0,-0.47
AAV8-CMV-GFP,5,5,1.9,40.2,2.12
AAV8-CMV-GFP,5,5,1.9,40.4,6.03
AAV8-CMV-GFP,5,5,1.9,40.6,8.78
AAV8-CMV-GFP,5,5,1.9,40.8,10.08
AAV8-CMV-GFP,5,5,1.9,41.0,9.8
AAV8-CMV-GFP,5,5,1.9,41.2,7.99
AAV8-CMV-GFP,5,5,1.9,41.4,4.85
AAV8-CMV-GFP,5,5,1.9,41.6,0.75
AAV8-CMV-GFP,5,5,1.9,41.8,-0.72
AAV8-CMV-GFP,5,5,1.9,42.0,-1.57
AAV8-CMV-GFP,5,5,1.9,42.2,-2.31
AAV8-CMV-GFP,5,5,1.9,42.4,-2.86
AAV8-CMV-GFP,5,5,1.9,42.6,-3.15
AAV8-CMV-GFP,5,5,1.9,42.8,-3.15
AAV8-CMV-GFP,5,5,1.9,43.0,-2.85
AAV8-CMV-GFP,5,5,1.9,43.2,-2.29
AAV8-CMV-GFP,5,5,1.9,43.4,-1.53
AAV8-CMV-GFP,5,5,1.9,43.6,-0.65
AAV8-CMV-GFP,5,5,1.9,43.8,1.34
AAV8-CMV-GFP,5,5,1.9,44.0,5.79
AAV8-CMV-GFP,5,5,1.9,44.2,9.43
AAV8-CMV-GFP,5,5,1.9,44.4,11.92
AAV8-CMV-GFP,5,5,1.9,44.6,13.05
AAV8-CMV-GFP,5,5,1.9,44.8,12.77
AAV8-CMV-GFP,5,5,1.9,45.0,11.18
AAV8-CMV-GFP,5,5,1.9,45.2,8.52
AAV8-CMV-GFP,5,5,1.9,45.4,5.12
AAV8-CMV-GFP,5,5,1.9,45.6,1.34
AAV8-CMV-GFP,5,5,1.9,45.8,-0.46
AAV8-CMV-GFP,5,5,1.9,46.0,-1.11
AAV8-CMV-GFP,5,5,1.9,46.2,-1.65
AAV8-CMV-GFP,5,5,1.9,46.4,-2.07
AAV8-CMV-GFP,5,5,1.9,46.6,-2.35
AAV8-CMV-GFP,5,5,1.9,46.8,-2.52
AAV8-CMV-GFP,5,5,1.9,47.0,-2.6
AAV8-CMV-GFP,5,5,1.9,47.2,-2.64
AAV8-CMV-GFP,5,5,1.9,47.4,-2.67
AAV8-CMV-GFP,5,5,1.9,47.6,-2.73
AAV8-CMV-GFP,5,5,1.9,47.8,-2.84
AAV8-CMV-GFP,5,5,1.9,48.0,-3.0
AAV8-CMV-GFP,5,5,1.9,48.2,-3.2
AAV8-CMV-GFP,5,5,1.9,48.4,-3.39
AAV8-CMV-GFP,5,5,1.9,48.6,-3.55
AAV8-CMV-GFP,5,5,1.9,48.8,-3.61
AAV8-CMV-GFP,5,5,1.9,49.0,-3.55
AAV8-CMV-GFP,5,5,1.9,49.2,-3.31
AAV8-CMV-GFP,5,5,1.9,49.4,-2.89
AAV8-CMV-GFP,5,5,1.9,49.6,-2.3
AAV8-CMV-GFP,5,5,1.9,49.8,-1.57
AAV8-CMV-GFP,5,5,1.9,50.0,-0.75
AAV8-CMV-GFP,5,5,1.9,50.2,0.5
AAV8-CMV-GFP,5,5,1.9,50.4,4.63
AAV8-CMV-GFP,5,5,1.9,50.6,7.99
AAV8-CMV-GFP,5,5,1.9,50.8,10.19
AAV8-CMV-GFP,5,5,1.9,51.0,10.96
AAV8-CMV-GFP,5,5,1.9,51.2,10.15
AAV8-CMV-GFP,5,5,1.9,51.4,7.77
AAV8-CMV-GFP,5,5,1.9,51.6,4.0
AAV8-CMV-GFP,5,5,1.9,51.8,-0.16
AAV8-CMV-GFP,5,5,1.9,52.0,-1.18
AAV8-CMV-GFP,5,5,1.9,52.2,-2.23
AAV8-CMV-GFP,5,5,1.9,52.4,-3.2
AAV8-CMV-GFP,5,5,1.9,52.6,-4.0
AAV8-CMV-GFP,5,5,1.9,52.8,-4.58
AAV8-CMV-GFP,5,5,1.9,53.0,-4.88
AAV8-CMV-GFP,5,5,1.9,53.2,-4.9
AAV8-CMV-GFP,5,5,1.9,53.4,-4.65
AAV8-CMV-GFP,5,5,1.9,53.6,-4.19
AAV8-CMV-GFP,5,5,1.9,53.8,-3.57
AAV8-CMV-GFP,5,5,1.9,54.0,-2.89
AAV8-CMV-GFP,5,5,1.9,54.2,-2.23
AAV8-CMV-GFP,5,5,1.9,54.4,-1.67
AAV8-CMV-GFP,5,5,1.9,54.6,-1.27
AAV8-CMV-GFP,5,5,1.9,54.8,-1.07
AAV8-CMV-GFP,5,5,1.9,55.0,-1.08
AAV8-CMV-GFP,5,5,1.9,55.2,-1.28
AAV8-CMV-GFP,5,5,1.9,55.4,-1.65
AAV8-CMV-GFP,5,5,1.9,55.6,-2.12
AAV8-CMV-GFP,5,5,1.9,55.8,-2.65
AAV8-CMV-GFP,5,5,1.9,56.0,-3.15
AAV8-CMV-GFP,5,5,1.9,56.2,-3.59
AAV8-CMV-GFP,5,5,1.9,56.4,-3.92
AAV8-CMV-GFP,5,5,1.9,56.6,-4.13
AAV8-CMV-GFP,5,5,1.9,56.8,-4.21
AAV8-CMV-GFP,5,5,1.9,57.0,-4.19
AAV8-CMV-GFP,5,5,1.9,57.2,-4.11
AAV8-CMV-GFP,5,5,1.9,57.4,-3.99
AAV8-CMV-GFP,5,5,1.9,57.6,-3.89
AAV8-CMV-GFP,5,5,1.9,57.8,-3.85
AAV8-CMV-GFP,5,5,1.9,58.0,-3.87
AAV8-CMV-GFP,5,5,1.9,58.2,-3.97
AAV8-CMV-GFP,5,5,1.9,58.4,-4.13
AAV8-CMV-GFP,5,5,1.9,58.6,-4.31
AAV8-CMV-GFP,5,5,1.9,58.8,-4.48
AAV8-CMV-GFP,5,5,1.9,59.0,-4.92
AAV8-CMV-GFP,5,5,1.9,59.2,-4.88
AAV8-CMV-GFP,5,5,1.9,59.4,-4.72
AAV8-CMV-GFP,5,5,1.9,59.6,-4.45
AAV8-CMV-GFP,5,5,1.9,59.8,-4.06
AAV8-CMV-GFP,5,5,1.9,60.0,-3.58
AAV8-CMV-GFP,5,5,1.9,60.2,-3.07
AAV8-CMV-GFP,5,5,1.9,60.4,-2.59
AAV8-CMV-GFP,5,5,1.9,60.6,-2.2
AAV8-CMV-GFP,5,5,1.9,60.8,-1.98
AAV8-CMV-GFP,5,5,1.9,61.0,-1.99
AAV8-CMV-GFP,5,5,1.9,61.2,-2.27
AAV8-CMV-GFP,5,5,1.9,61.4,-2.82
AAV8-CMV-GFP,5,5,1.9,61.6,-3.63
AAV8-CMV-GFP,5,5,1.9,61.8,-4.65
AAV8-CMV-GFP,5,5,1.9,62.0,-5.8
AAV8-CMV-GFP,5,5,1.9,62.2,-6.98
AAV8-CMV-GFP,5,5,1.9,62.4,-8.09
AAV8-CMV-GFP,5,5,1.9,62.6,-9.0
AAV8-CMV-GFP,5,5,1.9,62.8,-9.64
AAV8-CMV-GFP,5,5,1.9,63.0,-9.91
AAV8-CMV-GFP,5,5,1.9,63.2,-9.79
AAV8-CMV-GFP,5,5,1.9,63.4,-9.26
AAV8-CMV-GFP,5,5,1.9,63.6,-8.36
AAV8-CMV-GFP,5,5,1.9,63.8,-7.15
AAV8-CMV-GFP,5,5,1.9,64.0,-5.74
AAV8-CMV-GFP,5,5,1.9,64.2,-4.23
AAV8-CMV-GFP,5,5,1.9,64.4,-2.74
AAV8-CMV-GFP,5,5,1.9,64.6,-1.38
AAV8-CMV-GFP,5,5,1.9,64.8,-0.26
AAV8-CMV-GFP,5,5,1.9,65.0,3.02
AAV8-CMV-GFP,5,5,1.9,65.2,5.64
AAV8-CMV-GFP,5,5,1.9,65.4,6.48
AAV8-CMV-GFP,5,5,1.9,65.6,5.68
AAV8-CMV-GFP,5,5,1.9,65.8,3.55
AAV8-CMV-GFP,5,5,1.9,66.0,0.47
AAV8-CMV-GFP,5,5,1.9,66.2,-0.58
AAV8-CMV-GFP,5,5,1.9,66.4,-1.27
AAV8-CMV-GFP,5,5,1.9,66.6,-1.9
AAV8-CMV-GFP,5,5,1.9,66.8,-2.44
AAV8-CMV-GFP,5,5,1.9,67.0,-2.85
AAV8-CMV-GFP,5,5,1.9,67.2,-3.13
AAV8-CMV-GFP,5,5,1.9,67.4,-3.32
AAV8-CMV-GFP,5,5,1.9,67.6,-3.45
AAV8-CMV-GFP,5,5,1.9,67.8,-3.57
AAV8-CMV-GFP,5,5,1.9,68.0,-3.74
AAV8-CMV-GFP,5,5,1.9,68.2,-4.01
AAV8-CMV-GFP,5,5,1.9,68.4,-4.4
AAV8-CMV-GFP,5,5,1.9,68.6,-4.95
AAV8-CMV-GFP,5,5,1.9,68.8,-5.62
AAV8-CMV-GFP,5,5,1.9,69.0,-6.41
AAV8-CMV-GFP,5,5,1.9,69.2,-7.27
AAV8-CMV-GFP,5,5,1.9,69.4,-8.12
AAV8-CMV-GFP,5,5,1.9,69.6,-8.92
AAV8-CMV-GFP,5,5,1.9,69.8,-9.58
AAV8-CMV-GFP,5,5,1.9,70.0,-10.07
AAV8-CMV-GFP,5,5,1.9,70.2,-10.35
AAV8-CMV-GFP,5,5,1.9,70.4,-10.38
AAV8-CMV-GFP,5,5,1.9,70.6,-10.19
AAV8-CMV-GFP,5,5,1.9,70.8,-9.8
AAV8-CMV-GFP,5,5,1.9,71.0,-9.24
AAV8-CMV-GFP,5,5,1.9,71.2,-8.58
AAV8-CMV-GFP,5,5,1.9,71.4,-7.89
AAV8-CMV-GFP,5,5,1.9,71.6,-7.23
AAV8-CMV-GFP,5,5,1.9,71.8,-6.64
AAV8-CMV-GFP,5,5,1.9,72.0,-6.19
AAV8-CMV-GFP,5,5,1.9,72.2,-5.89
AAV8-CMV-GFP,5,5,1.9,72.4,-5.75
AAV8-CMV-GFP,5,5,1.9,72.6,-5.78
AAV8-CMV-GFP,5,5,1.9,72.8,-5.93
AAV8-CMV-GFP,5,5,1.9,73.0,-6.18
AAV8-CMV-GFP,5,5,1.9,73.2,-6.48
AAV8-CMV-GFP,5,5,1.9,73.4,-6.78
AAV8-CMV-GFP,5,5,1.9,73.6,-7.04
AAV8-CMV-GFP,5,5,1.9,73.8,-7.23
AAV8-CMV-GFP,5,5,1.9,74.0,-7.32
AAV8-CMV-GFP,5,5,1.9,74.2,-7.28
AAV8-CMV-GFP,5,5,1.9,74.4,-7.13
AAV8-CMV-GFP,5,5,1.9,74.6,-6.87
AAV8-CMV-GFP,5,5,1.9,74.8,-6.53
AAV8-CMV-GFP,5,5,1.9,75.0,-6.12
AAV8-CMV-GFP,5,5,1.9,75.2,-5.68
AAV8-CMV-GFP,5,5,1.9,75.4,-5.23
AAV8-CMV-GFP,5,5,1.9,75.6,-4.82
AAV8-CMV-GFP,5,5,1.9,75.8,-4.46
AAV8-CMV-GFP,5,5,1.9,76.0,-4.17
AAV8-CMV-GFP,5,5,1.9,76.2,-3.98
AAV8-CMV-GFP,5,5,1.9,76.4,-3.89
AAV8-CMV-GFP,5,5,1.9,76.6,-3.89
AAV8-CMV-GFP,5,5,1.9,76.8,-4.0
AAV8-CMV-GFP,5,5,1.9,77.0,-4.2
AAV8-CMV-GFP,5,5,1.9,77.2,-4.47
AAV8-CMV-GFP,5,5,1.9,77.4,-4.8
AAV8-CMV-GFP,5,5,1.9,77.6,-5.16
AAV8-CMV-GFP,5,5,1.9,77.8,-5.53
AAV8-CMV-GFP,5,5,1.9,78.0,-5.88
AAV8-CMV-GFP,5,5,1.9,78.2,-6.19
AAV8-CMV-GFP,5,5,1.9,78.4,-6.42
AAV8-CMV-GFP,5,5,1.9,78.6,-6.56
AAV8-CMV-GFP,5,5,1.9,78.8,-6.58
AAV8-CMV-GFP,5,5,1.9,79.0,-6.48
AAV8-CMV-GFP,5,5,1.9,79.2,-6.24
AAV8-CMV-GFP,5,5,1.9,79.4,-5.9
AAV8-CMV-GFP,5,5,1.9,79.6,-5.45
AAV8-CMV-GFP,5,5,1.9,79.8,-4.93
AAV8-CMV-GFP,5,5,1.9,80.0,-4.37
AAV8-CMV-GFP,5,5,1.9,80.2,-3.81
AAV8-CMV-GFP,5,5,1.9,80.4,-3.3
AAV8-CMV-GFP,5,5,1.9,80.6,-2.87
AAV8-CMV-GFP,5,5,1.9,80.8,-2.55
AAV8-CMV-GFP,5,5,1.9,81.0,-2.36
AAV8-CMV-GFP,5,5,1.9,81.2,-2.31
AAV8-CMV-GFP,5,5,1.9,81.4,-2.4
AAV8-CMV-GFP,5,5,1.9,81.6,-2.6
AAV8-CMV-GFP,5,5,1.9,81.8,-2.89
AAV8-CMV-GFP,5,5,1.9,82.0,-3.23
AAV8-CMV-GFP,5,5,1.9,82.2,-3.57
AAV8-CMV-GFP,5,5,1.9,82.4,-3.89
AAV8-CMV-GFP,5,5,1.9,82.6,-4.13
AAV8-CMV-GFP,5,5,1.9,82.8,-4.3
AAV8-CMV-GFP,5,5,1.9,83.0,-4.37
AAV8-CMV-GFP,5,5,1.9,83.2,-4.35
AAV8-CMV-GFP,5,5,1.9,83.4,-4.27
AAV8-CMV-GFP,5,5,1.9,83.6,-4.16
AAV8-CMV-GFP,5,5,1.9,83.8,-4.05
AAV8-CMV-GFP,5,5,1.9,84.0,-3.99
AAV8-CMV-GFP,5,5,1.9,84.2,-4.02
AAV8-CMV-GFP,5,5,1.9,84.4,-4.15
AAV8-CMV-GFP,5,5,1.9,84.6,-4.41
AAV8-CMV-GFP,5,5,1.9,84.8,-4.78
AAV8-CMV-GFP,5,5,1.9,85.0,-5.23
AAV8-CMV-GFP,5,5,1.9,85.2,-5.72
AAV8-CMV-GFP,5,5,1.9,85.4,-6.2
AAV8-CMV-GFP,5,5,1.9,85.6,-6.61
AAV8-CMV-GFP,5,5,1.9,85.8,-6.87
AAV8-CMV-GFP,5,5,1.9,86.0,-6.94
AAV8-CMV-GFP,5,5,1.9,86.2,-6.79
AAV8-CMV-GFP,5,5,1.9,86.4,-6.39
AAV8-CMV-GFP,5,5,1.9,86.6,-5.77
AAV8-CMV-GFP,5,5,1.9,86.8,-4.96
AAV8-CMV-GFP,5,5,1.9,87.0,-4.04
AAV8-CMV-GFP,5,5,1.9,87.2,-3.08
AAV8-CMV-GFP,5,5,1.9,87.4,-2.19
AAV8-CMV-GFP,5,5,1.9,87.6,-1.47
AAV8-CMV-GFP,5,5,1.9,87.8,-1.0
AAV8-CMV-GFP,5,5,1.9,88.0,-0.86
AAV8-CMV-GFP,5,5,1.9,88.2,-1.1
AAV8-CMV-GFP,5,5,1.9,88.4,-1.73
AAV8-CMV-GFP,5,5,1.9,88.6,-2.72
AAV8-CMV-GFP,5,5,1.9,88.8,-4.01
AAV8-CMV-GFP,5,5,1.9,89.0,-5.51
AAV8-CMV-GFP,5,5,1.9,89.2,-7.1
AAV8-CMV-GFP,5,5,1.9,89.4,-8.65
AAV8-CMV-GFP,5,5,1.9,89.6,-10.04
AAV8-CMV-GFP,5,5,1.9,89.8,-11.13
AAV8-CMV-GFP,5,5,1.9,90.0,-11.84
AAV8-CMV-GFP,5,5,1.9,90.2,-12.09
AAV8-CMV-GFP,5,5,1.9,90.4,-11.88
AAV8-CMV-GFP,5,5,1.9,90.6,-11.21
AAV8-CMV-GFP,5,5,1.9,90.8,-10.14
AAV8-CMV-GFP,5,5,1.9,91.0,-8.76
AAV8-CMV-GFP,5,5,1.9,91.2,-7.19
AAV8-CMV-GFP,5,5,1.9,91.4,-5.55
AAV8-CMV-GFP,5,5,1.9,91.6,-3.98
AAV8-CMV-GFP,5,5,1.9,91.8,-2.6
AAV8-CMV-GFP,5,5,1.9,92.0,-1.5
AAV8-CMV-GFP,5,5,1.9,92.2,-0.75
AAV8-CMV-GFP,5,5,1.9,92.4,-0.39
AAV8-CMV-GFP,5,5,1.9,92.6,-0.4
AAV8-CMV-GFP,5,5,1.9,92.8,-0.73
AAV8-CMV-GFP,5,5,1.9,93.0,-1.32
AAV8-CMV-GFP,5,5,1.9,93.2,-2.07
AAV8-CMV-GFP,5,5,1.9,93.4,-2.87
AAV8-CMV-GFP,5,5,1.9,93.6,-3.61
AAV8-CMV-GFP,5,5,1.9,93.8,-4.2
AAV8-CMV-GFP,5,5,1.9,94.0,-4.56
AAV8-CMV-GFP,5,5,1.9,94.2,-4.65
AAV8-CMV-GFP,5,5,1.9,94.4,-4.46
AAV8-CMV-GFP,5,5,1.9,94.6,-4.01
AAV8-CMV-GFP,5,5,1.9,94.8,-3.34
AAV8-CMV-GFP,5,5,1.9,95.0,-2.54
AAV8-CMV-GFP,5,5,1.9,95.2,-1.68
AAV8-CMV-GFP,5,5,1.9,95.4,-0.88
AAV8-CMV-GFP,5,5,1.9,95.6,-0.2
AAV8-CMV-GFP,5,5,1.9,95.8,1.39
AAV8-CMV-GFP,5,5,1.9,96.0,2.48
AAV8-CMV-GFP,5,5,1.9,96.2,2.05
AAV8-CMV-GFP,5,5,1.9,96.4,0.14
AAV8-CMV-GFP,5,5,1.9,96.6,-0.57
AAV8-CMV-GFP,5,5,1.9,96.8,-1.36
AAV8-CMV-GFP,5,5,1.9,97.0,-2.24
AAV8-CMV-GFP,5,5,1.9,97.2,-3.15
AAV8-CMV-GFP,5,5,1.9,97.4,-3.98
AAV8-CMV-GFP,5,5,1.9,97.6,-4.66
AAV8-CMV-GFP,5,5,1.9,97.8,-5.13
AAV8-CMV-GFP,5,5,1.9,98.0,-5.37
AAV8-CMV-GFP,5,5,1.9,98.2,-5.37
AAV8-CMV-GFP,5,5,1.9,98.4,-5.14
AAV8-CMV-GFP,5,5,1.9,98.6,-4.75
AAV8-CMV-GFP,5,5,1.9,98.8,-4.27
AAV8-CMV-GFP,5,5,1.9,99.0,-6.13
AAV8-CMV-GFP,5,5,1.9,99.2,-5.43
AAV8-CMV-GFP,5,5,1.9,99.4,-4.9
AAV8-CMV-GFP,5,5,1.9,99.6,-4.6
AAV8-CMV-GFP,5,5,1.9,99.8,-4.59
AAV8-CMV-GFP,5,5,1.9,100.0,-4.91
AAV8-CMV-GFP,5,5,1.9,100.2,-5.53
AAV8-CMV-GFP,5,5,1.9,100.4,-6.4
AAV8-CMV-GFP,5,5,1.9,100.6,-7.44
AAV8-CMV-GFP,5,5,1.9,100.8,-8.57
AAV8-CMV-GFP,5,5,1.9,101.0,-9.65
AAV8-CMV-GFP,5,5,1.9,101.2,-10.58
AAV8-CMV-GFP,5,5,1.9,101.4,-11.27
AAV8-CMV-GFP,5,5,1.9,101.6,-11.62
AAV8-CMV-GFP,5,5,1.9,101.8,-11.59
AAV8-CMV-GFP,5,5,1.9,102.0,-11.17
AAV8-CMV-GFP,5,5,1.9,102.2,-10.38
AAV8-CMV-GFP,5,5,1.9,102.4,-9.27
AAV8-CMV-GFP,5,5,1.9,102.6,-7.93
AAV8-CMV-GFP,5,5,1.9,102.8,-6.48
AAV8-CMV-GFP,5,5,1.9,103.0,-5.01
AAV8-CMV-GFP,5,5,1.9,103.2,-3.66
AAV8-CMV-GFP,5,5,1.9,103.4,-2.51
AAV8-CMV-GFP,5,5,1.9,103.6,-1.65
AAV8-CMV-GFP,5,5,1.9,103.8,-1.12
AAV8-CMV-GFP,5,5,1.9,104.0,-0.95
AAV8-CMV-GFP,5,5,1.9,104.2,-1.11
AAV8-CMV-GFP,5,5,1.9,104.4,-1.56
AAV8-CMV-GFP,5,5,1.9,104.6,-2.23
AAV8-CMV-GFP,5,5,1.9,104.8,-3.02
AAV8-CMV-GFP,5,5,1.9,105.0,-3.85
AAV8-CMV-GFP,5,5,1.9,105.2,-4.62
AAV8-CMV-GFP,5,5,1.9,105.4,-5.26
AAV8-CMV-GFP,5,5,1.9,105.6,-5.7
AAV8-CMV-GFP,5,5,1.9,105.8,-5.92
AAV8-CMV-GFP,5,5,1.9,106.0,-5.9
AAV8-CMV-GFP,5,5,1.9,106.2,-5.65
AAV8-CMV-GFP,5,5,1.9,106.4,-5.23
AAV8-CMV-GFP,5,5,1.9,106.6,-4.69
AAV8-CMV-GFP,5,5,1.9,106.8,-4.08
AAV8-CMV-GFP,5,5,1.9,107.0,-3.48
AAV8-CMV-GFP,5,5,1.9,107.2,-2.94
AAV8-CMV-GFP,5,5,1.9,107.4,-2.52
AAV8-CMV-GFP,5,5,1.9,107.6,-2.23
AAV8-CMV-GFP,5,5,1.9,107.8,-2.1
AAV8-CMV-GFP,5,5,1.9,108.0,-2.13
AAV8-CMV-GFP,5,5,1.9,108.2,-2.29
AAV8-CMV-GFP,5,5,1.9,108.4,-2.57
AAV8-CMV-GFP,5,5,1.9,108.6,-2.91
AAV8-CMV-GFP,5,5,1.9,108.8,-3.3
AAV8-CMV-GFP,5,5,1.9,109.0,-3.7
AAV8-CMV-GFP,5,5,1.9,109.2,-4.09
AAV8-CMV-GFP,5,5,1.9,109.4,-4.45
AAV8-CMV-GFP,5,5,1.9,109.6,-4.78
AAV8-CMV-GFP,5,5,1.9,109.8,-5.07
AAV8-CMV-GFP,5,5,1.9,110.0,-5.34
AAV8-CMV-GFP,5,5,1.9,110.2,-5.59
AAV8-CMV-GFP,5,5,1.9,110.4,-5.82
AAV8-CMV-GFP,5,5,1.9,110.6,-6.02
AAV8-CMV-GFP,5,5,1.9,110.8,-6.18
AAV8-CMV-GFP,5,5,1.9,111.0,-6.27
AAV8-CMV-GFP,5,5,1.9,111.2,-6.25
AAV8-CMV-GFP,5,5,1.9,111.4,-6.11
AAV8-CMV-GFP,5,5,1.9,111.6,-5.79
AAV8-CMV-GFP,5,5,1.9,111.8,-5.26
AAV8-CMV-GFP,5,5,1.9,112.0,-4.52
AAV8-CMV-GFP,5,5,1.9,112.2,-3.55
AAV8-CMV-GFP,5,5,1.9,112.4,-2.38
AAV8-CMV-GFP,5,5,1.9,112.6,-1.05
AAV8-CMV-GFP,5,5,1.9,112.8,1.96
AAV8-CMV-GFP,5,5,1.9,113.0,9.62
AAV8-CMV-GFP,5,5,1.9,113.2,16.86
AAV8-CMV-GFP,5,5,1.9,113.4,23.2
AAV8-CMV-GFP,5,5,1.9,113.6,28.14
AAV8-CMV-GFP,5,5,1.9,113.8,31.3
AAV8-CMV-GFP,5,5,1.9,114.0,32.4
AAV8-CMV-GFP,5,5,1.9,114.2,31.32
AAV8-CMV-GFP,5,5,1.9,114.4,28.11
AAV8-CMV-GFP,5,5,1.9,114.6,23.01
AAV8-CMV-GFP,5,5,1.9,114.8,16.38
AAV8-CMV-GFP,5,5,1.9,115.0,8.74
AAV8-CMV-GFP,5,5,1.9,115.2,0.68
AAV8-CMV-GFP,5,5,1.9,115.4,-1.36
AAV8-CMV-GFP,5,5,1.9,115.6,-2.7
AAV8-CMV-GFP,5,5,1.9,115.8,-3.81
AAV8-CMV-GFP,5,5,1.9,116.0,-4.63
AAV8-CMV-GFP,5,5,1.9,116.2,-5.12
AAV8-CMV-GFP,5,5,1.9,116.4,-5.27
AAV8-CMV-GFP,5,5,1.9,116.6,-5.12
AAV8-CMV-GFP,5,5,1.9,116.8,-4.72
AAV8-CMV-GFP,5,5,1.9,117.0,-4.14
AAV8-CMV-GFP,5,5,1.9,117.2,-3.47
AAV8-CMV-GFP,5,5,1.9,117.4,-2.8
AAV8-CMV-GFP,5,5,1.9,117.6,-2.2
AAV8-CMV-GFP,5,5,1.9,117.8,-1.74
AAV8-CMV-GFP,5,5,1.9,118.0,-1.45
AAV8-CMV-GFP,5,5,1.9,118.2,-1.34
AAV8-CMV-GFP,5,5,1.9,118.4,-1.41
AAV8-CMV-GFP,5,5,1.9,118.6,-1.62
AAV8-CMV-GFP,5,5,1.9,118.8,-1.92
AAV8-CMV-GFP,5,5,1.9,119.0,-2.25
AAV8-CMV-GFP,5,5,1.9,119.2,-2.55
AAV8-CMV-GFP,5,5,1.9,119.4,-2.77
AAV8-CMV-GFP,5,5,1.9,119.6,-2.87
AAV8-CMV-GFP,5,5,1.9,119.8,-2.83
AAV8-CMV-GFP,5,5,1.9,120.0,-2.64
AAV8-CMV-GFP,5,5,1.9,120.2,-2.33
AAV8-CMV-GFP,5,5,1.9,120.4,-1.92
AAV8-CMV-GFP,5,5,1.9,120.6,-1.45
AAV8-CMV-GFP,5,5,1.9,120.8,-0.97
AAV8-CMV-GFP,5,5,1.9,121.0,-0.52
AAV8-CMV-GFP,5,5,1.9,121.2,-0.12
AAV8-CMV-GFP,5,5,1.9,121.4,1.06
AAV8-CMV-GFP,5,5,1.9,121.6,2.38
AAV8-CMV-GFP,5,5,1.9,121.8,3.42
AAV8-CMV-GFP,5,5,1.9,122.0,4.34
AAV8-CMV-GFP,5,5,1.9,122.2,5.38
AAV8-CMV-GFP,5,5,1.9,122.4,6.78
AAV8-CMV-GFP,5,5,1.9,122.6,8.78
AAV8-CMV-GFP,5,5,1.9,122.8,11.56
AAV8-CMV-GFP,5,5,1.9,123.0,15.19
AAV8-CMV-GFP,5,5,1.9,123.2,19.68
AAV8-CMV-GFP,5,5,1.9,123.4,24.87
AAV8-CMV-GFP,5,5,1.9,123.6,30.52
AAV8-CMV-GFP,5,5,1.9,123.8,36.28
AAV8-CMV-GFP,5,5,1.9,124.0,41.74
AAV8-CMV-GFP,5,5,1.9,124.2,46.45
AAV8-CMV-GFP,5,5,1.9,124.4,50.0
AAV8-CMV-GFP,5,5,1.9,124.6,52.02
AAV8-CMV-GFP,5,5,1.9,124.8,52.25
AAV8-CMV-GFP,5,5,1.9,125.0,50.55
AAV8-CMV-GFP,5,5,1.9,125.2,46.94
AAV8-CMV-GFP,5,5,1.9,125.4,41.56
AAV8-CMV-GFP,5,5,1.9,125.6,34.73
AAV8-CMV-GFP,5,5,1.9,125.8,26.85
AAV8-CMV-GFP,5,5,1.9,126.0,18.41
AAV8-CMV-GFP,5,5,1.9,126.2,9.93
AAV8-CMV-GFP,5,5,1.9,126.4,1.95
AAV8-CMV-GFP,5,5,1.9,126.6,-0.95
AAV8-CMV-GFP,5,5,1.9,126.8,-2.01
AAV8-CMV-GFP,5,5,1.9,127.0,-2.76
AAV8-CMV-GFP,5,5,1.9,127.2,-3.17
AAV8-CMV-GFP,5,5,1.9,127.4,-3.24
AAV8-CMV-GFP,5,5,1.9,127.6,-2.98
AAV8-CMV-GFP,5,5,1.9,127.8,-2.44
AAV8-CMV-GFP,5,5,1.9,128.0,-1.66
AAV8-CMV-GFP,5,5,1.9,128.2,-0.73
AAV8-CMV-GFP,5,5,1.9,128.4,1.58
AAV8-CMV-GFP,5,5,1.9,128.6,7.12
AAV8-CMV-GFP,5,5,1.9,128.8,12.38
AAV8-CMV-GFP,5,5,1.9,129.0,17.09
AAV8-CMV-GFP,5,5,1.9,129.2,21.0
AAV8-CMV-GFP,5,5,1.9,129.4,23.97
AAV8-CMV-GFP,5,5,1.9,129.6,25.97
AAV8-CMV-GFP,5,5,1.9,129.8,27.01
AAV8-CMV-GFP,5,5,1.9,130.0,27.23
AAV8-CMV-GFP,5,5,1.9,130.2,26.8
AAV8-CMV-GFP,5,5,1.9,130.4,25.96
AAV8-CMV-GFP,5,5,1.9,130.6,24.98
AAV8-CMV-GFP,5,5,1.9,130.8,24.15
AAV8-CMV-GFP,5,5,1.9,131.0,23.74
AAV8-CMV-GFP,5,5,1.9,131.2,23.98
AAV8-CMV-GFP,5,5,1.9,131.4,25.06
AAV8-CMV-GFP,5,5,1.9,131.6,27.09
AAV8-CMV-GFP,5,5,1.9,131.8,30.12
AAV8-CMV-GFP,5,5,1.9,132.0,34.08
AAV8-CMV-GFP,5,5,1.9,132.2,38.82
AAV8-CMV-GFP,5,5,1.9,132.4,44.1
AAV8-CMV-GFP,5,5,1.9,132.6,49.6
AAV8-CMV-GFP,5,5,1.9,132.8,54.96
AAV8-CMV-GFP,5,5,1.9,133.0,59.77
AAV8-CMV-GFP,5,5,1.9,133.2,63.64
AAV8-CMV-GFP,5,5,1.9,133.4,66.21
AAV8-CMV-GFP,5,5,1.9,133.6,67.19
AAV8-CMV-GFP,5,5,1.9,133.8,66.37
AAV8-CMV-GFP,5,5,1.9,134.0,63.67
AAV8-CMV-GFP,5,5,1.9,134.2,59.13
AAV8-CMV-GFP,5,5,1.9,134.4,52.95
AAV8-CMV-GFP,5,5,1.9,134.6,45.4
AAV8-CMV-GFP,5,5,1.9,134.8,36.89
AAV8-CMV-GFP,5,5,1.9,135.0,27.89
AAV8-CMV-GFP,5,5,1.9,135.2,18.88
AAV8-CMV-GFP,5,5,1.9,135.4,10.35
AAV8-CMV-GFP,5,5,1.9,135.6,2.74
AAV8-CMV-GFP,5,5,1.9,135.8,-3.62
AAV8-CMV-GFP,5,5,1.9,136.0,-8.49
AAV8-CMV-GFP,5,5,1.9,136.2,-11.77
AAV8-CMV-GFP,5,5,1.9,136.4,-13.52
AAV8-CMV-GFP,5,5,1.9,136.6,-13.88
AAV8-CMV-GFP,5,5,1.9,136.8,-13.12
AAV8-CMV-GFP,5,5,1.9,137.0,-11.57
AAV8-CMV-GFP,5,5,1.9,137.2,-9.6
AAV8-CMV-GFP,5,5,1.9,137.4,-7.56
AAV8-CMV-GFP,5,5,1.9,137.6,-5.77
AAV8-CMV-GFP,5,5,1.9,137.8,-4.44
AAV8-CMV-GFP,5,5,1.9,138.0,-3.72
AAV8-CMV-GFP,5,5,1.9,138.2,-3.64
AAV8-CMV-GFP,5,5,1.9,138.4,-4.13
AAV8-CMV-GFP,5,5,1.9,138.6,-5.03
AAV8-CMV-GFP,5,5,1.9,138.8,-6.15
AAV8-CMV-GFP,5,5,1.9,139.0,-7.34
AAV8-CMV-GFP,5,5,1.9,139.2,-5.96
AAV8-CMV-GFP,5,5,1.9,139.4,-4.23
AAV8-CMV-GFP,5,5,1.9,139.6,-2.11
AAV8-CMV-GFP,5,5,1.9,139.8,0.39
AAV8-CMV-GFP,5,5,1.9,140.0,3.17
AAV8-CMV-GFP,5,5,1.9,140.2,6.08
AAV8-CMV-GFP,5,5,1.9,140.4,8.95
AAV8-CMV-GFP,5,5,1.9,140.6,11.57
AAV8-CMV-GFP,5,5,1.9,140.8,13.77
AAV8-CMV-GFP,5,5,1.9,141.0,15.43
AAV8-CMV-GFP,5,5,1.9,141.2,16.48
AAV8-CMV-GFP,5,5,1.9,141.4,16.97
AAV8-CMV-GFP,5,5,1.9,141.6,17.0
AAV8-CMV-GFP,5,5,1.9,141.8,16.77
AAV8-CMV-GFP,5,5,1.9,142.0,16.54
AAV8-CMV-GFP,5,5,1.9,142.2,16.56
AAV8-CMV-GFP,5,5,1.9,142.4,17.11
AAV8-CMV-GFP,5,5,1.9,142.6,18.39
AAV8-CMV-GFP,5,5,1.9,142.8,20.52
AAV8-CMV-GFP,5,5,1.9,143.0,23.53
AAV8-CMV-GFP,5,5,1.9,143.2,27.3
AAV8-CMV-GFP,5,5,1.9,143.4,31.63
AAV8-CMV-GFP,5,5,1.9,143.6,36.17
AAV8-CMV-GFP,5,5,1.9,143.8,40.53
AAV8-CMV-GFP,5,5,1.9,144.0,44.26
AAV8-CMV-GFP,5,5,1.9,144.2,46.95
AAV8-CMV-GFP,5,5,1.9,144.4,48.2
AAV8-CMV-GFP,5,5,1.9,144.6,47.76
AAV8-CMV-GFP,5,5,1.9,144.8,45.48
AAV8-CMV-GFP,5,5,1.9,145.0,41.36
AAV8-CMV-GFP,5,5,1.9,145.2,35.58
AAV8-CMV-GFP,5,5,1.9,145.4,28.45
AAV8-CMV-GFP,5,5,1.9,145.6,20.41
AAV8-CMV-GFP,5,5,1.9,145.8,11.95
AAV8-CMV-GFP,5,5,1.9,146.0,3.64
AAV8-CMV-GFP,5,5,1.9,146.2,-4.01
AAV8-CMV-GFP,5,5,1.9,146.4,-10.51
AAV8-CMV-GFP,5,5,1.9,146.6,-15.52
AAV8-CMV-GFP,5,5,1.9,146.8,-18.81
AAV8-CMV-GFP,5,5,1.9,147.0,-20.3
AAV8-CMV-GFP,5,5,1.9,147.2,-20.06
AAV8-CMV-GFP,5,5,1.9,147.4,-18.32
AAV8-CMV-GFP,5,5,1.9,147.6,-15.38
AAV8-CMV-GFP,5,5,1.9,147.8,-11.63
AAV8-CMV-GFP,5,5,1.9,148.0,-7.52
AAV8-CMV-GFP,5,5,1.9,148.2,-3.43
AAV8-CMV-GFP,5,5,1.9,148.4,0.26
AAV8-CMV-GFP,5,5,1.9,148.6,3.29
AAV8-CMV-GFP,5,5,1.9,148.8,5.48
AAV8-CMV-GFP,5,5,1.9,149.0,6.77
AAV8-CMV-GFP,5,5,1.9,149.2,7.23
AAV8-CMV-GFP,5,5,1.9,149.4,6.99
AAV8-CMV-GFP,5,5,1.9,149.6,6.29
AAV8-CMV-GFP,5,5,1.9,149.8,5.41
AAV8-CMV-GFP,5,5,1.9,150.0,4.63
AAV8-CMV-GFP,5,5,1.9,150.2,4.23
AAV8-CMV-GFP,5,5,1.9,150.4,4.43
AAV8-CMV-GFP,5,5,1.9,150.6,5.41
AAV8-CMV-GFP,5,5,1.9,150.8,7.26
AAV8-CMV-GFP,5,5,1.9,151.0,9.98
AAV8-CMV-GFP,5,5,1.9,151.2,13.51
AAV8-CMV-GFP,5,5,1.9,151.4,17.68
AAV8-CMV-GFP,5,5,1.9,151.6,22.3
AAV8-CMV-GFP,5,5,1.9,151.8,27.12
AAV8-CMV-GFP,5,5,1.9,152.0,31.86
AAV8-CMV-GFP,5,5,1.9,152.2,36.26
AAV8-CMV-GFP,5,5,1.9,152.4,40.06
AAV8-CMV-GFP,5,5,1.9,152.6,43.05
AAV8-CMV-GFP,5,5,1.9,152.8,45.05
AAV8-CMV-GFP,5,5,1.9,153.0,45.94
AAV8-CMV-GFP,5,5,1.9,153.2,45.67
AAV8-CMV-GFP,5,5,1.9,153.4,44.24
AAV8-CMV-GFP,5,5,1.9,153.6,41.72
AAV8-CMV-GFP,5,5,1.9,153.8,38.21
AAV8-CMV-GFP,5,5,1.9,154.0,33.88
AAV8-CMV-GFP,5,5,1.9,154.2,28.93
AAV8-CMV-GFP,5,5,1.9,154.4,23.58
AAV8-CMV-GFP,5,5,1.9,154.6,18.06
AAV8-CMV-GFP,5,5,1.9,154.8,12.58
AAV8-CMV-GFP,5,5,1.9,155.0,7.36
AAV8-CMV-GFP,5,5,1.9,155.2,2.58
AAV8-CMV-GFP,5,5,1.9,155.4,-1.64
AAV8-CMV-GFP,5,5,1.9,155.6,-5.2
AAV8-CMV-GFP,5,5,1.9,155.8,-8.05
AAV8-CMV-GFP,5,5,1.9,156.0,-10.21
AAV8-CMV-GFP,5,5,1.9,156.2,-11.73
AAV8-CMV-GFP,5,5,1.9,156.4,-12.69
AAV8-CMV-GFP,5,5,1.9,156.6,-13.22
AAV8-CMV-GFP,5,5,1.9,156.8,-13.43
AAV8-CMV-GFP,5,5,1.9,157.0,-13.45
AAV8-CMV-GFP,5,5,1.9,157.2,-13.38
AAV8-CMV-GFP,5,5,1.9,157.4,-13.3
AAV8-CMV-GFP,5,5,1.9,157.6,-13.26
AAV8-CMV-GFP,5,5,1.9,157.8,-13.28
AAV8-CMV-GFP,5,5,1.9,158.0,-13.34
AAV8-CMV-GFP,5,5,1.9,158.2,-13.4
AAV8-CMV-GFP,5,5,1.9,158.4,-13.4
AAV8-CMV-GFP,5,5,1.9,158.6,-13.29
AAV8-CMV-GFP,5,5,1.9,158.8,-13.01
AAV8-CMV-GFP,5,5,1.9,159.0,-12.55
AAV8-CMV-GFP,5,5,1.9,159.2,-11.9
AAV8-CMV-GFP,5,5,1.9,159.4,-11.1
AAV8-CMV-GFP,5,5,1.9,159.6,-10.22
AAV8-CMV-GFP,5,5,1.9,159.8,-9.32
AAV8-CMV-GFP,5,5,1.9,160.0,-8.51
AAV8-CMV-GFP,5,5,1.9,160.2,-7.87
AAV8-CMV-GFP,5,5,1.9,160.4,-7.48
AAV8-CMV-GFP,5,5,1.9,160.6,-7.36
AAV8-CMV-GFP,5,5,1.9,160.8,-7.51
AAV8-CMV-GFP,5,5,1.9,161.0,-7.88
AAV8-CMV-GFP,5,5,1.9,161.2,-8.37
AAV8-CMV-GFP,5,5,1.9,161.4,-8.85
AAV8-CMV-GFP,5,5,1.9,161.6,-9.18
AAV8-CMV-GFP,5,5,1.9,161.8,-9.21
AAV8-CMV-GFP,5,5,1.9,162.0,-8.83
AAV8-CMV-GFP,5,5,1.9,162.2,-7.97
AAV8-CMV-GFP,5,5,1.9,162.4,-6.61
AAV8-CMV-GFP,5,5,1.9,162.6,-4.83
AAV8-CMV-GFP,5,5,1.9,162.8,-2.77
AAV8-CMV-GFP,5,5,1.9,163.0,-0.63
AAV8-CMV-GFP,5,5,1.9,163.2,1.34
AAV8-CMV-GFP,5,5,1.9,163.4,2.86
AAV8-CMV-GFP,5,5,1.9,163.6,3.68
AAV8-CMV-GFP,5,5,1.9,163.8,3.58
AAV8-CMV-GFP,5,5,1.9,164.0,2.42
AAV8-CMV-GFP,5,5,1.9,164.2,0.16
AAV8-CMV-GFP,5,5,1.9,164.4,-3.13
AAV8-CMV-GFP,5,5,1.9,164.6,-7.26
AAV8-CMV-GFP,5,5,1.9,164.8,-11.95
AAV8-CMV-GFP,5,5,1.9,165.0,-16.82
AAV8-CMV-GFP,5,5,1.9,165.2,-21.47
AAV8-CMV-GFP,5,5,1.9,165.4,-25.48
AAV8-CMV-GFP,5,5,1.9,165.6,-28.51
AAV8-CMV-GFP,5,5,1.9,165.8,-30.27
AAV8-CMV-GFP,5,5,1.9,166.0,-30.62
AAV8-CMV-GFP,5,5,1.9,166.2,-29.55
AAV8-CMV-GFP,5,5,1.9,166.4,-27.2
AAV8-CMV-GFP,5,5,1.9,166.6,-23.86
AAV8-CMV-GFP,5,5,1.9,166.8,-19.92
AAV8-CMV-GFP,5,5,1.9,167.0,-15.86
AAV8-CMV-GFP,5,5,1.9,167.2,-12.17
AAV8-CMV-GFP,5,5,1.9,167.4,-9.31
AAV8-CMV-GFP,5,5,1.9,167.6,-7.67
AAV8-CMV-GFP,5,5,1.9,167.8,-7.5
AAV8-CMV-GFP,5,5,1.9,168.0,-8.91
AAV8-CMV-GFP,5,5,1.9,168.2,-11.83
AAV8-CMV-GFP,5,5,1.9,168.4,-16.01
AAV8-CMV-GFP,5,5,1.9,168.6,-21.09
AAV8-CMV-GFP,5,5,1.9,168.8,-26.57
AAV8-CMV-GFP,5,5,1.9,169.0,-31.93
AAV8-CMV-GFP,5,5,1.9,169.2,-36.63
AAV8-CMV-GFP,5,5,1.9,169.4,-40.21
AAV8-CMV-GFP,5,5,1.9,169.6,-42.31
AAV8-CMV-GFP,5,5,1.9,169.8,-42.71
AAV8-CMV-GFP,5,5,1.9,170.0,-41.39
AAV8-CMV-GFP,5,5,1.9,170.2,-38.49
AAV8-CMV-GFP,5,5,1.9,170.4,-34.31
AAV8-CMV-GFP,5,5,1.9,170.6,-29.26
AAV8-CMV-GFP,5,5,1.9,170.8,-23.86
AAV8-CMV-GFP,5,5,1.9,171.0,-18.63
AAV8-CMV-GFP,5,5,1.9,171.2,-14.06
AAV8-CMV-GFP,5,5,1.9,171.4,-10.59
AAV8-CMV-GFP,5,5,1.9,171.6,-8.48
AAV8-CMV-GFP,5,5,1.9,171.8,-7.89
AAV8-CMV-GFP,5,5,1.9,172.0,-8.77
AAV8-CMV-GFP,5,5,1.9,172.2,-10.95
AAV8-CMV-GFP,5,5,1.9,172.4,-14.12
AAV8-CMV-GFP,5,5,1.9,172.6,-17.86
AAV8-CMV-GFP,5,5,1.9,172.8,-21.72
AAV8-CMV-GFP,5,5,1.9,173.0,-25.25
AAV8-CMV-GFP,5,5,1.9,173.2,-28.05
AAV8-CMV-GFP,5,5,1.9,173.4,-29.8
AAV8-CMV-GFP,5,5,1.9,173.6,-30.32
AAV8-CMV-GFP,5,5,1.9,173.8,-29.55
AAV8-CMV-GFP,5,5,1.9,174.0,-27.58
AAV8-CMV-GFP,5,5,1.9,174.2,-24.6
AAV8-CMV-GFP,5,5,1.9,174.4,-20.91
AAV8-CMV-GFP,5,5,1.9,174.6,-16.86
AAV8-CMV-GFP,5,5,1.9,174.8,-12.84
AAV8-CMV-GFP,5,5,1.9,175.0,-9.19
AAV8-CMV-GFP,5,5,1.9,175.2,-6.23
AAV8-CMV-GFP,5,5,1.9,175.4,-4.19
AAV8-CMV-GFP,5,5,1.9,175.6,-3.18
AAV8-CMV-GFP,5,5,1.9,175.8,-3.25
AAV8-CMV-GFP,5,5,1.9,176.0,-4.32
AAV8-CMV-GFP,5,5,1.9,176.2,-6.25
AAV8-CMV-GFP,5,5,1.9,176.4,-8.85
AAV8-CMV-GFP,5,5,1.9,176.6,-11.86
AAV8-CMV-GFP,5,5,1.9,176.8,-15.05
AAV8-CMV-GFP,5,5,1.9,177.0,-18.18
AAV8-CMV-GFP,5,5,1.9,177.2,-21.04
AAV8-CMV-GFP,5,5,1.9,177.4,-23.5
AAV8-CMV-GFP,5,5,1.9,177.6,-25.44
AAV8-CMV-GFP,5,5,1.9,177.8,-26.81
AAV8-CMV-GFP,5,5,1.9,178.0,-27.61
AAV8-CMV-GFP,5,5,1.9,178.2,-27.85
AAV8-CMV-GFP,5,5,1.9,178.4,-27.61
AAV8-CMV-GFP,5,5,1.9,178.6,-26.94
AAV8-CMV-GFP,5,5,1.9,178.8,-25.93
AAV8-CMV-GFP,5,5,1.9,179.0,-29.04
AAV8-CMV-GFP,5,5,1.9,179.2,-29.45
AAV8-CMV-GFP,5,5,1.9,179.4,-29.58
AAV8-CMV-GFP,5,5,1.9,179.6,-29.38
AAV8-CMV-GFP,5,5,1.9,179.8,-28.83
AAV8-CMV-GFP,5,5,1.9,180.0,-27.94
AAV8-CMV-GFP,5,5,1.9,180.2,-26.8
AAV8-CMV-GFP,5,5,1.9,180.4,-25.53
AAV8-CMV-GFP,5,5,1.9,180.6,-24.32
AAV8-CMV-GFP,5,5,1.9,180.8,-23.38
AAV8-CMV-GFP,5,5,1.9,181.0,-22.93
AAV8-CMV-GFP,5,5,1.9,181.2,-23.17
AAV8-CMV-GFP,5,5,1.9,181.4,-24.27
AAV8-CMV-GFP,5,5,1.9,181.6,-26.33
AAV8-CMV-GFP,5,5,1.9,181.8,-29.37
AAV8-CMV-GFP,5,5,1.9,182.0,-33.3
AAV8-CMV-GFP,5,5,1.9,182.2,-37.96
AAV8-CMV-GFP,5,5,1.9,182.4,-43.09
AAV8-CMV-GFP,5,5,1.9,182.6,-48.4
AAV8-CMV-GFP,5,5,1.9,182.8,-53.52
AAV8-CMV-GFP,5,5,1.9,183.0,-58.14
AAV8-CMV-GFP,5,5,1.9,183.2,-61.92
AAV8-CMV-GFP,5,5,1.9,183.4,-64.63
AAV8-CMV-GFP,5,5,1.9,183.6,-66.12
AAV8-CMV-GFP,5,5,1.9,183.8,-66.32
AAV8-CMV-GFP,5,5,1.9,184.0,-65.28
AAV8-CMV-GFP,5,5,1.9,184.2,-63.17
AAV8-CMV-GFP,5,5,1.9,184.4,-60.22
AAV8-CMV-GFP,5,5,1.9,184.6,-56.73
AAV8-CMV-GFP,5,5,1.9,184.8,-53.05
AAV8-CMV-GFP,5,5,1.9,185.0,-49.49
AAV8-CMV-GFP,5,5,1.9,185.2,-46.38
AAV8-CMV-GFP,5,5,1.9,185.4,-43.96
AAV8-CMV-GFP,5,5,1.9,185.6,-42.4
AAV8-CMV-GFP,5,5,1.9,185.8,-41.79
AAV8-CMV-GFP,5,5,1.9,186.0,-42.14
AAV8-CMV-GFP,5,5,1.9,186.2,-43.36
AAV8-CMV-GFP,5,5,1.9,186.4,-45.3
AAV8-CMV-GFP,5,5,1.9,186.6,-47.77
AAV8-CMV-GFP,5,5,1.9,186.8,-50.56
AAV8-CMV-GFP,5,5,1.9,187.0,-53.44
AAV8-CMV-GFP,5,5,1.9,187.2,-56.23
AAV8-CMV-GFP,5,5,1.9,187.4,-58.76
AAV8-CMV-GFP,5,5,1.9,187.6,-60.94
AAV8-CMV-GFP,5,5,1.9,187.8,-62.71
AAV8-CMV-GFP,5,5,1.9,188.0,-64.07
AAV8-CMV-GFP,5,5,1.9,188.2,-65.08
AAV8-CMV-GFP,5,5,1.9,188.4,-65.81
AAV8-CMV-GFP,5,5,1.9,188.6,-66.37
AAV8-CMV-GFP,5,5,1.9,188.8,-66.86
AAV8-CMV-GFP,5,5,1.9,189.0,-67.4
AAV8-CMV-GFP,5,5,1.9,189.2,-68.05
AAV8-CMV-GFP,5,5,1.9,189.4,-68.87
AAV8-CMV-GFP,5,5,1.9,189.6,-69.87
AAV8-CMV-GFP,5,5,1.9,189.8,-71.04
AAV8-CMV-GFP,5,5,1.9,190.0,-72.34
AAV8-CMV-GFP,5,5,1.9,190.2,-73.69
AAV8-CMV-GFP,5,5,1.9,190.4,-75.02
AAV8-CMV-GFP,5,5,1.9,190.6,-76.25
AAV8-CMV-GFP,5,5,1.9,190.8,-77.29
AAV8-CMV-GFP,5,5,1.9,191.0,-78.08
AAV8-CMV-GFP,5,5,1.9,191.2,-78.59
AAV8-CMV-GFP,5,5,1.9,191.4,-78.79
AAV8-CMV-GFP,5,5,1.9,191.6,-78.67
AAV8-CMV-GFP,5,5,1.9,191.8,-78.27
AAV8-CMV-GFP,5,5,1.9,192.0,-77.62
AAV8-CMV-GFP,5,5,1.9,192.2,-76.75
AAV8-CMV-GFP,5,5,1.9,192.4,-75.72
AAV8-CMV-GFP,5,5,1.9,192.6,-74.55
AAV8-CMV-GFP,5,5,1.9,192.8,-73.26
AAV8-CMV-GFP,5,5,1.9,193.0,-71.85
AAV8-CMV-GFP,5,5,1.9,193.2,-70.31
AAV8-CMV-GFP,5,5,1.9,193.4,-68.58
AAV8-CMV-GFP,5,5,1.9,193.6,-66.61
AAV8-CMV-GFP,5,5,1.9,193.8,-64.34
AAV8-CMV-GFP,5,5,1.9,194.0,-61.68
AAV8-CMV-GFP,5,5,1.9,194.2,-58.59
AAV8-CMV-GFP,5,5,1.9,194.4,-55.03
AAV8-CMV-GFP,5,5,1.9,194.6,-50.99
AAV8-CMV-GFP,5,5,1.9,194.8,-46.51
AAV8-CMV-GFP,5,5,1.9,195.0,-41.67
AAV8-CMV-GFP,5,5,1.9,195.2,-36.61
AAV8-CMV-GFP,5,5,1.9,195.4,-31.5
AAV8-CMV-GFP,5,5,1.9,195.6,-26.56
AAV8-CMV-GFP,5,5,1.9,195.8,-22.02
AAV8-CMV-GFP,5,5,1.9,196.0,-18.14
AAV8-CMV-GFP,5,5,1.9,196.2,-15.14
AAV8-CMV-GFP,5,5,1.9,196.4,-13.22
AAV8-CMV-GFP,5,5,1.9,196.6,-12.53
AAV8-CMV-GFP,5,5,1.9,196.8,-13.15
AAV8-CMV-GFP,5,5,1.9,197.0,-15.06
AAV8-CMV-GFP,5,5,1.9,197.2,-18.17
AAV8-CMV-GFP,5,5,1.9,197.4,-22.29
AAV8-CMV-GFP,5,5,1.9,197.6,-27.17
AAV8-CMV-GFP,5,5,1.9,197.8,-32.48
AAV8-CMV-GFP,5,5,1.9,198.0,-37.87
AAV8-CMV-GFP,5,5,1.9,198.2,-42.98
AAV8-CMV-GFP,5,5,1.9,198.4,-47.45
AAV8-CMV-GFP,5,5,1.9,198.6,-51.01
AAV8-CMV-GFP,5,5,1.9,198.8,-53.44
AAV8-CMV-GFP,5,5,1.9,199.0,-54.61
AAV8-CMV-GFP,5,5,1.9,199.2,-54.53
AAV8-CMV-GFP,5,5,1.9,199.4,-53.29
AAV8-CMV-GFP,5,5,1.9,199.6,-51.09
AAV8-CMV-GFP,5,5,1.9,199.8,-48.2
AAV8-CMV-GFP,5,5,1.9,200.0,-44.96
AAV8-CMV-GFP,5,5,1.9,200.2,-41.73
AAV8-CMV-GFP,5,5,1.9,200.4,-38.85
AAV8-CMV-GFP,5,5,1.9,200.6,-36.65
AAV8-CMV-GFP,5,5,1.9,200.8,-35.35
AAV8-CMV-GFP,5,5,1.9,201.0,-35.11
AAV8-CMV-GFP,5,5,1.9,201.2,-35.98
AAV8-CMV-GFP,5,5,1.9,201.4,-37.92
AAV8-CMV-GFP,5,5,1.9,201.6,-40.78
AAV8-CMV-GFP,5,5,1.9,201.8,-44.35
AAV8-CMV-GFP,5,5,1.9,202.0,-48.37
AAV8-CMV-GFP,5,5,1.9,202.2,-52.54
AAV8-CMV-GFP,5,5,1.9,202.4,-56.58
AAV8-CMV-GFP,5,5,1.9,202.6,-60.25
AAV8-CMV-GFP,5,5,1.9,202.8,-63.34
AAV8-CMV-GFP,5,5,1.9,203.0,-65.75
AAV8-CMV-GFP,5,5,1.9,203.2,-67.41
AAV8-CMV-GFP,5,5,1.9,203.4,-68.36
AAV8-CMV-GFP,5,5,1.9,203.6,-68.66
AAV8-CMV-GFP,5,5,1.9,203.8,-68.45
AAV8-CMV-GFP,5,5,1.9,204.0,-67.89
AAV8-CMV-GFP,5,5,1.9,204.2,-67.13
AAV8-CMV-GFP,5,5,1.9,204.4,-66.3
AAV8-CMV-GFP,5,5,1.9,204.6,-65.52
AAV8-CMV-GFP,5,5,1.9,204.8,-64.85
AAV8-CMV-GFP,5,5,1.9,205.0,-64.31
AAV8-CMV-GFP,5,5,1.9,205.2,-63.85
AAV8-CMV-GFP,5,5,1.9,205.4,-63.42
AAV8-CMV-GFP,5,5,1.9,205.6,-62.92
AAV8-CMV-GFP,5,5,1.9,205.8,-62.26
AAV8-CMV-GFP,5,5,1.9,206.0,-61.34
AAV8-CMV-GFP,5,5,1.9,206.2,-60.08
AAV8-CMV-GFP,5,5,1.9,206.4,-58.45
AAV8-CMV-GFP,5,5,1.9,206.6,-56.44
AAV8-CMV-GFP,5,5,1.9,206.8,-54.1
AAV8-CMV-GFP,5,5,1.9,207.0,-51.5
AAV8-CMV-GFP,5,5,1.9,207.2,-48.74
AAV8-CMV-GFP,5,5,1.9,207.4,-45.96
AAV8-CMV-GFP,5,5,1.9,207.6,-43.29
AAV8-CMV-GFP,5,5,1.9,207.8,-40.87
AAV8-CMV-GFP,5,5,1.9,208.0,-38.83
AAV8-CMV-GFP,5,5,1.9,208.2,-37.26
AAV8-CMV-GFP,5,5,1.9,208.4,-36.27
AAV8-CMV-GFP,5,5,1.9,208.6,-35.91
AAV8-CMV-GFP,5,5,1.9,208.8,-36.22
AAV8-CMV-GFP,5,5,1.9,209.0,-37.23
AAV8-CMV-GFP,5,5,1.9,209.2,-38.92
AAV8-CMV-GFP,5,5,1.9,209.4,-41.3
AAV8-CMV-GFP,5,5,1.9,209.6,-44.34
AAV8-CMV-GFP,5,5,1.9,209.8,-47.98
AAV8-CMV-GFP,5,5,1.9,210.0,-52.18
AAV8-CMV-GFP,5,5,1.9,210.2,-56.85
AAV8-CMV-GFP,5,5,1.9,210.4,-61.89
AAV8-CMV-GFP,5,5,1.9,210.6,-67.18
AAV8-CMV-GFP,5,5,1.9,210.8,-72.56
AAV8-CMV-GFP,5,5,1.9,211.0,-77.87
AAV8-CMV-GFP,5,5,1.9,211.2,-82.91
AAV8-CMV-GFP,5,5,1.9,211.4,-87.5
AAV8-CMV-GFP,5,5,1.9,211.6,-91.43
AAV8-CMV-GFP,5,5,1.9,211.8,-94.53
AAV8-CMV-GFP,5,5,1.9,212.0,-96.66
AAV8-CMV-GFP,5,5,1.9,212.2,-97.73
AAV8-CMV-GFP,5,5,1.9,212.4,-97.69
AAV8-CMV-GFP,5,5,1.9,212.6,-96.55
AAV8-CMV-GFP,5,5,1.9,212.8,-94.39
AAV8-CMV-GFP,5,5,1.9,213.0,-91.34
AAV8-CMV-GFP,5,5,1.9,213.2,-87.57
AAV8-CMV-GFP,5,5,1.9,213.4,-83.28
AAV8-CMV-GFP,5,5,1.9,213.6,-78.67
AAV8-CMV-GFP,5,5,1.9,213.8,-73.94
AAV8-CMV-GFP,5,5,1.9,214.0,-69.26
AAV8-CMV-GFP,5,5,1.9,214.2,-64.76
AAV8-CMV-GFP,5,5,1.9,214.4,-60.52
AAV8-CMV-GFP,5,5,1.9,214.6,-56.6
AAV8-CMV-GFP,5,5,1.9,214.8,-52.97
AAV8-CMV-GFP,5,5,1.9,215.0,-49.59
AAV8-CMV-GFP,5,5,1.9,215.2,-46.42
AAV8-CMV-GFP,5,5,1.9,215.4,-43.39
AAV8-CMV-GFP,5,5,1.9,215.6,-40.44
AAV8-CMV-GFP,5,5,1.9,215.8,-37.57
AAV8-CMV-GFP,5,5,1.9,216.0,-34.78
AAV8-CMV-GFP,5,5,1.9,216.2,-32.13
AAV8-CMV-GFP,5,5,1.9,216.4,-29.7
AAV8-CMV-GFP,5,5,1.9,216.6,-27.6
AAV8-CMV-GFP,5,5,1.9,216.8,-25.96
AAV8-CMV-GFP,5,5,1.9,217.0,-24.87
AAV8-CMV-GFP,5,5,1.9,217.2,-24.42
AAV8-CMV-GFP,5,5,1.9,217.4,-24.67
AAV8-CMV-GFP,5,5,1.9,217.6,-25.59
AAV8-CMV-GFP,5,5,1.9,217.8,-27.12
AAV8-CMV-GFP,5,5,1.9,218.0,-29.13
AAV8-CMV-GFP,5,5,1.9,218.2,-31.48
AAV8-CMV-GFP,5,5,1.9,218.4,-33.95
AAV8-CMV-GFP,5,5,1.9,218.6,-36.36
AAV8-CMV-GFP,5,5,1.9,218.8,-38.52
AAV8-CMV-GFP,5,5,1.9,219.0,-44.54
AAV8-CMV-GFP,5,5,1.9,219.2,-45.26
AAV8-CMV-GFP,5,5,1.9,219.4,-45.68
AAV8-CMV-GFP,5,5,1.9,219.6,-45.85
AAV8-CMV-GFP,5,5,1.9,219.8,-45.89
AAV8-CMV-GFP,5,5,1.9,220.0,-45.97
AAV8-CMV-GFP,5,5,1.9,220.2,-46.23
AAV8-CMV-GFP,5,5,1.9,220.4,-46.84
AAV8-CMV-GFP,5,5,1.9,220.6,-47.91
AAV8-CMV-GFP,5,5,1.9,220.8,-49.52
AAV8-CMV-GFP,5,5,1.9,221.0,-51.68
AAV8-CMV-GFP,5,5,1.9,221.2,-54.33
AAV8-CMV-GFP,5,5,1.9,221.4,-57.36
AAV8-CMV-GFP,5,5,1.9,221.6,-60.58
AAV8-CMV-GFP,5,5,1.9,221.8,-63.8
AAV8-CMV-GFP,5,5,1.9,222.0,-66.79
AAV8-CMV-GFP,5,5,1.9,222.2,-69.34
AAV8-CMV-GFP,5,5,1.9,222.4,-71.3
AAV8-CMV-GFP,5,5,1.9,222.6,-72.56
AAV8-CMV-GFP,5,5,1.9,222.8,-73.09
AAV8-CMV-GFP,5,5,1.9,223.0,-72.93
AAV8-CMV-GFP,5,5,1.9,223.2,-72.21
AAV8-CMV-GFP,5,5,1.9,223.4,-71.09
AAV8-CMV-GFP,5,5,1.9,223.6,-69.79
AAV8-CMV-GFP,5,5,1.9,223.8,-68.5
AAV8-CMV-GFP,5,5,1.9,224.0,-67.43
AAV8-CMV-GFP,5,5,1.9,224.2,-66.71
AAV8-CMV-GFP,5,5,1.9,224.4,-66.42
AAV8-CMV-GFP,5,5,1.9,224.6,-66.56
AAV8-CMV-GFP,5,5,1.9,224.8,-67.03
AAV8-CMV-GFP,5,5,1.9,225.0,-67.69
AAV8-CMV-GFP,5,5,1.9,225.2,-68.34
AAV8-CMV-GFP,5,5,1.9,225.4,-68.74
AAV8-CMV-GFP,5,5,1.9,225.6,-68.67
AAV8-CMV-GFP,5,5,1.9,225.8,-67.95
AAV8-CMV-GFP,5,5,1.9,226.0,-66.45
AAV8-CMV-GFP,5,5,1.9,226.2,-64.11
AAV8-CMV-GFP,5,5,1.9,226.4,-60.97
AAV8-CMV-GFP,5,5,1.9,226.6,-57.17
AAV8-CMV-GFP,5,5,1.9,226.8,-52.87
AAV8-CMV-GFP,5,5,1.9,227.0,-48.33
AAV8-CMV-GFP,5,5,1.9,227.2,-43.81
AAV8-CMV-GFP,5,5,1.9,227.4,-39.55
AAV8-CMV-GFP,5,5,1.9,227.6,-35.75
AAV8-CMV-GFP,5,5,1.9,227.8,-32.56
AAV8-CMV-GFP,5,5,1.9,228.0,-30.02
AAV8-CMV-GFP,5,5,1.9,228.2,-28.12
AAV8-CMV-GFP,5,5,1.9,228.4,-26.74
AAV8-CMV-GFP,5,5,1.9,228.6,-25.72
AAV8-CMV-GFP,5,5,1.9,228.8,-24.83
AAV8-CMV-GFP,5,5,1.9,229.0,-23.88
AAV8-CMV-GFP,5,5,1.9,229.2,-22.68
AAV8-CMV-GFP,5,5,1.9,229.4,-21.1
AAV8-CMV-GFP,5,5,1.9,229.6,-19.08
AAV8-CMV-GFP,5,5,1.9,229.8,-16.67
AAV8-CMV-GFP,5,5,1.9,230.0,-13.99
AAV8-CMV-GFP,5,5,1.9,230.2,-11.25
AAV8-CMV-GFP,5,5,1.9,230.4,-8.72
AAV8-CMV-GFP,5,5,1.9,230.6,-6.67
AAV8-CMV-GFP,5,5,1.9,230.8,-5.4
AAV8-CMV-GFP,5,5,1.9,231.0,-5.13
AAV8-CMV-GFP,5,5,1.9,231.2,-6.03
AAV8-CMV-GFP,5,5,1.9,231.4,-8.17
AAV8-CMV-GFP,5,5,1.9,231.6,-11.51
AAV8-CMV-GFP,5,5,1.9,231.8,-15.9
AAV8-CMV-GFP,5,5,1.9,232.0,-21.1
AAV8-CMV-GFP,5,5,1.9,232.2,-26.79
AAV8-CMV-GFP,5,5,1.9,232.4,-32.63
AAV8-CMV-GFP,5,5,1.9,232.6,-38.24
AAV8-CMV-GFP,5,5,1.9,232.8,-43.31
AAV8-CMV-GFP,5,5,1.9,233.0,-47.54
AAV8-CMV-GFP,5,5,1.9,233.2,-50.77
AAV8-CMV-GFP,5,5,1.9,233.4,-52.88
AAV8-CMV-GFP,5,5,1.9,233.6,-53.9
AAV8-CMV-GFP,5,5,1.9,233.8,-53.9
AAV8-CMV-GFP,5,5,1.9,234.0,-53.05
AAV8-CMV-GFP,5,5,1.9,234.2,-51.57
AAV8-CMV-GFP,5,5,1.9,234.4,-49.68
AAV8-CMV-GFP,5,5,1.9,234.6,-47.61
AAV8-CMV-GFP,5,5,1.9,234.8,-45.55
AAV8-CMV-GFP,5,5,1.9,235.0,-43.62
AAV8-CMV-GFP,5,5,1.9,235.2,-41.89
AAV8-CMV-GFP,5,5,1.9,235.4,-40.39
AAV8-CMV-GFP,5,5,1.9,235.6,-39.05
AAV8-CMV-GFP,5,5,1.9,235.8,-37.8
AAV8-CMV-GFP,5,5,1.9,236.0,-36.53
AAV8-CMV-GFP,5,5,1.9,236.2,-35.11
AAV8-CMV-GFP,5,5,1.9,236.4,-33.48
AAV8-CMV-GFP,5,5,1.9,236.6,-31.56
AAV8-CMV-GFP,5,5,1.9,236.8,-29.36
AAV8-CMV-GFP,5,5,1.9,237.0,-26.92
AAV8-CMV-GFP,5,5,1.9,237.2,-24.34
AAV8-CMV-GFP,5,5,1.9,237.4,-21.76
AAV8-CMV-GFP,5,5,1.9,237.6,-19.33
AAV8-CMV-GFP,5,5,1.9,237.8,-17.23
AAV8-CMV-GFP,5,5,1.9,238.0,-15.62
AAV8-CMV-GFP,5,5,1.9,238.2,-14.63
AAV8-CMV-GFP,5,5,1.9,238.4,-14.36
AAV8-CMV-GFP,5,5,1.9,238.6,-14.86
AAV8-CMV-GFP,5,5,1.9,238.8,-16.13
AAV8-CMV-GFP,5,5,1.9,239.0,-18.13
AAV8-CMV-GFP,5,5,1.9,239.2,-20.76
AAV8-CMV-GFP,5,5,1.9,239.4,-23.89
AAV8-CMV-GFP,5,5,1.9,239.6,-27.4
AAV8-CMV-GFP,5,5,1.9,239.8,-31.13
AAV8-CMV-GFP,5,5,1.9,240.0,-34.93
AAV8-CMV-GFP,5,5,1.9,240.2,-38.68
AAV8-CMV-GFP,5,5,1.9,240.4,-42.27
AAV8-CMV-GFP,5,5,1.9,240.6,-45.62
AAV8-CMV-GFP,5,5,1.9,240.8,-48.67
AAV8-CMV-GFP,5,5,1.9,241.0,-51.38
AAV8-CMV-GFP,5,5,1.9,241.2,-53.75
AAV8-CMV-GFP,5,5,1.9,241.4,-55.79
AAV8-CMV-GFP,5,5,1.9,241.6,-57.53
AAV8-CMV-GFP,5,5,1.9,241.8,-58.98
AAV8-CMV-GFP,5,5,1.9,242.0,-60.19
AAV8-CMV-GFP,5,5,1.9,242.2,-61.19
AAV8-CMV-GFP,5,5,1.9,242.4,-62.02
AAV8-CMV-GFP,5,5,1.9,242.6,-62.71
AAV8-CMV-GFP,5,5,1.9,242.8,-63.27
AAV8-CMV-GFP,5,5,1.9,243.0,-63.69
AAV8-CMV-GFP,5,5,1.9,243.2,-63.98
AAV8-CMV-GFP,5,5,1.9,243.4,-64.1
AAV8-CMV-GFP,5,5,1.9,243.6,-63.99
AAV8-CMV-GFP,5,5,1.9,243.8,-63.6
AAV8-CMV-GFP,5,5,1.9,244.0,-62.85
AAV8-CMV-GFP,5,5,1.9,244.2,-61.65
AAV8-CMV-GFP,5,5,1.9,244.4,-59.94
AAV8-CMV-GFP,5,5,1.9,244.6,-57.65
AAV8-CMV-GFP,5,5,1.9,244.8,-54.75
AAV8-CMV-GFP,5,5,1.9,245.0,-51.25
AAV8-CMV-GFP,5,5,1.9,245.2,-47.21
AAV8-CMV-GFP,5,5,1.9,245.4,-42.72
AAV8-CMV-GFP,5,5,1.9,245.6,-37.95
AAV8-CMV-GFP,5,5,1.9,245.8,-33.09
AAV8-CMV-GFP,5,5,1.9,246.0,-28.37
AAV8-CMV-GFP,5,5,1.9,246.2,-24.02
AAV8-CMV-GFP,5,5,1.9,246.4,-20.29
AAV8-CMV-GFP,5,5,1.9,246.6,-17.34
AAV8-CMV-GFP,5,5,1.9,246.8,-15.33
AAV8-CMV-GFP,5,5,1.9,247.0,-14.3
AAV8-CMV-GFP,5,5,1.9,247.2,-14.22
AAV8-CMV-GFP,5,5,1.9,247.4,-14.95
AAV8-CMV-GFP,5,5,1.9,247.6,-16.29
AAV8-CMV-GFP,5,5,1.9,247.8,-17.95
AAV8-CMV-GFP,5,5,1.9,248.0,-19.62
AAV8-CMV-GFP,5,5,1.9,248.2,-20.97
AAV8-CMV-GFP,5,5,1.9,248.4,-21.71
AAV8-CMV-GFP,5,5,1.9,248.6,-21.62
AAV8-CMV-GFP,5,5,1.9,248.8,-20.56
AAV8-CMV-GFP,5,5,1.9,249.0,-18.54
AAV8-CMV-GFP,5,5,1.9,249.2,-15.68
AAV8-CMV-GFP,5,5,1.9,249.4,-12.21
AAV8-CMV-GFP,5,5,1.9,249.6,-8.49
AAV8-CMV-GFP,5,5,1.9,249.8,-4.91
AAV8-CMV-GFP,5,5,1.9,250.0,-1.92
AAV8-CMV-GFP,5,5,1.9,250.2,0.1
AAV8-CMV-GFP,5,5,1.9,250.4,0.79
AAV8-CMV-GFP,5,5,1.9,250.6,-0.05
AAV8-CMV-GFP,5,5,1.9,250.8,-2.49
AAV8-CMV-GFP,5,5,1.9,251.0,-6.45
AAV8-CMV-GFP,5,5,1.9,251.2,-11.68
AAV8-CMV-GFP,5,5,1.9,251.4,-17.81
AAV8-CMV-GFP,5,5,1.9,251.6,-24.36
AAV8-CMV-GFP,5,5,1.9,251.8,-30.81
AAV8-CMV-GFP,5,5,1.9,252.0,-36.64
AAV8-CMV-GFP,5,5,1.9,252.2,-41.42
AAV8-CMV-GFP,5,5,1.9,252.4,-44.8
AAV8-CMV-GFP,5,5,1.9,252.6,-46.6
AAV8-CMV-GFP,5,5,1.9,252.8,-46.81
AAV8-CMV-GFP,5,5,1.9,253.0,-45.6
AAV8-CMV-GFP,5,5,1.9,253.2,-43.27
AAV8-CMV-GFP,5,5,1.9,253.4,-40.24
AAV8-CMV-GFP,5,5,1.9,253.6,-37.01
AAV8-CMV-GFP,5,5,1.9,253.8,-34.05
AAV8-CMV-GFP,5,5,1.9,254.0,-31.81
AAV8-CMV-GFP,5,5,1.9,254.2,-30.6
AAV8-CMV-GFP,5,5,1.9,254.4,-30.61
AAV8-CMV-GFP,5,5,1.9,254.6,-31.84
AAV8-CMV-GFP,5,5,1.9,254.8,-34.12
AAV8-CMV-GFP,5,5,1.9,255.0,-37.14
AAV8-CMV-GFP,5,5,1.9,255.2,-40.48
AAV8-CMV-GFP,5,5,1.9,255.4,-43.65
AAV8-CMV-GFP,5,5,1.9,255.6,-46.17
AAV8-CMV-GFP,5,5,1.9,255.8,-47.6
AAV8-CMV-GFP,5,5,1.9,256.0,-47.63
AAV8-CMV-GFP,5,5,1.9,256.2,-46.1
AAV8-CMV-GFP,5,5,1.9,256.4,-43.01
AAV8-CMV-GFP,5,5,1.9,256.6,-38.55
AAV8-CMV-GFP,5,5,1.9,256.8,-33.04
AAV8-CMV-GFP,5,5,1.9,257.0,-26.94
AAV8-CMV-GFP,5,5,1.9,257.2,-20.75
AAV8-CMV-GFP,5,5,1.9,257.4,-14.98
AAV8-CMV-GFP,5,5,1.9,257.6,-10.1
AAV8-CMV-GFP,5,5,1.9,257.8,-6.44
AAV8-CMV-GFP,5,5,1.9,258.0,-4.23
AAV8-CMV-GFP,5,5,1.9,258.2,-3.49
AAV8-CMV-GFP,5,5,1.9,258.4,-4.12
AAV8-CMV-GFP,5,5,1.9,258.6,-5.84
AAV8-CMV-GFP,5,5,1.9,258.8,-8.27
AAV8-CMV-GFP,5,5,1.9,259.0,-19.87
AAV8-CMV-GFP,5,5,1.9,259.2,-20.16
AAV8-CMV-GFP,5,5,1.9,259.4,-19.57
AAV8-CMV-GFP,5,5,1.9,259.6,-17.92
AAV8-CMV-GFP,5,5,1.9,259.8,-15.16
AAV8-CMV-GFP,5,5,1.9,260.0,-11.36
AAV8-RK-PDE6B-3UTR,6,5,1.9,0.0,58.77
AAV8-RK-PDE6B-3UTR,6,5,1.9,0.2,41.15
AAV8-RK-PDE6B-3UTR,6,5,1.9,0.4,24.19
AAV8-RK-PDE6B-3UTR,6,5,1.9,0.6,8.79
AAV8-RK-PDE6B-3UTR,6,5,1.9,0.8,-4.25
AAV8-RK-PDE6B-3UTR,6,5,1.9,1.0,-14.36
AAV8-RK-PDE6B-3UTR,6,5,1.9,1.2,-21.21
AAV8-RK-PDE6B-3UTR,6,5,1.9,1.4,-24.76
AAV8-RK-PDE6B-3UTR,6,5,1.9,1.6,-25.23
AAV8-RK-PDE6B-3UTR,6,5,1.9,1.8,-23.08
AAV8-RK-PDE6B-3UTR,6,5,1.9,2.0,-18.96
AAV8-RK-PDE6B-3UTR,6,5,1.9,2.2,-13.6
AAV8-RK-PDE6B-3UTR,6,5,1.9,2.4,-7.79
AAV8-RK-PDE6B-3UTR,6,5,1.9,2.6,-2.23
AAV8-RK-PDE6B-3UTR,6,5,1.9,2.8,2.48
AAV8-RK-PDE6B-3UTR,6,5,1.9,3.0,5.91
AAV8-RK-PDE6B-3UTR,6,5,1.9,3.2,7.83
AAV8-RK-PDE6B-3UTR,6,5,1.9,3.4,8.21
AAV8-RK-PDE6B-3UTR,6,5,1.9,3.6,7.22
AAV8-RK-PDE6B-3UTR,6,5,1.9,3.8,5.15
AAV8-RK-PDE6B-3UTR,6,5,1.9,4.0,2.4
AAV8-RK-PDE6B-3UTR,6,5,1.9,4.2,-0.59
AAV8-RK-PDE6B-3UTR,6,5,1.9,4.4,-3.39
AAV8-RK-PDE6B-3UTR,6,5,1.9,4.6,-5.62
AAV8-RK-PDE6B-3UTR,6,5,1.9,4.8,-7.02
AAV8-RK-PDE6B-3UTR,6,5,1.9,5.0,-7.4
AAV8-RK-PDE6B-3UTR,6,5,1.9,5.2,-6.7
AAV8-RK-PDE6B-3UTR,6,5,1.9,5.4,-4.97
AAV8-RK-PDE6B-3UTR,6,5,1.9,5.6,-2.33
AAV8-RK-PDE6B-3UTR,6,5,1.9,5.8,1.07
AAV8-RK-PDE6B-3UTR,6,5,1.9,6.0,5.03
AAV8-RK-PDE6B-3UTR,6,5,1.9,6.2,9.37
AAV8-RK-PDE6B-3UTR,6,5,1.9,6.4,13.95
AAV8-RK-PDE6B-3UTR,6,5,1.9,6.6,18.66
AAV8-RK-PDE6B-3UTR,6,5,1.9,6.8,23.42
AAV8-RK-PDE6B-3UTR,6,5,1.9,7.0,28.2
AAV8-RK-PDE6B-3UTR,6,5,1.9,7.2,32.96
AAV8-RK-PDE6B-3UTR,6,5,1.9,7.4,37.71
AAV8-RK-PDE6B-3UTR,6,5,1.9,7.6,42.41
AAV8-RK-PDE6B-3UTR,6,5,1.9,7.8,47.0
AAV8-RK-PDE6B-3UTR,6,5,1.9,8.0,51.41
AAV8-RK-PDE6B-3UTR,6,5,1.9,8.2,55.53
AAV8-RK-PDE6B-3UTR,6,5,1.9,8.4,59.24
AAV8-RK-PDE6B-3UTR,6,5,1.9,8.6,62.42
AAV8-RK-PDE6B-3UTR,6,5,1.9,8.8,64.96
AAV8-RK-PDE6B-3UTR,6,5,1.9,9.0,66.8
AAV8-RK-PDE6B-3UTR,6,5,1.9,9.2,67.94
AAV8-RK-PDE6B-3UTR,6,5,1.9,9.4,68.44
AAV8-RK-PDE6B-3UTR,6,5,1.9,9.6,68.4
AAV8-RK-PDE6B-3UTR,6,5,1.9,9.8,68.01
AAV8-RK-PDE6B-3UTR,6,5,1.9,10.0,67.45
AAV8-RK-PDE6B-3UTR,6,5,1.9,10.2,66.95
AAV8-RK-PDE6B-3UTR,6,5,1.9,10.4,66.7
AAV8-RK-PDE6B-3UTR,6,5,1.9,10.6,66.82
AAV8-RK-PDE6B-3UTR,6,5,1.9,10.8,67.39
AAV8-RK-PDE6B-3UTR,6,5,1.9,11.0,68.4
AAV8-RK-PDE6B-3UTR,6,5,1.9,11.2,69.75
AAV8-RK-PDE6B-3UTR,6,5,1.9,11.4,71.28
AAV8-RK-PDE6B-3UTR,6,5,1.9,11.6,72.78
AAV8-RK-PDE6B-3UTR,6,5,1.9,11.8,74.0
AAV8-RK-PDE6B-3UTR,6,5,1.9,12.0,74.76
AAV8-RK-PDE6B-3UTR,6,5,1.9,12.2,74.89
AAV8-RK-PDE6B-3UTR,6,5,1.9,12.4,74.34
AAV8-RK-PDE6B-3UTR,6,5,1.9,12.6,73.16
AAV8-RK-PDE6B-3UTR,6,5,1.9,12.8,71.5
AAV8-RK-PDE6B-3UTR,6,5,1.9,13.0,69.62
AAV8-RK-PDE6B-3UTR,6,5,1.9,13.2,67.87
AAV8-RK-PDE6B-3UTR,6,5,1.9,13.4,66.59
AAV8-RK-PDE6B-3UTR,6,5,1.9,13.6,66.13
AAV8-RK-PDE6B-3UTR,6,5,1.9,13.8,66.76
AAV8-RK-PDE6B-3UTR,6,5,1.9,14.0,68.63
AAV8-RK-PDE6B-3UTR,6,5,1.9,14.2,71.73
AAV8-RK-PDE6B-3UTR,6,5,1.9,14.4,75.87
AAV8-RK-PDE6B-3UTR,6,5,1.9,14.6,80.69
AAV8-RK-PDE6B-3UTR,6,5,1.9,14.8,85.67
AAV8-RK-PDE6B-3UTR,6,5,1.9,15.0,90.21
AAV8-RK-PDE6B-3UTR,6,5,1.9,15.2,93.63
AAV8-RK-PDE6B-3UTR,6,5,1.9,15.4,95.33
AAV8-RK-PDE6B-3UTR,6,5,1.9,15.6,94.77
AAV8-RK-PDE6B-3UTR,6,5,1.9,15.8,91.62
AAV8-RK-PDE6B-3UTR,6,5,1.9,16.0,85.77
AAV8-RK-PDE6B-3UTR,6,5,1.9,16.2,77.37
AAV8-RK-PDE6B-3UTR,6,5,1.9,16.4,66.83
AAV8-RK-PDE6B-3UTR,6,5,1.9,16.6,54.82
AAV8-RK-PDE6B-3UTR,6,5,1.9,16.8,42.17
AAV8-RK-PDE6B-3UTR,6,5,1.9,17.0,29.84
AAV8-RK-PDE6B-3UTR,6,5,1.9,17.2,18.8
AAV8-RK-PDE6B-3UTR,6,5,1.9,17.4,9.94
AAV8-RK-PDE6B-3UTR,6,5,1.9,17.6,4.0
AAV8-RK-PDE6B-3UTR,6,5,1.9,17.8,1.45
AAV8-RK-PDE6B-3UTR,6,5,1.9,18.0,2.47
AAV8-RK-PDE6B-3UTR,6,5,1.9,18.2,6.94
AAV8-RK-PDE6B-3UTR,6,5,1.9,18.4,14.41
AAV8-RK-PDE6B-3UTR,6,5,1.9,18.6,24.18
AAV8-RK-PDE6B-3UTR,6,5,1.9,18.8,35.34
AAV8-RK-PDE6B-3UTR,6,5,1.9,19.0,46.9
AAV8-RK-PDE6B-3UTR,6,5,1.9,19.2,57.83
AAV8-RK-PDE6B-3UTR,6,5,1.9,19.4,67.24
AAV8-RK-PDE6B-3UTR,6,5,1.9,19.6,74.4
AAV8-RK-PDE6B-3UTR,6,5,1.9,19.8,78.86
AAV8-RK-PDE6B-3UTR,6,5,1.9,20.0,80.44
AAV8-RK-PDE6B-3UTR,6,5,1.9,20.2,79.28
AAV8-RK-PDE6B-3UTR,6,5,1.9,20.4,75.79
AAV8-RK-PDE6B-3UTR,6,5,1.9,20.6,70.63
AAV8-RK-PDE6B-3UTR,6,5,1.9,20.8,64.56
AAV8-RK-PDE6B-3UTR,6,5,1.9,21.0,58.46
AAV8-RK-PDE6B-3UTR,6,5,1.9,21.2,53.11
AAV8-RK-PDE6B-3UTR,6,5,1.9,21.4,49.2
AAV8-RK-PDE6B-3UTR,6,5,1.9,21.6,47.21
AAV8-RK-PDE6B-3UTR,6,5,1.9,21.8,47.39
AAV8-RK-PDE6B-3UTR,6,5,1.9,22.0,49.68
AAV8-RK-PDE6B-3UTR,6,5,1.9,22.2,53.81
AAV8-RK-PDE6B-3UTR,6,5,1.9,22.4,59.26
AAV8-RK-PDE6B-3UTR,6,5,1.9,22.6,65.38
AAV8-RK-PDE6B-3UTR,6,5,1.9,22.8,71.4
AAV8-RK-PDE6B-3UTR,6,5,1.9,23.0,76.6
AAV8-RK-PDE6B-3UTR,6,5,1.9,23.2,80.3
AAV8-RK-PDE6B-3UTR,6,5,1.9,23.4,82.01
AAV8-RK-PDE6B-3UTR,6,5,1.9,23.6,81.44
AAV8-RK-PDE6B-3UTR,6,5,1.9,23.8,78.52
AAV8-RK-PDE6B-3UTR,6,5,1.9,24.0,73.42
AAV8-RK-PDE6B-3UTR,6,5,1.9,24.2,66.54
AAV8-RK-PDE6B-3UTR,6,5,1.9,24.4,58.45
AAV8-RK-PDE6B-3UTR,6,5,1.9,24.6,49.81
AAV8-RK-PDE6B-3UTR,6,5,1.9,24.8,41.35
AAV8-RK-PDE6B-3UTR,6,5,1.9,25.0,33.74
AAV8-RK-PDE6B-3UTR,6,5,1.9,25.2,27.57
AAV8-RK-PDE6B-3UTR,6,5,1.9,25.4,23.3
AAV8-RK-PDE6B-3UTR,6,5,1.9,25.6,21.18
AAV8-RK-PDE6B-3UTR,6,5,1.9,25.8,21.28
AAV8-RK-PDE6B-3UTR,6,5,1.9,26.0,23.47
AAV8-RK-PDE6B-3UTR,6,5,1.9,26.2,27.45
AAV8-RK-PDE6B-3UTR,6,5,1.9,26.4,32.81
AAV8-RK-PDE6B-3UTR,6,5,1.9,26.6,39.03
AAV8-RK-PDE6B-3UTR,6,5,1.9,26.8,45.59
AAV8-RK-PDE6B-3UTR,6,5,1.9,27.0,51.98
AAV8-RK-PDE6B-3UTR,6,5,1.9,27.2,57.76
AAV8-RK-PDE6B-3UTR,6,5,1.9,27.4,62.6
AAV8-RK-PDE6B-3UTR,6,5,1.9,27.6,66.3
AAV8-RK-PDE6B-3UTR,6,5,1.9,27.8,68.77
AAV8-RK-PDE6B-3UTR,6,5,1.9,28.0,70.08
AAV8-RK-PDE6B-3UTR,6,5,1.9,28.2,70.4
AAV8-RK-PDE6B-3UTR,6,5,1.9,28.4,69.96
AAV8-RK-PDE6B-3UTR,6,5,1.9,28.6,69.07
AAV8-RK-PDE6B-3UTR,6,5,1.9,28.8,68.03
AAV8-RK-PDE6B-3UTR,6,5,1.9,29.0,67.13
AAV8-RK-PDE6B-3UTR,6,5,1.9,29.2,66.61
AAV8-RK-PDE6B-3UTR,6,5,1.9,29.4,66.63
AAV8-RK-PDE6B-3UTR,6,5,1.9,29.6,67.29
AAV8-RK-PDE6B-3UTR,6,5,1.9,29.8,68.58
AAV8-RK-PDE6B-3UTR,6,5,1.9,30.0,70.43
AAV8-RK-PDE6B-3UTR,6,5,1.9,30.2,72.67
AAV8-RK-PDE6B-3UTR,6,5,1.9,30.4,75.12
AAV8-RK-PDE6B-3UTR,6,5,1.9,30.6,77.53
AAV8-RK-PDE6B-3UTR,6,5,1.9,30.8,79.68
AAV8-RK-PDE6B-3UTR,6,5,1.9,31.0,81.33
AAV8-RK-PDE6B-3UTR,6,5,1.9,31.2,82.33
AAV8-RK-PDE6B-3UTR,6,5,1.9,31.4,82.54
AAV8-RK-PDE6B-3UTR,6,5,1.9,31.6,81.91
AAV8-RK-PDE6B-3UTR,6,5,1.9,31.8,80.46
AAV8-RK-PDE6B-3UTR,6,5,1.9,32.0,78.31
AAV8-RK-PDE6B-3UTR,6,5,1.9,32.2,75.61
AAV8-RK-PDE6B-3UTR,6,5,1.9,32.4,72.6
AAV8-RK-PDE6B-3UTR,6,5,1.9,32.6,69.55
AAV8-RK-PDE6B-3UTR,6,5,1.9,32.8,66.77
AAV8-RK-PDE6B-3UTR,6,5,1.9,33.0,64.55
AAV8-RK-PDE6B-3UTR,6,5,1.9,33.2,63.17
AAV8-RK-PDE6B-3UTR,6,5,1.9,33.4,62.87
AAV8-RK-PDE6B-3UTR,6,5,1.9,33.6,63.81
AAV8-RK-PDE6B-3UTR,6,5,1.9,33.8,66.07
AAV8-RK-PDE6B-3UTR,6,5,1.9,34.0,69.67
AAV8-RK-PDE6B-3UTR,6,5,1.9,34.2,74.48
AAV8-RK-PDE6B-3UTR,6,5,1.9,34.4,80.34
AAV8-RK-PDE6B-3UTR,6,5,1.9,34.6,86.97
AAV8-RK-PDE6B-3UTR,6,5,1.9,34.8,94.04
AAV8-RK-PDE6B-3UTR,6,5,1.9,35.0,101.19
AAV8-RK-PDE6B-3UTR,6,5,1.9,35.2,108.05
AAV8-RK-PDE6B-3UTR,6,5,1.9,35.4,114.26
AAV8-RK-PDE6B-3UTR,6,5,1.9,35.6,119.5
AAV8-RK-PDE6B-3UTR,6,5,1.9,35.8,123.55
AAV8-RK-PDE6B-3UTR,6,5,1.9,36.0,126.25
AAV8-RK-PDE6B-3UTR,6,5,1.9,36.2,127.55
AAV8-RK-PDE6B-3UTR,6,5,1.9,36.4,127.49
AAV8-RK-PDE6B-3UTR,6,5,1.9,36.6,126.2
AAV8-RK-PDE6B-3UTR,6,5,1.9,36.8,123.9
AAV8-RK-PDE6B-3UTR,6,5,1.9,37.0,120.84
AAV8-RK-PDE6B-3UTR,6,5,1.9,37.2,117.33
AAV8-RK-PDE6B-3UTR,6,5,1.9,37.4,113.63
AAV8-RK-PDE6B-3UTR,6,5,1.9,37.6,110.03
AAV8-RK-PDE6B-3UTR,6,5,1.9,37.8,106.71
AAV8-RK-PDE6B-3UTR,6,5,1.9,38.0,103.85
AAV8-RK-PDE6B-3UTR,6,5,1.9,38.2,101.5
AAV8-RK-PDE6B-3UTR,6,5,1.9,38.4,99.68
AAV8-RK-PDE6B-3UTR,6,5,1.9,38.6,98.33
AAV8-RK-PDE6B-3UTR,6,5,1.9,38.8,97.37
AAV8-RK-PDE6B-3UTR,6,5,1.9,39.0,96.66
AAV8-RK-PDE6B-3UTR,6,5,1.9,39.2,96.1
AAV8-RK-PDE6B-3UTR,6,5,1.9,39.4,95.59
AAV8-RK-PDE6B-3UTR,6,5,1.9,39.6,95.06
AAV8-RK-PDE6B-3UTR,6,5,1.9,39.8,94.5
AAV8-RK-PDE6B-3UTR,6,5,1.9,40.0,93.94
AAV8-RK-PDE6B-3UTR,6,5,1.9,40.2,93.46
AAV8-RK-PDE6B-3UTR,6,5,1.9,40.4,93.17
AAV8-RK-PDE6B-3UTR,6,5,1.9,40.6,93.2
AAV8-RK-PDE6B-3UTR,6,5,1.9,40.8,93.65
AAV8-RK-PDE6B-3UTR,6,5,1.9,41.0,94.59
AAV8-RK-PDE6B-3UTR,6,5,1.9,41.2,96.05
AAV8-RK-PDE6B-3UTR,6,5,1.9,41.4,97.98
AAV8-RK-PDE6B-3UTR,6,5,1.9,41.6,100.26
AAV8-RK-PDE6B-3UTR,6,5,1.9,41.8,102.7
AAV8-RK-PDE6B-3UTR,6,5,1.9,42.0,105.06
AAV8-RK-PDE6B-3UTR,6,5,1.9,42.2,107.05
AAV8-RK-PDE6B-3UTR,6,5,1.9,42.4,108.39
AAV8-RK-PDE6B-3UTR,6,5,1.9,42.6,108.82
AAV8-RK-PDE6B-3UTR,6,5,1.9,42.8,108.12
AAV8-RK-PDE6B-3UTR,6,5,1.9,43.0,106.17
AAV8-RK-PDE6B-3UTR,6,5,1.9,43.2,102.96
AAV8-RK-PDE6B-3UTR,6,5,1.9,43.4,98.58
AAV8-RK-PDE6B-3UTR,6,5,1.9,43.6,93.23
AAV8-RK-PDE6B-3UTR,6,5,1.9,43.8,87.24
AAV8-RK-PDE6B-3UTR,6,5,1.9,44.0,80.98
AAV8-RK-PDE6B-3UTR,6,5,1.9,44.2,74.89
AAV8-RK-PDE6B-3UTR,6,5,1.9,44.4,69.4
AAV8-RK-PDE6B-3UTR,6,5,1.9,44.6,64.92
AAV8-RK-PDE6B-3UTR,6,5,1.9,44.8,61.78
AAV8-RK-PDE6B-3UTR,6,5,1.9,45.0,60.21
AAV8-RK-PDE6B-3UTR,6,5,1.9,45.2,60.32
AAV8-RK-PDE6B-3UTR,6,5,1.9,45.4,62.07
AAV8-RK-PDE6B-3UTR,6,5,1.9,45.6,65.3
AAV8-RK-PDE6B-3UTR,6,5,1.9,45.8,69.75
AAV8-RK-PDE6B-3UTR,6,5,1.9,46.0,75.04
AAV8-RK-PDE6B-3UTR,6,5,1.9,46.2,80.78
AAV8-RK-PDE6B-3UTR,6,5,1.9,46.4,86.52
AAV8-RK-PDE6B-3UTR,6,5,1.9,46.6,91.89
AAV8-RK-PDE6B-3UTR,6,5,1.9,46.8,96.56
AAV8-RK-PDE6B-3UTR,6,5,1.9,47.0,100.29
AAV8-RK-PDE6B-3UTR,6,5,1.9,47.2,102.97
AAV8-RK-PDE6B-3UTR,6,5,1.9,47.4,104.6
AAV8-RK-PDE6B-3UTR,6,5,1.9,47.6,105.32
AAV8-RK-PDE6B-3UTR,6,5,1.9,47.8,105.33
AAV8-RK-PDE6B-3UTR,6,5,1.9,48.0,104.94
AAV8-RK-PDE6B-3UTR,6,5,1.9,48.2,104.46
AAV8-RK-PDE6B-3UTR,6,5,1.9,48.4,104.23
AAV8-RK-PDE6B-3UTR,6,5,1.9,48.6,104.53
AAV8-RK-PDE6B-3UTR,6,5,1.9,48.8,105.58
AAV8-RK-PDE6B-3UTR,6,5,1.9,49.0,107.51
AAV8-RK-PDE6B-3UTR,6,5,1.9,49.2,110.33
AAV8-RK-PDE6B-3UTR,6,5,1.9,49.4,113.95
AAV8-RK-PDE6B-3UTR,6,5,1.9,49.6,118.18
AAV8-RK-PDE6B-3UTR,6,5,1.9,49.8,122.75
AAV8-RK-PDE6B-3UTR,6,5,1.9,50.0,127.33
AAV8-RK-PDE6B-3UTR,6,5,1.9,50.2,131.59
AAV8-RK-PDE6B-3UTR,6,5,1.9,50.4,135.21
AAV8-RK-PDE6B-3UTR,6,5,1.9,50.6,137.9
AAV8-RK-PDE6B-3UTR,6,5,1.9,50.8,139.48
AAV8-RK-PDE6B-3UTR,6,5,1.9,51.0,139.85
AAV8-RK-PDE6B-3UTR,6,5,1.9,51.2,139.02
AAV8-RK-PDE6B-3UTR,6,5,1.9,51.4,137.11
AAV8-RK-PDE6B-3UTR,6,5,1.9,51.6,134.34
AAV8-RK-PDE6B-3UTR,6,5,1.9,51.8,131.02
AAV8-RK-PDE6B-3UTR,6,5,1.9,52.0,127.47
AAV8-RK-PDE6B-3UTR,6,5,1.9,52.2,124.07
AAV8-RK-PDE6B-3UTR,6,5,1.9,52.4,121.17
AAV8-RK-PDE6B-3UTR,6,5,1.9,52.6,119.06
AAV8-RK-PDE6B-3UTR,6,5,1.9,52.8,117.98
AAV8-RK-PDE6B-3UTR,6,5,1.9,53.0,118.07
AAV8-RK-PDE6B-3UTR,6,5,1.9,53.2,119.37
AAV8-RK-PDE6B-3UTR,6,5,1.9,53.4,121.82
AAV8-RK-PDE6B-3UTR,6,5,1.9,53.6,125.25
AAV8-RK-PDE6B-3UTR,6,5,1.9,53.8,129.44
AAV8-RK-PDE6B-3UTR,6,5,1.9,54.0,134.09
AAV8-RK-PDE6B-3UTR,6,5,1.9,54.2,138.88
AAV8-RK-PDE6B-3UTR,6,5,1.9,54.4,143.5
AAV8-RK-PDE6B-3UTR,6,5,1.9,54.6,147.64
AAV8-RK-PDE6B-3UTR,6,5,1.9,54.8,151.05
AAV8-RK-PDE6B-3UTR,6,5,1.9,55.0,153.53
AAV8-RK-PDE6B-3UTR,6,5,1.9,55.2,154.99
AAV8-RK-PDE6B-3UTR,6,5,1.9,55.4,155.36
AAV8-RK-PDE6B-3UTR,6,5,1.9,55.6,154.68
AAV8-RK-PDE6B-3UTR,6,5,1.9,55.8,153.04
AAV8-RK-PDE6B-3UTR,6,5,1.9,56.0,150.57
AAV8-RK-PDE6B-3UTR,6,5,1.9,56.2,147.43
AAV8-RK-PDE6B-3UTR,6,5,1.9,56.4,143.79
AAV8-RK-PDE6B-3UTR,6,5,1.9,56.6,139.83
AAV8-RK-PDE6B-3UTR,6,5,1.9,56.8,135.7
AAV8-RK-PDE6B-3UTR,6,5,1.9,57.0,131.52
AAV8-RK-PDE6B-3UTR,6,5,1.9,57.2,127.38
AAV8-RK-PDE6B-3UTR,6,5,1.9,57.4,123.35
AAV8-RK-PDE6B-3UTR,6,5,1.9,57.6,119.47
AAV8-RK-PDE6B-3UTR,6,5,1.9,57.8,115.75
AAV8-RK-PDE6B-3UTR,6,5,1.9,58.0,112.21
AAV8-RK-PDE6B-3UTR,6,5,1.9,58.2,108.87
AAV8-RK-PDE6B-3UTR,6,5,1.9,58.4,105.74
AAV8-RK-PDE6B-3UTR,6,5,1.9,58.6,102.86
AAV8-RK-PDE6B-3UTR,6,5,1.9,58.8,100.28
AAV8-RK-PDE6B-3UTR,6,5,1.9,59.0,98.07
AAV8-RK-PDE6B-3UTR,6,5,1.9,59.2,96.28
AAV8-RK-PDE6B-3UTR,6,5,1.9,59.4,94.98
AAV8-RK-PDE6B-3UTR,6,5,1.9,59.6,94.21
AAV8-RK-PDE6B-3UTR,6,5,1.9,59.8,93.99
AAV8-RK-PDE6B-3UTR,6,5,1.9,60.0,94.31
AAV8-RK-PDE6B-3UTR,6,5,1.9,60.2,95.09
AAV8-RK-PDE6B-3UTR,6,5,1.9,60.4,96.25
AAV8-RK-PDE6B-3UTR,6,5,1.9,60.6,97.62
AAV8-RK-PDE6B-3UTR,6,5,1.9,60.8,99.03
AAV8-RK-PDE6B-3UTR,6,5,1.9,61.0,100.26
AAV8-RK-PDE6B-3UTR,6,5,1.9,61.2,101.11
AAV8-RK-PDE6B-3UTR,6,5,1.9,61.4,101.38
AAV8-RK-PDE6B-3UTR,6,5,1.9,61.6,100.89
AAV8-RK-PDE6B-3UTR,6,5,1.9,61.8,99.54
AAV8-RK-PDE6B-3UTR,6,5,1.9,62.0,97.25
AAV8-RK-PDE6B-3UTR,6,5,1.9,62.2,94.04
AAV8-RK-PDE6B-3UTR,6,5,1.9,62.4,90.0
AAV8-RK-PDE6B-3UTR,6,5,1.9,62.6,85.28
AAV8-RK-PDE6B-3UTR,6,5,1.9,62.8,80.09
AAV8-RK-PDE6B-3UTR,6,5,1.9,63.0,74.7
AAV8-RK-PDE6B-3UTR,6,5,1.9,63.2,69.37
AAV8-RK-PDE6B-3UTR,6,5,1.9,63.4,64.39
AAV8-RK-PDE6B-3UTR,6,5,1.9,63.6,60.02
AAV8-RK-PDE6B-3UTR,6,5,1.9,63.8,56.47
AAV8-RK-PDE6B-3UTR,6,5,1.9,64.0,53.89
AAV8-RK-PDE6B-3UTR,6,5,1.9,64.2,52.36
AAV8-RK-PDE6B-3UTR,6,5,1.9,64.4,51.9
AAV8-RK-PDE6B-3UTR,6,5,1.9,64.6,52.43
AAV8-RK-PDE6B-3UTR,6,5,1.9,64.8,53.83
AAV8-RK-PDE6B-3UTR,6,5,1.9,65.0,55.91
AAV8-RK-PDE6B-3UTR,6,5,1.9,65.2,58.48
AAV8-RK-PDE6B-3UTR,6,5,1.9,65.4,61.31
AAV8-RK-PDE6B-3UTR,6,5,1.9,65.6,64.19
AAV8-RK-PDE6B-3UTR,6,5,1.9,65.8,66.96
AAV8-RK-PDE6B-3UTR,6,5,1.9,66.0,69.5
AAV8-RK-PDE6B-3UTR,6,5,1.9,66.2,71.74
AAV8-RK-PDE6B-3UTR,6,5,1.9,66.4,73.69
AAV8-RK-PDE6B-3UTR,6,5,1.9,66.6,75.42
AAV8-RK-PDE6B-3UTR,6,5,1.9,66.8,77.05
AAV8-RK-PDE6B-3UTR,6,5,1.9,67.0,78.75
AAV8-RK-PDE6B-3UTR,6,5,1.9,67.2,80.72
AAV8-RK-PDE6B-3UTR,6,5,1.9,67.4,83.15
AAV8-RK-PDE6B-3UTR,6,5,1.9,67.6,86.22
AAV8-RK-PDE6B-3UTR,6,5,1.9,67.8,90.09
AAV8-RK-PDE6B-3UTR,6,5,1.9,68.0,94.83
AAV8-RK-PDE6B-3UTR,6,5,1.9,68.2,100.46
AAV8-RK-PDE6B-3UTR,6,5,1.9,68.4,106.94
AAV8-RK-PDE6B-3UTR,6,5,1.9,68.6,114.12
AAV8-RK-PDE6B-3UTR,6,5,1.9,68.8,121.81
AAV8-RK-PDE6B-3UTR,6,5,1.9,69.0,129.75
AAV8-RK-PDE6B-3UTR,6,5,1.9,69.2,137.64
AAV8-RK-PDE6B-3UTR,6,5,1.9,69.4,145.15
AAV8-RK-PDE6B-3UTR,6,5,1.9,69.6,151.98
AAV8-RK-PDE6B-3UTR,6,5,1.9,69.8,157.84
AAV8-RK-PDE6B-3UTR,6,5,1.9,70.0,162.5
AAV8-RK-PDE6B-3UTR,6,5,1.9,70.2,165.8
AAV8-RK-PDE6B-3UTR,6,5,1.9,70.4,167.68
AAV8-RK-PDE6B-3UTR,6,5,1.9,70.6,168.14
AAV8-RK-PDE6B-3UTR,6,5,1.9,70.8,167.29
AAV8-RK-PDE6B-3UTR,6,5,1.9,71.0,165.31
AAV8-RK-PDE6B-3UTR,6,5,1.9,71.2,162.46
AAV8-RK-PDE6B-3UTR,6,5,1.9,71.4,159.01
AAV8-RK-PDE6B-3UTR,6,5,1.9,71.6,155.25
AAV8-RK-PDE6B-3UTR,6,5,1.9,71.8,151.46
AAV8-RK-PDE6B-3UTR,6,5,1.9,72.0,147.87
AAV8-RK-PDE6B-3UTR,6,5,1.9,72.2,144.62
AAV8-RK-PDE6B-3UTR,6,5,1.9,72.4,141.78
AAV8-RK-PDE6B-3UTR,6,5,1.9,72.6,139.31
AAV8-RK-PDE6B-3UTR,6,5,1.9,72.8,137.06
AAV8-RK-PDE6B-3UTR,6,5,1.9,73.0,134.83
AAV8-RK-PDE6B-3UTR,6,5,1.9,73.2,132.31
AAV8-RK-PDE6B-3UTR,6,5,1.9,73.4,129.18
AAV8-RK-PDE6B-3UTR,6,5,1.9,73.6,125.13
AAV8-RK-PDE6B-3UTR,6,5,1.9,73.8,119.87
AAV8-RK-PDE6B-3UTR,6,5,1.9,74.0,113.2
AAV8-RK-PDE6B-3UTR,6,5,1.9,74.2,105.05
AAV8-RK-PDE6B-3UTR,6,5,1.9,74.4,95.44
AAV8-RK-PDE6B-3UTR,6,5,1.9,74.6,84.58
AAV8-RK-PDE6B-3UTR,6,5,1.9,74.8,72.79
AAV8-RK-PDE6B-3UTR,6,5,1.9,75.0,60.55
AAV8-RK-PDE6B-3UTR,6,5,1.9,75.2,48.39
AAV8-RK-PDE6B-3UTR,6,5,1.9,75.4,36.92
AAV8-RK-PDE6B-3UTR,6,5,1.9,75.6,26.74
AAV8-RK-PDE6B-3UTR,6,5,1.9,75.8,18.41
AAV8-RK-PDE6B-3UTR,6,5,1.9,76.0,12.38
AAV8-RK-PDE6B-3UTR,6,5,1.9,76.2,8.95
AAV8-RK-PDE6B-3UTR,6,5,1.9,76.4,8.23
AAV8-RK-PDE6B-3UTR,6,5,1.9,76.6,10.17
AAV8-RK-PDE6B-3UTR,6,5,1.9,76.8,14.51
AAV8-RK-PDE6B-3UTR,6,5,1.9,77.0,20.82
AAV8-RK-PDE6B-3UTR,6,5,1.9,77.2,28.52
AAV8-RK-PDE6B-3UTR,6,5,1.9,77.4,36.97
AAV8-RK-PDE6B-3UTR,6,5,1.9,77.6,45.49
AAV8-RK-PDE6B-3UTR,6,5,1.9,77.8,53.43
AAV8-RK-PDE6B-3UTR,6,5,1.9,78.0,60.22
AAV8-RK-PDE6B-3UTR,6,5,1.9,78.2,65.45
AAV8-RK-PDE6B-3UTR,6,5,1.9,78.4,68.85
AAV8-RK-PDE6B-3UTR,6,5,1.9,78.6,70.36
AAV8-RK-PDE6B-3UTR,6,5,1.9,78.8,70.07
AAV8-RK-PDE6B-3UTR,6,5,1.9,79.0,68.28
AAV8-RK-PDE6B-3UTR,6,5,1.9,79.2,65.39
AAV8-RK-PDE6B-3UTR,6,5,1.9,79.4,61.87
AAV8-RK-PDE6B-3UTR,6,5,1.9,79.6,58.24
AAV8-RK-PDE6B-3UTR,6,5,1.9,79.8,54.99
AAV8-RK-PDE6B-3UTR,6,5,1.9,80.0,52.51
AAV8-RK-PDE6B-3UTR,6,5,1.9,80.2,51.09
AAV8-RK-PDE6B-3UTR,6,5,1.9,80.4,50.9
AAV8-RK-PDE6B-3UTR,6,5,1.9,80.6,51.92
AAV8-RK-PDE6B-3UTR,6,5,1.9,80.8,54.03
AAV8-RK-PDE6B-3UTR,6,5,1.9,81.0,56.98
AAV8-RK-PDE6B-3UTR,6,5,1.9,81.2,60.43
AAV8-RK-PDE6B-3UTR,6,5,1.9,81.4,64.03
AAV8-RK-PDE6B-3UTR,6,5,1.9,81.6,67.42
AAV8-RK-PDE6B-3UTR,6,5,1.9,81.8,70.31
AAV8-RK-PDE6B-3UTR,6,5,1.9,82.0,72.47
AAV8-RK-PDE6B-3UTR,6,5,1.9,82.2,73.8
AAV8-RK-PDE6B-3UTR,6,5,1.9,82.4,74.32
AAV8-RK-PDE6B-3UTR,6,5,1.9,82.6,74.12
AAV8-RK-PDE6B-3UTR,6,5,1.9,82.8,73.44
AAV8-RK-PDE6B-3UTR,6,5,1.9,83.0,72.52
AAV8-RK-PDE6B-3UTR,6,5,1.9,83.2,71.69
AAV8-RK-PDE6B-3UTR,6,5,1.9,83.4,71.24
AAV8-RK-PDE6B-3UTR,6,5,1.9,83.6,71.44
AAV8-RK-PDE6B-3UTR,6,5,1.9,83.8,72.47
AAV8-RK-PDE6B-3UTR,6,5,1.9,84.0,74.48
AAV8-RK-PDE6B-3UTR,6,5,1.9,84.2,77.5
AAV8-RK-PDE6B-3UTR,6,5,1.9,84.4,81.51
AAV8-RK-PDE6B-3UTR,6,5,1.9,84.6,86.41
AAV8-RK-PDE6B-3UTR,6,5,1.9,84.8,92.06
AAV8-RK-PDE6B-3UTR,6,5,1.9,85.0,98.32
AAV8-RK-PDE6B-3UTR,6,5,1.9,85.2,105.05
AAV8-RK-PDE6B-3UTR,6,5,1.9,85.4,112.1
AAV8-RK-PDE6B-3UTR,6,5,1.9,85.6,119.39
AAV8-RK-PDE6B-3UTR,6,5,1.9,85.8,126.86
AAV8-RK-PDE6B-3UTR,6,5,1.9,86.0,134.47
AAV8-RK-PDE6B-3UTR,6,5,1.9,86.2,142.19
AAV8-RK-PDE6B-3UTR,6,5,1.9,86.4,150.01
AAV8-RK-PDE6B-3UTR,6,5,1.9,86.6,157.87
AAV8-RK-PDE6B-3UTR,6,5,1.9,86.8,165.69
AAV8-RK-PDE6B-3UTR,6,5,1.9,87.0,173.33
AAV8-RK-PDE6B-3UTR,6,5,1.9,87.2,180.61
AAV8-RK-PDE6B-3UTR,6,5,1.9,87.4,187.3
AAV8-RK-PDE6B-3UTR,6,5,1.9,87.6,193.14
AAV8-RK-PDE6B-3UTR,6,5,1.9,87.8,197.87
AAV8-RK-PDE6B-3UTR,6,5,1.9,88.0,201.27
AAV8-RK-PDE6B-3UTR,6,5,1.9,88.2,203.14
AAV8-RK-PDE6B-3UTR,6,5,1.9,88.4,203.41
AAV8-RK-PDE6B-3UTR,6,5,1.9,88.6,202.08
AAV8-RK-PDE6B-3UTR,6,5,1.9,88.8,199.28
AAV8-RK-PDE6B-3UTR,6,5,1.9,89.0,195.23
AAV8-RK-PDE6B-3UTR,6,5,1.9,89.2,190.29
AAV8-RK-PDE6B-3UTR,6,5,1.9,89.4,184.83
AAV8-RK-PDE6B-3UTR,6,5,1.9,89.6,179.3
AAV8-RK-PDE6B-3UTR,6,5,1.9,89.8,174.11
AAV8-RK-PDE6B-3UTR,6,5,1.9,90.0,169.64
AAV8-RK-PDE6B-3UTR,6,5,1.9,90.2,166.16
AAV8-RK-PDE6B-3UTR,6,5,1.9,90.4,163.84
AAV8-RK-PDE6B-3UTR,6,5,1.9,90.6,162.7
AAV8-RK-PDE6B-3UTR,6,5,1.9,90.8,162.64
AAV8-RK-PDE6B-3UTR,6,5,1.9,91.0,163.42
AAV8-RK-PDE6B-3UTR,6,5,1.9,91.2,164.72
AAV8-RK-PDE6B-3UTR,6,5,1.9,91.4,166.17
AAV8-RK-PDE6B-3UTR,6,5,1.9,91.6,167.36
AAV8-RK-PDE6B-3UTR,6,5,1.9,91.8,167.93
AAV8-RK-PDE6B-3UTR,6,5,1.9,92.0,167.58
AAV8-RK-PDE6B-3UTR,6,5,1.9,92.2,166.12
AAV8-RK-PDE6B-3UTR,6,5,1.9,92.4,163.44
AAV8-RK-PDE6B-3UTR,6,5,1.9,92.6,159.57
AAV8-RK-PDE6B-3UTR,6,5,1.9,92.8,154.64
AAV8-RK-PDE6B-3UTR,6,5,1.9,93.0,148.86
AAV8-RK-PDE6B-3UTR,6,5,1.9,93.2,142.48
AAV8-RK-PDE6B-3UTR,6,5,1.9,93.4,135.76
AAV8-RK-PDE6B-3UTR,6,5,1.9,93.6,128.94
AAV8-RK-PDE6B-3UTR,6,5,1.9,93.8,122.21
AAV8-RK-PDE6B-3UTR,6,5,1.9,94.0,115.67
AAV8-RK-PDE6B-3UTR,6,5,1.9,94.2,109.37
AAV8-RK-PDE6B-3UTR,6,5,1.9,94.4,103.25
AAV8-RK-PDE6B-3UTR,6,5,1.9,94.6,97.22
AAV8-RK-PDE6B-3UTR,6,5,1.9,94.8,91.17
AAV8-RK-PDE6B-3UTR,6,5,1.9,95.0,84.97
AAV8-RK-PDE6B-3UTR,6,5,1.9,95.2,78.57
AAV8-RK-PDE6B-3UTR,6,5,1.9,95.4,71.95
AAV8-RK-PDE6B-3UTR,6,5,1.9,95.6,65.2
AAV8-RK-PDE6B-3UTR,6,5,1.9,95.8,58.48
AAV8-RK-PDE6B-3UTR,6,5,1.9,96.0,52.06
AAV8-RK-PDE6B-3UTR,6,5,1.9,96.2,46.25
AAV8-RK-PDE6B-3UTR,6,5,1.9,96.4,41.38
AAV8-RK-PDE6B-3UTR,6,5,1.9,96.6,37.79
AAV8-RK-PDE6B-3UTR,6,5,1.9,96.8,35.75
AAV8-RK-PDE6B-3UTR,6,5,1.9,97.0,35.43
AAV8-RK-PDE6B-3UTR,6,5,1.9,97.2,36.88
AAV8-RK-PDE6B-3UTR,6,5,1.9,97.4,40.0
AAV8-RK-PDE6B-3UTR,6,5,1.9,97.6,44.56
AAV8-RK-PDE6B-3UTR,6,5,1.9,97.8,50.21
AAV8-RK-PDE6B-3UTR,6,5,1.9,98.0,56.52
AAV8-RK-PDE6B-3UTR,6,5,1.9,98.2,62.99
AAV8-RK-PDE6B-3UTR,6,5,1.9,98.4,69.15
AAV8-RK-PDE6B-3UTR,6,5,1.9,98.6,74.61
AAV8-RK-PDE6B-3UTR,6,5,1.9,98.8,79.05
AAV8-RK-PDE6B-3UTR,6,5,1.9,99.0,82.33
AAV8-RK-PDE6B-3UTR,6,5,1.9,99.2,84.45
AAV8-RK-PDE6B-3UTR,6,5,1.9,99.4,85.6
AAV8-RK-PDE6B-3UTR,6,5,1.9,99.6,86.1
AAV8-RK-PDE6B-3UTR,6,5,1.9,99.8,86.38
AAV8-RK-PDE6B-3UTR,6,5,1.9,100.0,86.93
AAV8-RK-PDE6B-3UTR,6,5,1.9,100.2,88.24
AAV8-RK-PDE6B-3UTR,6,5,1.9,100.4,90.75
AAV8-RK-PDE6B-3UTR,6,5,1.9,100.6,94.77
AAV8-RK-PDE6B-3UTR,6,5,1.9,100.8,100.48
AAV8-RK-PDE6B-3UTR,6,5,1.9,101.0,107.89
AAV8-RK-PDE6B-3UTR,6,5,1.9,101.2,116.82
AAV8-RK-PDE6B-3UTR,6,5,1.9,101.4,126.94
AAV8-RK-PDE6B-3UTR,6,5,1.9,101.6,137.81
AAV8-RK-PDE6B-3UTR,6,5,1.9,101.8,148.87
AAV8-RK-PDE6B-3UTR,6,5,1.9,102.0,159.58
AAV8-RK-PDE6B-3UTR,6,5,1.9,102.2,169.42
AAV8-RK-PDE6B-3UTR,6,5,1.9,102.4,177.95
AAV8-RK-PDE6B-3UTR,6,5,1.9,102.6,184.87
AAV8-RK-PDE6B-3UTR,6,5,1.9,102.8,190.01
AAV8-RK-PDE6B-3UTR,6,5,1.9,103.0,193.38
AAV8-RK-PDE6B-3UTR,6,5,1.9,103.2,195.14
AAV8-RK-PDE6B-3UTR,6,5,1.9,103.4,195.53
AAV8-RK-PDE6B-3UTR,6,5,1.9,103.6,194.94
AAV8-RK-PDE6B-3UTR,6,5,1.9,103.8,193.73
AAV8-RK-PDE6B-3UTR,6,5,1.9,104.0,192.29
AAV8-RK-PDE6B-3UTR,6,5,1.9,104.2,190.94
AAV8-RK-PDE6B-3UTR,6,5,1.9,104.4,189.93
AAV8-RK-PDE6B-3UTR,6,5,1.9,104.6,189.38
AAV8-RK-PDE6B-3UTR,6,5,1.9,104.8,189.31
AAV8-RK-PDE6B-3UTR,6,5,1.9,105.0,189.65
AAV8-RK-PDE6B-3UTR,6,5,1.9,105.2,190.21
AAV8-RK-PDE6B-3UTR,6,5,1.9,105.4,190.77
AAV8-RK-PDE6B-3UTR,6,5,1.9,105.6,191.1
AAV8-RK-PDE6B-3UTR,6,5,1.9,105.8,190.95
AAV8-RK-PDE6B-3UTR,6,5,1.9,106.0,190.14
AAV8-RK-PDE6B-3UTR,6,5,1.9,106.2,188.54
AAV8-RK-PDE6B-3UTR,6,5,1.9,106.4,186.11
AAV8-RK-PDE6B-3UTR,6,5,1.9,106.6,182.85
AAV8-RK-PDE6B-3UTR,6,5,1.9,106.8,178.87
AAV8-RK-PDE6B-3UTR,6,5,1.9,107.0,174.28
AAV8-RK-PDE6B-3UTR,6,5,1.9,107.2,169.25
AAV8-RK-PDE6B-3UTR,6,5,1.9,107.4,163.94
AAV8-RK-PDE6B-3UTR,6,5,1.9,107.6,158.49
AAV8-RK-PDE6B-3UTR,6,5,1.9,107.8,153.01
AAV8-RK-PDE6B-3UTR,6,5,1.9,108.0,147.58
AAV8-RK-PDE6B-3UTR,6,5,1.9,108.2,142.23
AAV8-RK-PDE6B-3UTR,6,5,1.9,108.4,136.97
AAV8-RK-PDE6B-3UTR,6,5,1.9,108.6,131.79
AAV8-RK-PDE6B-3UTR,6,5,1.9,108.8,126.7
AAV8-RK-PDE6B-3UTR,6,5,1.9,109.0,121.71
AAV8-RK-PDE6B-3UTR,6,5,1.9,109.2,116.87
AAV8-RK-PDE6B-3UTR,6,5,1.9,109.4,112.27
AAV8-RK-PDE6B-3UTR,6,5,1.9,109.6,108.03
AAV8-RK-PDE6B-3UTR,6,5,1.9,109.8,104.3
AAV8-RK-PDE6B-3UTR,6,5,1.9,110.0,101.26
AAV8-RK-PDE6B-3UTR,6,5,1.9,110.2,99.05
AAV8-RK-PDE6B-3UTR,6,5,1.9,110.4,97.8
AAV8-RK-PDE6B-3UTR,6,5,1.9,110.6,97.6
AAV8-RK-PDE6B-3UTR,6,5,1.9,110.8,98.45
AAV8-RK-PDE6B-3UTR,6,5,1.9,111.0,100.28
AAV8-RK-PDE6B-3UTR,6,5,1.9,111.2,102.97
AAV8-RK-PDE6B-3UTR,6,5,1.9,111.4,106.31
AAV8-RK-PDE6B-3UTR,6,5,1.9,111.6,110.06
AAV8-RK-PDE6B-3UTR,6,5,1.9,111.8,113.96
AAV8-RK-PDE6B-3UTR,6,5,1.9,112.0,117.78
AAV8-RK-PDE6B-3UTR,6,5,1.9,112.2,121.3
AAV8-RK-PDE6B-3UTR,6,5,1.9,112.4,124.39
AAV8-RK-PDE6B-3UTR,6,5,1.9,112.6,126.98
AAV8-RK-PDE6B-3UTR,6,5,1.9,112.8,129.1
AAV8-RK-PDE6B-3UTR,6,5,1.9,113.0,130.85
AAV8-RK-PDE6B-3UTR,6,5,1.9,113.2,132.38
AAV8-RK-PDE6B-3UTR,6,5,1.9,113.4,133.88
AAV8-RK-PDE6B-3UTR,6,5,1.9,113.6,135.56
AAV8-RK-PDE6B-3UTR,6,5,1.9,113.8,137.58
AAV8-RK-PDE6B-3UTR,6,5,1.9,114.0,140.05
AAV8-RK-PDE6B-3UTR,6,5,1.9,114.2,143.01
AAV8-RK-PDE6B-3UTR,6,5,1.9,114.4,146.4
AAV8-RK-PDE6B-3UTR,6,5,1.9,114.6,150.07
AAV8-RK-PDE6B-3UTR,6,5,1.9,114.8,153.82
AAV8-RK-PDE6B-3UTR,6,5,1.9,115.0,157.38
AAV8-RK-PDE6B-3UTR,6,5,1.9,115.2,160.47
AAV8-RK-PDE6B-3UTR,6,5,1.9,115.4,162.83
AAV8-RK-PDE6B-3UTR,6,5,1.9,115.6,164.27
AAV8-RK-PDE6B-3UTR,6,5,1.9,115.8,164.69
AAV8-RK-PDE6B-3UTR,6,5,1.9,116.0,164.06
AAV8-RK-PDE6B-3UTR,6,5,1.9,116.2,162.52
AAV8-RK-PDE6B-3UTR,6,5,1.9,116.4,160.27
AAV8-RK-PDE6B-3UTR,6,5,1.9,116.6,157.62
AAV8-RK-PDE6B-3UTR,6,5,1.9,116.8,154.92
AAV8-RK-PDE6B-3UTR,6,5,1.9,117.0,152.55
AAV8-RK-PDE6B-3UTR,6,5,1.9,117.2,150.84
AAV8-RK-PDE6B-3UTR,6,5,1.9,117.4,150.07
AAV8-RK-PDE6B-3UTR,6,5,1.9,117.6,150.41
AAV8-RK-PDE6B-3UTR,6,5,1.9,117.8,151.92
AAV8-RK-PDE6B-3UTR,6,5,1.9,118.0,154.51
AAV8-RK-PDE6B-3UTR,6,5,1.9,118.2,158.02
AAV8-RK-PDE6B-3UTR,6,5,1.9,118.4,162.14
AAV8-RK-PDE6B-3UTR,6,5,1.9,118.6,166.55
AAV8-RK-PDE6B-3UTR,6,5,1.9,118.8,170.89
AAV8-RK-PDE6B-3UTR,6,5,1.9,119.0,174.83
AAV8-RK-PDE6B-3UTR,6,5,1.9,119.2,178.1
AAV8-RK-PDE6B-3UTR,6,5,1.9,119.4,180.54
AAV8-RK-PDE6B-3UTR,6,5,1.9,119.6,182.09
AAV8-RK-PDE6B-3UTR,6,5,1.9,119.8,182.81
AAV8-RK-PDE6B-3UTR,6,5,1.9,120.0,182.86
AAV8-RK-PDE6B-3UTR,6,5,1.9,120.2,182.48
AAV8-RK-PDE6B-3UTR,6,5,1.9,120.4,181.95
AAV8-RK-PDE6B-3UTR,6,5,1.9,120.6,181.57
AAV8-RK-PDE6B-3UTR,6,5,1.9,120.8,181.58
AAV8-RK-PDE6B-3UTR,6,5,1.9,121.0,182.16
AAV8-RK-PDE6B-3UTR,6,5,1.9,121.2,183.4
AAV8-RK-PDE6B-3UTR,6,5,1.9,121.4,185.28
AAV8-RK-PDE6B-3UTR,6,5,1.9,121.6,187.66
AAV8-RK-PDE6B-3UTR,6,5,1.9,121.8,190.35
AAV8-RK-PDE6B-3UTR,6,5,1.9,122.0,193.05
AAV8-RK-PDE6B-3UTR,6,5,1.9,122.2,195.49
AAV8-RK-PDE6B-3UTR,6,5,1.9,122.4,197.37
AAV8-RK-PDE6B-3UTR,6,5,1.9,122.6,198.49
AAV8-RK-PDE6B-3UTR,6,5,1.9,122.8,198.71
AAV8-RK-PDE6B-3UTR,6,5,1.9,123.0,198.0
AAV8-RK-PDE6B-3UTR,6,5,1.9,123.2,196.44
AAV8-RK-PDE6B-3UTR,6,5,1.9,123.4,194.21
AAV8-RK-PDE6B-3UTR,6,5,1.9,123.6,191.57
AAV8-RK-PDE6B-3UTR,6,5,1.9,123.8,188.83
AAV8-RK-PDE6B-3UTR,6,5,1.9,124.0,186.3
AAV8-RK-PDE6B-3UTR,6,5,1.9,124.2,184.26
AAV8-RK-PDE6B-3UTR,6,5,1.9,124.4,182.93
AAV8-RK-PDE6B-3UTR,6,5,1.9,124.6,182.4
AAV8-RK-PDE6B-3UTR,6,5,1.9,124.8,182.68
AAV8-RK-PDE6B-3UTR,6,5,1.9,125.0,183.66
AAV8-RK-PDE6B-3UTR,6,5,1.9,125.2,185.12
AAV8-RK-PDE6B-3UTR,6,5,1.9,125.4,186.77
AAV8-RK-PDE6B-3UTR,6,5,1.9,125.6,188.28
AAV8-RK-PDE6B-3UTR,6,5,1.9,125.8,189.34
AAV8-RK-PDE6B-3UTR,6,5,1.9,126.0,189.66
AAV8-RK-PDE6B-3UTR,6,5,1.9,126.2,189.04
AAV8-RK-PDE6B-3UTR,6,5,1.9,126.4,187.4
AAV8-RK-PDE6B-3UTR,6,5,1.9,126.6,184.75
AAV8-RK-PDE6B-3UTR,6,5,1.9,126.8,181.24
AAV8-RK-PDE6B-3UTR,6,5,1.9,127.0,177.11
AAV8-RK-PDE6B-3UTR,6,5,1.9,127.2,172.67
AAV8-RK-PDE6B-3UTR,6,5,1.9,127.4,168.29
AAV8-RK-PDE6B-3UTR,6,5,1.9,127.6,164.31
AAV8-RK-PDE6B-3UTR,6,5,1.9,127.8,161.04
AAV8-RK-PDE6B-3UTR,6,5,1.9,128.0,158.71
AAV8-RK-PDE6B-3UTR,6,5,1.9,128.2,157.45
AAV8-RK-PDE6B-3UTR,6,5,1.9,128.4,157.26
AAV8-RK-PDE6B-3UTR,6,5,1.9,128.6,158.06
AAV8-RK-PDE6B-3UTR,6,5,1.9,128.8,159.64
AAV8-RK-PDE6B-3UTR,6,5,1.9,129.0,161.74
AAV8-RK-PDE6B-3UTR,6,5,1.9,129.2,164.04
AAV8-RK-PDE6B-3UTR,6,5,1.9,129.4,166.24
AAV8-RK-PDE6B-3UTR,6,5,1.9,129.6,168.05
AAV8-RK-PDE6B-3UTR,6,5,1.9,129.8,169.26
AAV8-RK-PDE6B-3UTR,6,5,1.9,130.0,169.72
AAV8-RK-PDE6B-3UTR,6,5,1.9,130.2,169.39
AAV8-RK-PDE6B-3UTR,6,5,1.9,130.4,168.31
AAV8-RK-PDE6B-3UTR,6,5,1.9,130.6,166.59
AAV8-RK-PDE6B-3UTR,6,5,1.9,130.8,164.38
AAV8-RK-PDE6B-3UTR,6,5,1.9,131.0,161.88
AAV8-RK-PDE6B-3UTR,6,5,1.9,131.2,159.23
AAV8-RK-PDE6B-3UTR,6,5,1.9,131.4,156.59
AAV8-RK-PDE6B-3UTR,6,5,1.9,131.6,154.01
AAV8-RK-PDE6B-3UTR,6,5,1.9,131.8,151.5
AAV8-RK-PDE6B-3UTR,6,5,1.9,132.0,148.98
AAV8-RK-PDE6B-3UTR,6,5,1.9,132.2,146.32
AAV8-RK-PDE6B-3UTR,6,5,1.9,132.4,143.35
AAV8-RK-PDE6B-3UTR,6,5,1.9,132.6,139.86
AAV8-RK-PDE6B-3UTR,6,5,1.9,132.8,135.68
AAV8-RK-PDE6B-3UTR,6,5,1.9,133.0,130.69
AAV8-RK-PDE6B-3UTR,6,5,1.9,133.2,124.83
AAV8-RK-PDE6B-3UTR,6,5,1.9,133.4,118.16
AAV8-RK-PDE6B-3UTR,6,5,1.9,133.6,110.81
AAV8-RK-PDE6B-3UTR,6,5,1.9,133.8,103.05
AAV8-RK-PDE6B-3UTR,6,5,1.9,134.0,95.22
AAV8-RK-PDE6B-3UTR,6,5,1.9,134.2,87.71
AAV8-RK-PDE6B-3UTR,6,5,1.9,134.4,80.97
AAV8-RK-PDE6B-3UTR,6,5,1.9,134.6,75.42
AAV8-RK-PDE6B-3UTR,6,5,1.9,134.8,71.42
AAV8-RK-PDE6B-3UTR,6,5,1.9,135.0,69.29
AAV8-RK-PDE6B-3UTR,6,5,1.9,135.2,69.18
AAV8-RK-PDE6B-3UTR,6,5,1.9,135.4,71.14
AAV8-RK-PDE6B-3UTR,6,5,1.9,135.6,75.08
AAV8-RK-PDE6B-3UTR,6,5,1.9,135.8,80.77
AAV8-RK-PDE6B-3UTR,6,5,1.9,136.0,87.86
AAV8-RK-PDE6B-3UTR,6,5,1.9,136.2,95.94
AAV8-RK-PDE6B-3UTR,6,5,1.9,136.4,104.54
AAV8-RK-PDE6B-3UTR,6,5,1.9,136.6,113.17
AAV8-RK-PDE6B-3UTR,6,5,1.9,136.8,121.41
AAV8-RK-PDE6B-3UTR,6,5,1.9,137.0,128.87
AAV8-RK-PDE6B-3UTR,6,5,1.9,137.2,135.29
AAV8-RK-PDE6B-3UTR,6,5,1.9,137.4,140.53
AAV8-RK-PDE6B-3UTR,6,5,1.9,137.6,144.57
AAV8-RK-PDE6B-3UTR,6,5,1.9,137.8,147.52
AAV8-RK-PDE6B-3UTR,6,5,1.9,138.0,149.57
AAV8-RK-PDE6B-3UTR,6,5,1.9,138.2,151.04
AAV8-RK-PDE6B-3UTR,6,5,1.9,138.4,152.25
AAV8-RK-PDE6B-3UTR,6,5,1.9,138.6,153.56
AAV8-RK-PDE6B-3UTR,6,5,1.9,138.8,155.29
AAV8-RK-PDE6B-3UTR,6,5,1.9,139.0,157.68
AAV8-RK-PDE6B-3UTR,6,5,1.9,139.2,160.92
AAV8-RK-PDE6B-3UTR,6,5,1.9,139.4,165.06
AAV8-RK-PDE6B-3UTR,6,5,1.9,139.6,170.03
AAV8-RK-PDE6B-3UTR,6,5,1.9,139.8,175.68
AAV8-RK-PDE6B-3UTR,6,5,1.9,140.0,181.72
AAV8-RK-PDE6B-3UTR,6,5,1.9,140.2,187.81
AAV8-RK-PDE6B-3UTR,6,5,1.9,140.4,193.56
AAV8-RK-PDE6B-3UTR,6,5,1.9,140.6,198.57
AAV8-RK-PDE6B-3UTR,6,5,1.9,140.8,202.45
AAV8-RK-PDE6B-3UTR,6,5,1.9,141.0,204.9
AAV8-RK-PDE6B-3UTR,6,5,1.9,141.2,205.68
AAV8-RK-PDE6B-3UTR,6,5,1.9,141.4,204.66
AAV8-RK-PDE6B-3UTR,6,5,1.9,141.6,201.83
AAV8-RK-PDE6B-3UTR,6,5,1.9,141.8,197.29
AAV8-RK-PDE6B-3UTR,6,5,1.9,142.0,191.22
AAV8-RK-PDE6B-3UTR,6,5,1.9,142.2,183.91
AAV8-RK-PDE6B-3UTR,6,5,1.9,142.4,175.68
AAV8-RK-PDE6B-3UTR,6,5,1.9,142.6,166.86
AAV8-RK-PDE6B-3UTR,6,5,1.9,142.8,157.78
AAV8-RK-PDE6B-3UTR,6,5,1.9,143.0,148.74
AAV8-RK-PDE6B-3UTR,6,5,1.9,143.2,139.93
AAV8-RK-PDE6B-3UTR,6,5,1.9,143.4,131.52
AAV8-RK-PDE6B-3UTR,6,5,1.9,143.6,123.55
AAV8-RK-PDE6B-3UTR,6,5,1.9,143.8,116.01
AAV8-RK-PDE6B-3UTR,6,5,1.9,144.0,108.81
AAV8-RK-PDE6B-3UTR,6,5,1.9,144.2,101.84
AAV8-RK-PDE6B-3UTR,6,5,1.9,144.4,94.97
AAV8-RK-PDE6B-3UTR,6,5,1.9,144.6,88.11
AAV8-RK-PDE6B-3UTR,6,5,1.9,144.8,81.19
AAV8-RK-PDE6B-3UTR,6,5,1.9,145.0,74.23
AAV8-RK-PDE6B-3UTR,6,5,1.9,145.2,67.32
AAV8-RK-PDE6B-3UTR,6,5,1.9,145.4,60.65
AAV8-RK-PDE6B-3UTR,6,5,1.9,145.6,54.46
AAV8-RK-PDE6B-3UTR,6,5,1.9,145.8,49.04
AAV8-RK-PDE6B-3UTR,6,5,1.9,146.0,44.71
AAV8-RK-PDE6B-3UTR,6,5,1.9,146.2,41.77
AAV8-RK-PDE6B-3UTR,6,5,1.9,146.4,40.46
AAV8-RK-PDE6B-3UTR,6,5,1.9,146.6,40.92
AAV8-RK-PDE6B-3UTR,6,5,1.9,146.8,43.21
AAV8-RK-PDE6B-3UTR,6,5,1.9,147.0,47.2
AAV8-RK-PDE6B-3UTR,6,5,1.9,147.2,52.67
AAV8-RK-PDE6B-3UTR,6,5,1.9,147.4,59.24
AAV8-RK-PDE6B-3UTR,6,5,1.9,147.6,66.46
AAV8-RK-PDE6B-3UTR,6,5,1.9,147.8,73.79
AAV8-RK-PDE6B-3UTR,6,5,1.9,148.0,80.68
AAV8-RK-PDE6B-3UTR,6,5,1.9,148.2,86.61
AAV8-RK-PDE6B-3UTR,6,5,1.9,148.4,91.14
AAV8-RK-PDE6B-3UTR,6,5,1.9,148.6,93.95
AAV8-RK-PDE6B-3UTR,6,5,1.9,148.8,94.86
AAV8-RK-PDE6B-3UTR,6,5,1.9,149.0,93.86
AAV8-RK-PDE6B-3UTR,6,5,1.9,149.2,91.1
AAV8-RK-PDE6B-3UTR,6,5,1.9,149.4,86.87
AAV8-RK-PDE6B-3UTR,6,5,1.9,149.6,81.57
AAV8-RK-PDE6B-3UTR,6,5,1.9,149.8,75.66
AAV8-RK-PDE6B-3UTR,6,5,1.9,150.0,69.63
AAV8-RK-PDE6B-3UTR,6,5,1.9,150.2,63.9
AAV8-RK-PDE6B-3UTR,6,5,1.9,150.4,58.85
AAV8-RK-PDE6B-3UTR,6,5,1.9,150.6,54.72
AAV8-RK-PDE6B-3UTR,6,5,1.9,150.8,51.62
AAV8-RK-PDE6B-3UTR,6,5,1.9,151.0,49.51
AAV8-RK-PDE6B-3UTR,6,5,1.9,151.2,48.23
AAV8-RK-PDE6B-3UTR,6,5,1.9,151.4,47.51
AAV8-RK-PDE6B-3UTR,6,5,1.9,151.6,47.01
AAV8-RK-PDE6B-3UTR,6,5,1.9,151.8,46.38
AAV8-RK-PDE6B-3UTR,6,5,1.9,152.0,45.29
AAV8-RK-PDE6B-3UTR,6,5,1.9,152.2,43.48
AAV8-RK-PDE6B-3UTR,6,5,1.9,152.4,40.8
AAV8-RK-PDE6B-3UTR,6,5,1.9,152.6,37.21
AAV8-RK-PDE6B-3UTR,6,5,1.9,152.8,32.82
AAV8-RK-PDE6B-3UTR,6,5,1.9,153.0,27.82
AAV8-RK-PDE6B-3UTR,6,5,1.9,153.2,22.53
AAV8-RK-PDE6B-3UTR,6,5,1.9,153.4,17.3
AAV8-RK-PDE6B-3UTR,6,5,1.9,153.6,12.5
AAV8-RK-PDE6B-3UTR,6,5,1.9,153.8,8.48
AAV8-RK-PDE6B-3UTR,6,5,1.9,154.0,5.51
AAV8-RK-PDE6B-3UTR,6,5,1.9,154.2,3.75
AAV8-RK-PDE6B-3UTR,6,5,1.9,154.4,3.26
AAV8-RK-PDE6B-3UTR,6,5,1.9,154.6,3.98
AAV8-RK-PDE6B-3UTR,6,5,1.9,154.8,5.73
AAV8-RK-PDE6B-3UTR,6,5,1.9,155.0,8.26
AAV8-RK-PDE6B-3UTR,6,5,1.9,155.2,11.27
AAV8-RK-PDE6B-3UTR,6,5,1.9,155.4,14.44
AAV8-RK-PDE6B-3UTR,6,5,1.9,155.6,17.51
AAV8-RK-PDE6B-3UTR,6,5,1.9,155.8,20.26
AAV8-RK-PDE6B-3UTR,6,5,1.9,156.0,22.56
AAV8-RK-PDE6B-3UTR,6,5,1.9,156.2,24.41
AAV8-RK-PDE6B-3UTR,6,5,1.9,156.4,25.87
AAV8-RK-PDE6B-3UTR,6,5,1.9,156.6,27.11
AAV8-RK-PDE6B-3UTR,6,5,1.9,156.8,28.34
AAV8-RK-PDE6B-3UTR,6,5,1.9,157.0,29.81
AAV8-RK-PDE6B-3UTR,6,5,1.9,157.2,31.73
AAV8-RK-PDE6B-3UTR,6,5,1.9,157.4,34.26
AAV8-RK-PDE6B-3UTR,6,5,1.9,157.6,37.49
AAV8-RK-PDE6B-3UTR,6,5,1.9,157.8,41.38
AAV8-RK-PDE6B-3UTR,6,5,1.9,158.0,45.8
AAV8-RK-PDE6B-3UTR,6,5,1.9,158.2,50.53
AAV8-RK-PDE6B-3UTR,6,5,1.9,158.4,55.25
AAV8-RK-PDE6B-3UTR,6,5,1.9,158.6,59.61
AAV8-RK-PDE6B-3UTR,6,5,1.9,158.8,63.25
AAV8-RK-PDE6B-3UTR,6,5,1.9,159.0,65.86
AAV8-RK-PDE6B-3UTR,6,5,1.9,159.2,67.19
AAV8-RK-PDE6B-3UTR,6,5,1.9,159.4,67.12
AAV8-RK-PDE6B-3UTR,6,5,1.9,159.6,65.62
AAV8-RK-PDE6B-3UTR,6,5,1.9,159.8,62.82
AAV8-RK-PDE6B-3UTR,6,5,1.9,160.0,58.97
AAV8-RK-PDE6B-3UTR,6,5,1.9,160.2,54.4
AAV8-RK-PDE6B-3UTR,6,5,1.9,160.4,49.52
AAV8-RK-PDE6B-3UTR,6,5,1.9,160.6,44.74
AAV8-RK-PDE6B-3UTR,6,5,1.9,160.8,40.47
AAV8-RK-PDE6B-3UTR,6,5,1.9,161.0,37.03
AAV8-RK-PDE6B-3UTR,6,5,1.9,161.2,34.67
AAV8-RK-PDE6B-3UTR,6,5,1.9,161.4,33.51
AAV8-RK-PDE6B-3UTR,6,5,1.9,161.6,33.53
AAV8-RK-PDE6B-3UTR,6,5,1.9,161.8,34.61
AAV8-RK-PDE6B-3UTR,6,5,1.9,162.0,36.52
AAV8-RK-PDE6B-3UTR,6,5,1.9,162.2,38.94
AAV8-RK-PDE6B-3UTR,6,5,1.9,162.4,41.54
AAV8-RK-PDE6B-3UTR,6,5,1.9,162.6,43.95
AAV8-RK-PDE6B-3UTR,6,5,1.9,162.8,45.88
AAV8-RK-PDE6B-3UTR,6,5,1.9,163.0,47.07
AAV8-RK-PDE6B-3UTR,6,5,1.9,163.2,47.37
AAV8-RK-PDE6B-3UTR,6,5,1.9,163.4,46.72
AAV8-RK-PDE6B-3UTR,6,5,1.9,163.6,45.18
AAV8-RK-PDE6B-3UTR,6,5,1.9,163.8,42.85
AAV8-RK-PDE6B-3UTR,6,5,1.9,164.0,39.95
AAV8-RK-PDE6B-3UTR,6,5,1.9,164.2,36.7
AAV8-RK-PDE6B-3UTR,6,5,1.9,164.4,33.35
AAV8-RK-PDE6B-3UTR,6,5,1.9,164.6,30.11
AAV8-RK-PDE6B-3UTR,6,5,1.9,164.8,27.17
AAV8-RK-PDE6B-3UTR,6,5,1.9,165.0,24.65
AAV8-RK-PDE6B-3UTR,6,5,1.9,165.2,22.58
AAV8-RK-PDE6B-3UTR,6,5,1.9,165.4,20.95
AAV8-RK-PDE6B-3UTR,6,5,1.9,165.6,19.66
AAV8-RK-PDE6B-3UTR,6,5,1.9,165.8,18.57
AAV8-RK-PDE6B-3UTR,6,5,1.9,166.0,17.53
AAV8-RK-PDE6B-3UTR,6,5,1.9,166.2,16.34
AAV8-RK-PDE6B-3UTR,6,5,1.9,166.4,14.85
AAV8-RK-PDE6B-3UTR,6,5,1.9,166.6,12.93
AAV8-RK-PDE6B-3UTR,6,5,1.9,166.8,10.49
AAV8-RK-PDE6B-3UTR,6,5,1.9,167.0,7.52
AAV8-RK-PDE6B-3UTR,6,5,1.9,167.2,4.04
AAV8-RK-PDE6B-3UTR,6,5,1.9,167.4,0.14
AAV8-RK-PDE6B-3UTR,6,5,1.9,167.6,-4.05
AAV8-RK-PDE6B-3UTR,6,5,1.9,167.8,-8.36
AAV8-RK-PDE6B-3UTR,6,5,1.9,168.0,-12.62
AAV8-RK-PDE6B-3UTR,6,5,1.9,168.2,-16.64
AAV8-RK-PDE6B-3UTR,6,5,1.9,168.4,-20.24
AAV8-RK-PDE6B-3UTR,6,5,1.9,168.6,-23.29
AAV8-RK-PDE6B-3UTR,6,5,1.9,168.8,-25.67
AAV8-RK-PDE6B-3UTR,6,5,1.9,169.0,-27.31
AAV8-RK-PDE6B-3UTR,6,5,1.9,169.2,-28.21
AAV8-RK-PDE6B-3UTR,6,5,1.9,169.4,-28.37
AAV8-RK-PDE6B-3UTR,6,5,1.9,169.6,-27.88
AAV8-RK-PDE6B-3UTR,6,5,1.9,169.8,-26.84
AAV8-RK-PDE6B-3UTR,6,5,1.9,170.0,-25.38
AAV8-RK-PDE6B-3UTR,6,5,1.9,170.2,-23.67
AAV8-RK-PDE6B-3UTR,6,5,1.9,170.4,-21.88
AAV8-RK-PDE6B-3UTR,6,5,1.9,170.6,-20.17
AAV8-RK-PDE6B-3UTR,6,5,1.9,170.8,-18.69
AAV8-RK-PDE6B-3UTR,6,5,1.9,171.0,-17.58
AAV8-RK-PDE6B-3UTR,6,5,1.9,171.2,-16.91
AAV8-RK-PDE6B-3UTR,6,5,1.9,171.4,-16.75
AAV8-RK-PDE6B-3UTR,6,5,1.9,171.6,-17.09
AAV8-RK-PDE6B-3UTR,6,5,1.9,171.8,-17.87
AAV8-RK-PDE6B-3UTR,6,5,1.9,172.0,-19.0
AAV8-RK-PDE6B-3UTR,6,5,1.9,172.2,-20.34
AAV8-RK-PDE6B-3UTR,6,5,1.9,172.4,-21.72
AAV8-RK-PDE6B-3UTR,6,5,1.9,172.6,-22.94
AAV8-RK-PDE6B-3UTR,6,5,1.9,172.8,-23.82
AAV8-RK-PDE6B-3UTR,6,5,1.9,173.0,-24.2
AAV8-RK-PDE6B-3UTR,6,5,1.9,173.2,-23.96
AAV8-RK-PDE6B-3UTR,6,5,1.9,173.4,-23.02
AAV8-RK-PDE6B-3UTR,6,5,1.9,173.6,-21.4
AAV8-RK-PDE6B-3UTR,6,5,1.9,173.8,-19.16
AAV8-RK-PDE6B-3UTR,6,5,1.9,174.0,-16.45
AAV8-RK-PDE6B-3UTR,6,5,1.9,174.2,-13.5
AAV8-RK-PDE6B-3UTR,6,5,1.9,174.4,-10.55
AAV8-RK-PDE6B-3UTR,6,5,1.9,174.6,-7.9
AAV8-RK-PDE6B-3UTR,6,5,1.9,174.8,-5.84
AAV8-RK-PDE6B-3UTR,6,5,1.9,175.0,-4.63
AAV8-RK-PDE6B-3UTR,6,5,1.9,175.2,-4.48
AAV8-RK-PDE6B-3UTR,6,5,1.9,175.4,-5.53
AAV8-RK-PDE6B-3UTR,6,5,1.9,175.6,-7.85
AAV8-RK-PDE6B-3UTR,6,5,1.9,175.8,-11.39
AAV8-RK-PDE6B-3UTR,6,5,1.9,176.0,-16.05
AAV8-RK-PDE6B-3UTR,6,5,1.9,176.2,-21.61
AAV8-RK-PDE6B-3UTR,6,5,1.9,176.4,-27.83
AAV8-RK-PDE6B-3UTR,6,5,1.9,176.6,-34.42
AAV8-RK-PDE6B-3UTR,6,5,1.9,176.8,-41.1
AAV8-RK-PDE6B-3UTR,6,5,1.9,177.0,-47.57
AAV8-RK-PDE6B-3UTR,6,5,1.9,177.2,-53.62
AAV8-RK-PDE6B-3UTR,6,5,1.9,177.4,-59.07
AAV8-RK-PDE6B-3UTR,6,5,1.9,177.6,-63.79
AAV8-RK-PDE6B-3UTR,6,5,1.9,177.8,-67.74
AAV8-RK-PDE6B-3UTR,6,5,1.9,178.0,-70.9
AAV8-RK-PDE6B-3UTR,6,5,1.9,178.2,-73.3
AAV8-RK-PDE6B-3UTR,6,5,1.9,178.4,-74.99
AAV8-RK-PDE6B-3UTR,6,5,1.9,178.6,-75.99
AAV8-RK-PDE6B-3UTR,6,5,1.9,178.8,-76.34
AAV8-RK-PDE6B-3UTR,6,5,1.9,179.0,-76.02
AAV8-RK-PDE6B-3UTR,6,5,1.9,179.2,-74.99
AAV8-RK-PDE6B-3UTR,6,5,1.9,179.4,-73.17
AAV8-RK-PDE6B-3UTR,6,5,1.9,179.6,-70.49
AAV8-RK-PDE6B-3UTR,6,5,1.9,179.8,-66.88
AAV8-RK-PDE6B-3UTR,6,5,1.9,180.0,-62.31
AAV8-RK-PDE6B-3UTR,6,5,1.9,180.2,-56.81
AAV8-RK-PDE6B-3UTR,6,5,1.9,180.4,-50.47
AAV8-RK-PDE6B-3UTR,6,5,1.9,180.6,-43.5
AAV8-RK-PDE6B-3UTR,6,5,1.9,180.8,-36.19
AAV8-RK-PDE6B-3UTR,6,5,1.9,181.0,-28.9
AAV8-RK-PDE6B-3UTR,6,5,1.9,181.2,-22.07
AAV8-RK-PDE6B-3UTR,6,5,1.9,181.4,-16.15
AAV8-RK-PDE6B-3UTR,6,5,1.9,181.6,-11.55
AAV8-RK-PDE6B-3UTR,6,5,1.9,181.8,-8.63
AAV8-RK-PDE6B-3UTR,6,5,1.9,182.0,-7.64
AAV8-RK-PDE6B-3UTR,6,5,1.9,182.2,-8.67
AAV8-RK-PDE6B-3UTR,6,5,1.9,182.4,-11.64
AAV8-RK-PDE6B-3UTR,6,5,1.9,182.6,-16.31
AAV8-RK-PDE6B-3UTR,6,5,1.9,182.8,-22.25
AAV8-RK-PDE6B-3UTR,6,5,1.9,183.0,-28.92
AAV8-RK-PDE6B-3UTR,6,5,1.9,183.2,-35.68
AAV8-RK-PDE6B-3UTR,6,5,1.9,183.4,-41.87
AAV8-RK-PDE6B-3UTR,6,5,1.9,183.6,-46.85
AAV8-RK-PDE6B-3UTR,6,5,1.9,183.8,-50.12
AAV8-RK-PDE6B-3UTR,6,5,1.9,184.0,-51.29
AAV8-RK-PDE6B-3UTR,6,5,1.9,184.2,-50.19
AAV8-RK-PDE6B-3UTR,6,5,1.9,184.4,-46.89
AAV8-RK-PDE6B-3UTR,6,5,1.9,184.6,-41.65
AAV8-RK-PDE6B-3UTR,6,5,1.9,184.8,-34.93
AAV8-RK-PDE6B-3UTR,6,5,1.9,185.0,-27.36
AAV8-RK-PDE6B-3UTR,6,5,1.9,185.2,-19.62
AAV8-RK-PDE6B-3UTR,6,5,1.9,185.4,-12.45
AAV8-RK-PDE6B-3UTR,6,5,1.9,185.6,-6.52
AAV8-RK-PDE6B-3UTR,6,5,1.9,185.8,-2.38
AAV8-RK-PDE6B-3UTR,6,5,1.9,186.0,-0.38
AAV8-RK-PDE6B-3UTR,6,5,1.9,186.2,-0.7
AAV8-RK-PDE6B-3UTR,6,5,1.9,186.4,-3.26
AAV8-RK-PDE6B-3UTR,6,5,1.9,186.6,-7.77
AAV8-RK-PDE6B-3UTR,6,5,1.9,186.8,-13.78
AAV8-RK-PDE6B-3UTR,6,5,1.9,187.0,-20.7
AAV8-RK-PDE6B-3UTR,6,5,1.9,187.2,-27.85
AAV8-RK-PDE6B-3UTR,6,5,1.9,187.4,-34.58
AAV8-RK-PDE6B-3UTR,6,5,1.9,187.6,-40.32
AAV8-RK-PDE6B-3UTR,6,5,1.9,187.8,-44.6
AAV8-RK-PDE6B-3UTR,6,5,1.9,188.0,-47.15
AAV8-RK-PDE6B-3UTR,6,5,1.9,188.2,-47.86
AAV8-RK-PDE6B-3UTR,6,5,1.9,188.4,-46.85
AAV8-RK-PDE6B-3UTR,6,5,1.9,188.6,-44.37
AAV8-RK-PDE6B-3UTR,6,5,1.9,188.8,-40.83
AAV8-RK-PDE6B-3UTR,6,5,1.9,189.0,-36.7
AAV8-RK-PDE6B-3UTR,6,5,1.9,189.2,-32.48
AAV8-RK-PDE6B-3UTR,6,5,1.9,189.4,-28.63
AAV8-RK-PDE6B-3UTR,6,5,1.9,189.6,-25.51
AAV8-RK-PDE6B-3UTR,6,5,1.9,189.8,-23.38
AAV8-RK-PDE6B-3UTR,6,5,1.9,190.0,-22.35
AAV8-RK-PDE6B-3UTR,6,5,1.9,190.2,-22.37
AAV8-RK-PDE6B-3UTR,6,5,1.9,190.4,-23.29
AAV8-RK-PDE6B-3UTR,6,5,1.9,190.6,-24.84
AAV8-RK-PDE6B-3UTR,6,5,1.9,190.8,-26.72
AAV8-RK-PDE6B-3UTR,6,5,1.9,191.0,-28.61
AAV8-RK-PDE6B-3UTR,6,5,1.9,191.2,-30.21
AAV8-RK-PDE6B-3UTR,6,5,1.9,191.4,-31.31
AAV8-RK-PDE6B-3UTR,6,5,1.9,191.6,-31.81
AAV8-RK-PDE6B-3UTR,6,5,1.9,191.8,-31.7
AAV8-RK-PDE6B-3UTR,6,5,1.9,192.0,-31.08
AAV8-RK-PDE6B-3UTR,6,5,1.9,192.2,-30.12
AAV8-RK-PDE6B-3UTR,6,5,1.9,192.4,-29.08
AAV8-RK-PDE6B-3UTR,6,5,1.9,192.6,-28.21
AAV8-RK-PDE6B-3UTR,6,5,1.9,192.8,-27.73
AAV8-RK-PDE6B-3UTR,6,5,1.9,193.0,-27.84
AAV8-RK-PDE6B-3UTR,6,5,1.9,193.2,-28.62
AAV8-RK-PDE6B-3UTR,6,5,1.9,193.4,-30.07
AAV8-RK-PDE6B-3UTR,6,5,1.9,193.6,-32.08
AAV8-RK-PDE6B-3UTR,6,5,1.9,193.8,-34.45
AAV8-RK-PDE6B-3UTR,6,5,1.9,194.0,-36.94
AAV8-RK-PDE6B-3UTR,6,5,1.9,194.2,-39.23
AAV8-RK-PDE6B-3UTR,6,5,1.9,194.4,-41.07
AAV8-RK-PDE6B-3UTR,6,5,1.9,194.6,-42.2
AAV8-RK-PDE6B-3UTR,6,5,1.9,194.8,-42.47
AAV8-RK-PDE6B-3UTR,6,5,1.9,195.0,-41.84
AAV8-RK-PDE6B-3UTR,6,5,1.9,195.2,-40.36
AAV8-RK-PDE6B-3UTR,6,5,1.9,195.4,-38.22
AAV8-RK-PDE6B-3UTR,6,5,1.9,195.6,-35.67
AAV8-RK-PDE6B-3UTR,6,5,1.9,195.8,-33.07
AAV8-RK-PDE6B-3UTR,6,5,1.9,196.0,-30.78
AAV8-RK-PDE6B-3UTR,6,5,1.9,196.2,-29.18
AAV8-RK-PDE6B-3UTR,6,5,1.9,196.4,-28.57
AAV8-RK-PDE6B-3UTR,6,5,1.9,196.6,-29.18
AAV8-RK-PDE6B-3UTR,6,5,1.9,196.8,-31.14
AAV8-RK-PDE6B-3UTR,6,5,1.9,197.0,-34.44
AAV8-RK-PDE6B-3UTR,6,5,1.9,197.2,-38.94
AAV8-RK-PDE6B-3UTR,6,5,1.9,197.4,-44.38
AAV8-RK-PDE6B-3UTR,6,5,1.9,197.6,-50.43
AAV8-RK-PDE6B-3UTR,6,5,1.9,197.8,-56.68
AAV8-RK-PDE6B-3UTR,6,5,1.9,198.0,-62.71
AAV8-RK-PDE6B-3UTR,6,5,1.9,198.2,-68.1
AAV8-RK-PDE6B-3UTR,6,5,1.9,198.4,-72.51
AAV8-RK-PDE6B-3UTR,6,5,1.9,198.6,-75.66
AAV8-RK-PDE6B-3UTR,6,5,1.9,198.8,-77.39
AAV8-RK-PDE6B-3UTR,6,5,1.9,199.0,-77.66
AAV8-RK-PDE6B-3UTR,6,5,1.9,199.2,-76.52
AAV8-RK-PDE6B-3UTR,6,5,1.9,199.4,-74.15
AAV8-RK-PDE6B-3UTR,6,5,1.9,199.6,-70.79
AAV8-RK-PDE6B-3UTR,6,5,1.9,199.8,-66.77
AAV8-RK-PDE6B-3UTR,6,5,1.9,200.0,-62.4
AAV8-RK-PDE6B-3UTR,6,5,1.9,200.2,-58.03
AAV8-RK-PDE6B-3UTR,6,5,1.9,200.4,-53.93
AAV8-RK-PDE6B-3UTR,6,5,1.9,200.6,-50.37
AAV8-RK-PDE6B-3UTR,6,5,1.9,200.8,-47.5
AAV8-RK-PDE6B-3UTR,6,5,1.9,201.0,-45.42
AAV8-RK-PDE6B-3UTR,6,5,1.9,201.2,-44.13
AAV8-RK-PDE6B-3UTR,6,5,1.9,201.4,-43.57
AAV8-RK-PDE6B-3UTR,6,5,1.9,201.6,-43.6
AAV8-RK-PDE6B-3UTR,6,5,1.9,201.8,-44.03
AAV8-RK-PDE6B-3UTR,6,5,1.9,202.0,-44.67
AAV8-RK-PDE6B-3UTR,6,5,1.9,202.2,-45.28
AAV8-RK-PDE6B-3UTR,6,5,1.9,202.4,-45.66
AAV8-RK-PDE6B-3UTR,6,5,1.9,202.6,-45.61
AAV8-RK-PDE6B-3UTR,6,5,1.9,202.8,-44.99
AAV8-RK-PDE6B-3UTR,6,5,1.9,203.0,-43.7
AAV8-RK-PDE6B-3UTR,6,5,1.9,203.2,-41.72
AAV8-RK-PDE6B-3UTR,6,5,1.9,203.4,-39.06
AAV8-RK-PDE6B-3UTR,6,5,1.9,203.6,-35.82
AAV8-RK-PDE6B-3UTR,6,5,1.9,203.8,-32.14
AAV8-RK-PDE6B-3UTR,6,5,1.9,204.0,-28.21
AAV8-RK-PDE6B-3UTR,6,5,1.9,204.2,-24.25
AAV8-RK-PDE6B-3UTR,6,5,1.9,204.4,-20.5
AAV8-RK-PDE6B-3UTR,6,5,1.9,204.6,-17.2
AAV8-RK-PDE6B-3UTR,6,5,1.9,204.8,-14.56
AAV8-RK-PDE6B-3UTR,6,5,1.9,205.0,-12.77
AAV8-RK-PDE6B-3UTR,6,5,1.9,205.2,-11.97
AAV8-RK-PDE6B-3UTR,6,5,1.9,205.4,-12.21
AAV8-RK-PDE6B-3UTR,6,5,1.9,205.6,-13.5
AAV8-RK-PDE6B-3UTR,6,5,1.9,205.8,-15.75
AAV8-RK-PDE6B-3UTR,6,5,1.9,206.0,-18.81
AAV8-RK-PDE6B-3UTR,6,5,1.9,206.2,-22.45
AAV8-RK-PDE6B-3UTR,6,5,1.9,206.4,-26.41
AAV8-RK-PDE6B-3UTR,6,5,1.9,206.6,-30.4
AAV8-RK-PDE6B-3UTR,6,5,1.9,206.8,-34.1
AAV8-RK-PDE6B-3UTR,6,5,1.9,207.0,-37.25
AAV8-RK-PDE6B-3UTR,6,5,1.9,207.2,-39.62
AAV8-RK-PDE6B-3UTR,6,5,1.9,207.4,-41.04
AAV8-RK-PDE6B-3UTR,6,5,1.9,207.6,-41.43
AAV8-RK-PDE6B-3UTR,6,5,1.9,207.8,-40.79
AAV8-RK-PDE6B-3UTR,6,5,1.9,208.0,-39.23
AAV8-RK-PDE6B-3UTR,6,5,1.9,208.2,-36.94
AAV8-RK-PDE6B-3UTR,6,5,1.9,208.4,-34.14
AAV8-RK-PDE6B-3UTR,6,5,1.9,208.6,-31.13
AAV8-RK-PDE6B-3UTR,6,5,1.9,208.8,-28.21
AAV8-RK-PDE6B-3UTR,6,5,1.9,209.0,-25.65
AAV8-RK-PDE6B-3UTR,6,5,1.9,209.2,-23.69
AAV8-RK-PDE6B-3UTR,6,5,1.9,209.4,-22.48
AAV8-RK-PDE6B-3UTR,6,5,1.9,209.6,-22.1
AAV8-RK-PDE6B-3UTR,6,5,1.9,209.8,-22.55
AAV8-RK-PDE6B-3UTR,6,5,1.9,210.0,-23.7
AAV8-RK-PDE6B-3UTR,6,5,1.9,210.2,-25.37
AAV8-RK-PDE6B-3UTR,6,5,1.9,210.4,-27.33
AAV8-RK-PDE6B-3UTR,6,5,1.9,210.6,-29.29
AAV8-RK-PDE6B-3UTR,6,5,1.9,210.8,-30.99
AAV8-RK-PDE6B-3UTR,6,5,1.9,211.0,-32.19
AAV8-RK-PDE6B-3UTR,6,5,1.9,211.2,-32.71
AAV8-RK-PDE6B-3UTR,6,5,1.9,211.4,-32.46
AAV8-RK-PDE6B-3UTR,6,5,1.9,211.6,-31.43
AAV8-RK-PDE6B-3UTR,6,5,1.9,211.8,-29.72
AAV8-RK-PDE6B-3UTR,6,5,1.9,212.0,-27.49
AAV8-RK-PDE6B-3UTR,6,5,1.9,212.2,-25.0
AAV8-RK-PDE6B-3UTR,6,5,1.9,212.4,-22.52
AAV8-RK-PDE6B-3UTR,6,5,1.9,212.6,-20.34
AAV8-RK-PDE6B-3UTR,6,5,1.9,212.8,-18.71
AAV8-RK-PDE6B-3UTR,6,5,1.9,213.0,-17.85
AAV8-RK-PDE6B-3UTR,6,5,1.9,213.2,-17.87
AAV8-RK-PDE6B-3UTR,6,5,1.9,213.4,-18.8
AAV8-RK-PDE6B-3UTR,6,5,1.9,213.6,-20.54
AAV8-RK-PDE6B-3UTR,6,5,1.9,213.8,-22.91
AAV8-RK-PDE6B-3UTR,6,5,1.9,214.0,-25.62
AAV8-RK-PDE6B-3UTR,6,5,1.9,214.2,-28.35
AAV8-RK-PDE6B-3UTR,6,5,1.9,214.4,-30.73
AAV8-RK-PDE6B-3UTR,6,5,1.9,214.6,-32.4
AAV8-RK-PDE6B-3UTR,6,5,1.9,214.8,-33.02
AAV8-RK-PDE6B-3UTR,6,5,1.9,215.0,-32.37
AAV8-RK-PDE6B-3UTR,6,5,1.9,215.2,-30.29
AAV8-RK-PDE6B-3UTR,6,5,1.9,215.4,-26.73
AAV8-RK-PDE6B-3UTR,6,5,1.9,215.6,-21.78
AAV8-RK-PDE6B-3UTR,6,5,1.9,215.8,-15.63
AAV8-RK-PDE6B-3UTR,6,5,1.9,216.0,-8.55
AAV8-RK-PDE6B-3UTR,6,5,1.9,216.2,-0.89
AAV8-RK-PDE6B-3UTR,6,5,1.9,216.4,6.96
AAV8-RK-PDE6B-3UTR,6,5,1.9,216.6,14.62
AAV8-RK-PDE6B-3UTR,6,5,1.9,216.8,21.75
AAV8-RK-PDE6B-3UTR,6,5,1.9,217.0,28.04
AAV8-RK-PDE6B-3UTR,6,5,1.9,217.2,33.3
AAV8-RK-PDE6B-3UTR,6,5,1.9,217.4,37.42
AAV8-RK-PDE6B-3UTR,6,5,1.9,217.6,40.38
AAV8-RK-PDE6B-3UTR,6,5,1.9,217.8,42.26
AAV8-RK-PDE6B-3UTR,6,5,1.9,218.0,43.22
AAV8-RK-PDE6B-3UTR,6,5,1.9,218.2,43.47
AAV8-RK-PDE6B-3UTR,6,5,1.9,218.4,43.24
AAV8-RK-PDE6B-3UTR,6,5,1.9,218.6,42.77
AAV8-RK-PDE6B-3UTR,6,5,1.9,218.8,42.26
AAV8-RK-PDE6B-3UTR,6,5,1.9,219.0,41.85
AAV8-RK-PDE6B-3UTR,6,5,1.9,219.2,41.63
AAV8-RK-PDE6B-3UTR,6,5,1.9,219.4,41.61
AAV8-RK-PDE6B-3UTR,6,5,1.9,219.6,41.72
AAV8-RK-PDE6B-3UTR,6,5,1.9,219.8,41.83
AAV8-RK-PDE6B-3UTR,6,5,1.9,220.0,41.78
AAV8-RK-PDE6B-3UTR,6,5,1.9,220.2,41.38
AAV8-RK-PDE6B-3UTR,6,5,1.9,220.4,40.44
AAV8-RK-PDE6B-3UTR,6,5,1.9,220.6,38.83
AAV8-RK-PDE6B-3UTR,6,5,1.9,220.8,36.45
AAV8-RK-PDE6B-3UTR,6,5,1.9,221.0,33.3
AAV8-RK-PDE6B-3UTR,6,5,1.9,221.2,29.44
AAV8-RK-PDE6B-3UTR,6,5,1.9,221.4,25.05
AAV8-RK-PDE6B-3UTR,6,5,1.9,221.6,20.37
AAV8-RK-PDE6B-3UTR,6,5,1.9,221.8,15.7
AAV8-RK-PDE6B-3UTR,6,5,1.9,222.0,11.4
AAV8-RK-PDE6B-3UTR,6,5,1.9,222.2,7.8
AAV8-RK-PDE6B-3UTR,6,5,1.9,222.4,5.26
AAV8-RK-PDE6B-3UTR,6,5,1.9,222.6,4.04
AAV8-RK-PDE6B-3UTR,6,5,1.9,222.8,4.34
AAV8-RK-PDE6B-3UTR,6,5,1.9,223.0,6.27
AAV8-RK-PDE6B-3UTR,6,5,1.9,223.2,9.81
AAV8-RK-PDE6B-3UTR,6,5,1.9,223.4,14.82
AAV8-RK-PDE6B-3UTR,6,5,1.9,223.6,21.06
AAV8-RK-PDE6B-3UTR,6,5,1.9,223.8,28.19
AAV8-RK-PDE6B-3UTR,6,5,1.9,224.0,35.81
AAV8-RK-PDE6B-3UTR,6,5,1.9,224.2,43.46
AAV8-RK-PDE6B-3UTR,6,5,1.9,224.4,50.71
AAV8-RK-PDE6B-3UTR,6,5,1.9,224.6,57.12
AAV8-RK-PDE6B-3UTR,6,5,1.9,224.8,62.34
AAV8-RK-PDE6B-3UTR,6,5,1.9,225.0,66.08
AAV8-RK-PDE6B-3UTR,6,5,1.9,225.2,68.17
AAV8-RK-PDE6B-3UTR,6,5,1.9,225.4,68.54
AAV8-RK-PDE6B-3UTR,6,5,1.9,225.6,67.23
AAV8-RK-PDE6B-3UTR,6,5,1.9,225.8,64.37
AAV8-RK-PDE6B-3UTR,6,5,1.9,226.0,60.2
AAV8-RK-PDE6B-3UTR,6,5,1.9,226.2,54.98
AAV8-RK-PDE6B-3UTR,6,5,1.9,226.4,49.05
AAV8-RK-PDE6B-3UTR,6,5,1.9,226.6,42.72
AAV8-RK-PDE6B-3UTR,6,5,1.9,226.8,36.32
AAV8-RK-PDE6B-3UTR,6,5,1.9,227.0,30.1
AAV8-RK-PDE6B-3UTR,6,5,1.9,227.2,24.31
AAV8-RK-PDE6B-3UTR,6,5,1.9,227.4,19.11
AAV8-RK-PDE6B-3UTR,6,5,1.9,227.6,14.61
AAV8-RK-PDE6B-3UTR,6,5,1.9,227.8,10.85
AAV8-RK-PDE6B-3UTR,6,5,1.9,228.0,7.84
AAV8-RK-PDE6B-3UTR,6,5,1.9,228.2,5.55
AAV8-RK-PDE6B-3UTR,6,5,1.9,228.4,3.9
AAV8-RK-PDE6B-3UTR,6,5,1.9,228.6,2.83
AAV8-RK-PDE6B-3UTR,6,5,1.9,228.8,2.25
AAV8-RK-PDE6B-3UTR,6,5,1.9,229.0,2.1
AAV8-RK-PDE6B-3UTR,6,5,1.9,229.2,2.32
AAV8-RK-PDE6B-3UTR,6,5,1.9,229.4,2.84
AAV8-RK-PDE6B-3UTR,6,5,1.9,229.6,3.65
AAV8-RK-PDE6B-3UTR,6,5,1.9,229.8,4.72
AAV8-RK-PDE6B-3UTR,6,5,1.9,230.0,6.02
AAV8-RK-PDE6B-3UTR,6,5,1.9,230.2,7.56
AAV8-RK-PDE6B-3UTR,6,5,1.9,230.4,9.32
AAV8-RK-PDE6B-3UTR,6,5,1.9,230.6,11.31
AAV8-RK-PDE6B-3UTR,6,5,1.9,230.8,13.51
AAV8-RK-PDE6B-3UTR,6,5,1.9,231.0,15.93
AAV8-RK-PDE6B-3UTR,6,5,1.9,231.2,18.59
AAV8-RK-PDE6B-3UTR,6,5,1.9,231.4,21.49
AAV8-RK-PDE6B-3UTR,6,5,1.9,231.6,24.66
AAV8-RK-PDE6B-3UTR,6,5,1.9,231.8,28.15
AAV8-RK-PDE6B-3UTR,6,5,1.9,232.0,31.98
AAV8-RK-PDE6B-3UTR,6,5,1.9,232.2,36.19
AAV8-RK-PDE6B-3UTR,6,5,1.9,232.4,40.8
AAV8-RK-PDE6B-3UTR,6,5,1.9,232.6,45.83
AAV8-RK-PDE6B-3UTR,6,5,1.9,232.8,51.26
AAV8-RK-PDE6B-3UTR,6,5,1.9,233.0,57.03
AAV8-RK-PDE6B-3UTR,6,5,1.9,233.2,63.06
AAV8-RK-PDE6B-3UTR,6,5,1.9,233.4,69.23
AAV8-RK-PDE6B-3UTR,6,5,1.9,233.6,75.39
AAV8-RK-PDE6B-3UTR,6,5,1.9,233.8,81.38
AAV8-RK-PDE6B-3UTR,6,5,1.9,234.0,87.02
AAV8-RK-PDE6B-3UTR,6,5,1.9,234.2,92.16
AAV8-RK-PDE6B-3UTR,6,5,1.9,234.4,96.66
AAV8-RK-PDE6B-3UTR,6,5,1.9,234.6,100.43
AAV8-RK-PDE6B-3UTR,6,5,1.9,234.8,103.45
AAV8-RK-PDE6B-3UTR,6,5,1.9,235.0,105.75
AAV8-RK-PDE6B-3UTR,6,5,1.9,235.2,107.43
AAV8-RK-PDE6B-3UTR,6,5,1.9,235.4,108.65
AAV8-RK-PDE6B-3UTR,6,5,1.9,235.6,109.59
AAV8-RK-PDE6B-3UTR,6,5,1.9,235.8,110.47
AAV8-RK-PDE6B-3UTR,6,5,1.9,236.0,111.5
AAV8-RK-PDE6B-3UTR,6,5,1.9,236.2,112.86
AAV8-RK-PDE6B-3UTR,6,5,1.9,236.4,114.68
AAV8-RK-PDE6B-3UTR,6,5,1.9,236.6,117.0
AAV8-RK-PDE6B-3UTR,6,5,1.9,236.8,119.79
AAV8-RK-PDE6B-3UTR,6,5,1.9,237.0,122.92
AAV8-RK-PDE6B-3UTR,6,5,1.9,237.2,126.2
AAV8-RK-PDE6B-3UTR,6,5,1.9,237.4,129.37
AAV8-RK-PDE6B-3UTR,6,5,1.9,237.6,132.12
AAV8-RK-PDE6B-3UTR,6,5,1.9,237.8,134.15
AAV8-RK-PDE6B-3UTR,6,5,1.9,238.0,135.19
AAV8-RK-PDE6B-3UTR,6,5,1.9,238.2,135.01
AAV8-RK-PDE6B-3UTR,6,5,1.9,238.4,133.47
AAV8-RK-PDE6B-3UTR,6,5,1.9,238.6,130.55
AAV8-RK-PDE6B-3UTR,6,5,1.9,238.8,126.3
AAV8-RK-PDE6B-3UTR,6,5,1.9,239.0,120.9
AAV8-RK-PDE6B-3UTR,6,5,1.9,239.2,114.6
AAV8-RK-PDE6B-3UTR,6,5,1.9,239.4,107.71
AAV8-RK-PDE6B-3UTR,6,5,1.9,239.6,100.56
AAV8-RK-PDE6B-3UTR,6,5,1.9,239.8,93.49
AAV8-RK-PDE6B-3UTR,6,5,1.9,240.0,86.8
AAV8-RK-PDE6B-3UTR,6,5,1.9,240.2,80.74
AAV8-RK-PDE6B-3UTR,6,5,1.9,240.4,75.47
AAV8-RK-PDE6B-3UTR,6,5,1.9,240.6,71.08
AAV8-RK-PDE6B-3UTR,6,5,1.9,240.8,67.56
AAV8-RK-PDE6B-3UTR,6,5,1.9,241.0,64.87
AAV8-RK-PDE6B-3UTR,6,5,1.9,241.2,62.92
AAV8-RK-PDE6B-3UTR,6,5,1.9,241.4,61.59
AAV8-RK-PDE6B-3UTR,6,5,1.9,241.6,60.79
AAV8-RK-PDE6B-3UTR,6,5,1.9,241.8,60.45
AAV8-RK-PDE6B-3UTR,6,5,1.9,242.0,60.55
AAV8-RK-PDE6B-3UTR,6,5,1.9,242.2,61.13
AAV8-RK-PDE6B-3UTR,6,5,1.9,242.4,62.27
AAV8-RK-PDE6B-3UTR,6,5,1.9,242.6,64.08
AAV8-RK-PDE6B-3UTR,6,5,1.9,242.8,66.67
AAV8-RK-PDE6B-3UTR,6,5,1.9,243.0,70.14
AAV8-RK-PDE6B-3UTR,6,5,1.9,243.2,74.55
AAV8-RK-PDE6B-3UTR,6,5,1.9,243.4,79.86
AAV8-RK-PDE6B-3UTR,6,5,1.9,243.6,85.96
AAV8-RK-PDE6B-3UTR,6,5,1.9,243.8,92.65
AAV8-RK-PDE6B-3UTR,6,5,1.9,244.0,99.65
AAV8-RK-PDE6B-3UTR,6,5,1.9,244.2,106.59
AAV8-RK-PDE6B-3UTR,6,5,1.9,244.4,113.1
AAV8-RK-PDE6B-3UTR,6,5,1.9,244.6,118.81
AAV8-RK-PDE6B-3UTR,6,5,1.9,244.8,123.37
AAV8-RK-PDE6B-3UTR,6,5,1.9,245.0,126.54
AAV8-RK-PDE6B-3UTR,6,5,1.9,245.2,128.18
AAV8-RK-PDE6B-3UTR,6,5,1.9,245.4,128.29
AAV8-RK-PDE6B-3UTR,6,5,1.9,245.6,127.0
AAV8-RK-PDE6B-3UTR,6,5,1.9,245.8,124.52
AAV8-RK-PDE6B-3UTR,6,5,1.9,246.0,121.19
AAV8-RK-PDE6B-3UTR,6,5,1.9,246.2,117.36
AAV8-RK-PDE6B-3UTR,6,5,1.9,246.4,113.39
AAV8-RK-PDE6B-3UTR,6,5,1.9,246.6,109.58
AAV8-RK-PDE6B-3UTR,6,5,1.9,246.8,106.12
AAV8-RK-PDE6B-3UTR,6,5,1.9,247.0,103.1
AAV8-RK-PDE6B-3UTR,6,5,1.9,247.2,100.46
AAV8-RK-PDE6B-3UTR,6,5,1.9,247.4,97.98
AAV8-RK-PDE6B-3UTR,6,5,1.9,247.6,95.37
AAV8-RK-PDE6B-3UTR,6,5,1.9,247.8,92.26
AAV8-RK-PDE6B-3UTR,6,5,1.9,248.0,88.26
AAV8-RK-PDE6B-3UTR,6,5,1.9,248.2,83.03
AAV8-RK-PDE6B-3UTR,6,5,1.9,248.4,76.36
AAV8-RK-PDE6B-3UTR,6,5,1.9,248.6,68.17
AAV8-RK-PDE6B-3UTR,6,5,1.9,248.8,58.59
AAV8-RK-PDE6B-3UTR,6,5,1.9,249.0,47.91
AAV8-RK-PDE6B-3UTR,6,5,1.9,249.2,36.66
AAV8-RK-PDE6B-3UTR,6,5,1.9,249.4,25.46
AAV8-RK-PDE6B-3UTR,6,5,1.9,249.6,15.04
AAV8-RK-PDE6B-3UTR,6,5,1.9,249.8,6.16
AAV8-RK-PDE6B-3UTR,6,5,1.9,250.0,-0.53
AAV8-RK-PDE6B-3UTR,6,5,1.9,250.2,-4.47
AAV8-RK-PDE6B-3UTR,6,5,1.9,250.4,-5.34
AAV8-RK-PDE6B-3UTR,6,5,1.9,250.6,-3.05
AAV8-RK-PDE6B-3UTR,6,5,1.9,250.8,2.22
AAV8-RK-PDE6B-3UTR,6,5,1.9,251.0,10.06
AAV8-RK-PDE6B-3UTR,6,5,1.9,251.2,19.84
AAV8-RK-PDE6B-3UTR,6,5,1.9,251.4,30.79
AAV8-RK-PDE6B-3UTR,6,5,1.9,251.6,42.07
AAV8-RK-PDE6B-3UTR,6,5,1.9,251.8,52.89
AAV8-RK-PDE6B-3UTR,6,5,1.9,252.0,62.55
AAV8-RK-PDE6B-3UTR,6,5,1.9,252.2,70.54
AAV8-RK-PDE6B-3UTR,6,5,1.9,252.4,76.61
AAV8-RK-PDE6B-3UTR,6,5,1.9,252.6,80.75
AAV8-RK-PDE6B-3UTR,6,5,1.9,252.8,83.2
AAV8-RK-PDE6B-3UTR,6,5,1.9,253.0,84.42
AAV8-RK-PDE6B-3UTR,6,5,1.9,253.2,85.04
AAV8-RK-PDE6B-3UTR,6,5,1.9,253.4,85.73
AAV8-RK-PDE6B-3UTR,6,5,1.9,253.6,87.16
AAV8-RK-PDE6B-3UTR,6,5,1.9,253.8,89.89
AAV8-RK-PDE6B-3UTR,6,5,1.9,254.0,94.3
AAV8-RK-PDE6B-3UTR,6,5,1.9,254.2,100.54
AAV8-RK-PDE6B-3UTR,6,5,1.9,254.4,108.51
AAV8-RK-PDE6B-3UTR,6,5,1.9,254.6,117.87
AAV8-RK-PDE6B-3UTR,6,5,1.9,254.8,128.08
AAV8-RK-PDE6B-3UTR,6,5,1.9,255.0,138.44
AAV8-RK-PDE6B-3UTR,6,5,1.9,255.2,148.22
AAV8-RK-PDE6B-3UTR,6,5,1.9,255.4,156.71
AAV8-RK-PDE6B-3UTR,6,5,1.9,255.6,163.32
AAV8-RK-PDE6B-3UTR,6,5,1.9,255.8,167.63
AAV8-RK-PDE6B-3UTR,6,5,1.9,256.0,169.48
AAV8-RK-PDE6B-3UTR,6,5,1.9,256.2,168.94
AAV8-RK-PDE6B-3UTR,6,5,1.9,256.4,166.33
AAV8-RK-PDE6B-3UTR,6,5,1.9,256.6,162.16
AAV8-RK-PDE6B-3UTR,6,5,1.9,256.8,157.06
AAV8-RK-PDE6B-3UTR,6,5,1.9,257.0,151.73
AAV8-RK-PDE6B-3UTR,6,5,1.9,257.2,146.79
AAV8-RK-PDE6B-3UTR,6,5,1.9,257.4,142.75
AAV8-RK-PDE6B-3UTR,6,5,1.9,257.6,139.93
AAV8-RK-PDE6B-3UTR,6,5,1.9,257.8,138.38
AAV8-RK-PDE6B-3UTR,6,5,1.9,258.0,137.94
AAV8-RK-PDE6B-3UTR,6,5,1.9,258.2,138.18
AAV8-RK-PDE6B-3UTR,6,5,1.9,258.4,138.52
AAV8-RK-PDE6B-3UTR,6,5,1.9,258.6,138.25
AAV8-RK-PDE6B-3UTR,6,5,1.9,258.8,136.63
AAV8-RK-PDE6B-3UTR,6,5,1.9,259.0,133.02
AAV8-RK-PDE6B-3UTR,6,5,1.9,259.2,126.91
AAV8-RK-PDE6B-3UTR,6,5,1.9,259.4,118.03
AAV8-RK-PDE6B-3UTR,6,5,1.9,259.6,106.37
AAV8-RK-PDE6B-3UTR,6,5,1.9,259.8,92.21
AAV8-RK-PDE6B-3UTR,6,5,1.9,260.0,76.09
