condition,condition_order,intensity_group,intensity_log_cd_s_m2,time_ms,voltage_uv
Control,1,5,1.9,0.0,-52.57
Control,1,5,1.9,0.2,-38.36
Control,1,5,1.9,0.4,-25.14
Control,1,5,1.9,0.6,-13.51
Control,1,5,1.9,0.8,-3.91
Control,1,5,1.9,1.0,3.39
Control,1,5,1.9,1.2,8.33
Control,1,5,1.9,1.4,11.02
Control,1,5,1.9,1.6,11.78
Control,1,5,1.9,1.8,11.07
Control,1,5,1.9,2.0,9.42
Control,1,5,1.9,2.2,7.38
Control,1,5,1.9,2.4,5.45
Control,1,5,1.9,2.6,4.04
Control,1,5,1.9,2.8,3.39
Control,1,5,1.9,3.0,3.58
Control,1,5,1.9,3.2,4.5
Control,1,5,1.9,3.4,5.92
Control,1,5,1.9,3.6,7.46
Control,1,5,1.9,3.8,8.7
Control,1,5,1.9,4.0,9.23
Control,1,5,1.9,4.2,8.71
Control,1,5,1.9,4.4,6.92
Control,1,5,1.9,4.6,3.79
Control,1,5,1.9,4.8,-0.58
Control,1,5,1.9,5.0,-5.91
Control,1,5,1.9,5.2,-11.78
Control,1,5,1.9,5.4,-17.7
Control,1,5,1.9,5.6,-23.15
Control,1,5,1.9,5.8,-27.62
Control,1,5,1.9,6.0,-30.73
Control,1,5,1.9,6.2,-32.21
Control,1,5,1.9,6.4,-32.01
Control,1,5,1.9,6.6,-30.24
Control,1,5,1.9,6.8,-27.18
Control,1,5,1.9,7.0,-23.27
Control,1,5,1.9,7.2,-19.02
Control,1,5,1.9,7.4,-14.96
Control,1,5,1.9,7.6,-11.59
Control,1,5,1.9,7.8,-9.29
Control,1,5,1.9,8.0,-8.29
Control,1,5,1.9,8.2,-8.65
Control,1,5,1.9,8.4,-10.24
Control,1,5,1.9,8.6,-12.75
Control,1,5,1.9,8.8,-15.77
Control,1,5,1.9,9.0,-18.79
Control,1,5,1.9,9.2,-21.32
Control,1,5,1.9,9.4,-22.92
Control,1,5,1.9,9.6,-23.26
Control,1,5,1.9,9.8,-22.18
Control,1,5,1.9,10.0,-19.72
Control,1,5,1.9,10.2,-16.08
Control,1,5,1.9,10.4,-11.65
Control,1,5,1.9,10.6,-6.93
Control,1,5,1.9,10.8,-2.48
Control,1,5,1.9,11.0,1.15
Control,1,5,1.9,11.2,3.47
Control,1,5,1.9,11.4,4.12
Control,1,5,1.9,11.6,2.91
Control,1,5,1.9,11.8,-0.15
Control,1,5,1.9,12.0,-4.85
Control,1,5,1.9,12.2,-10.81
Control,1,5,1.9,12.4,-17.54
Control,1,5,1.9,12.6,-24.45
Control,1,5,1.9,12.8,-30.94
Control,1,5,1.9,13.0,-36.46
Control,1,5,1.9,13.2,-40.59
Control,1,5,1.9,13.4,-43.03
Control,1,5,1.9,13.6,-43.66
Control,1,5,1.9,13.8,-42.54
Control,1,5,1.9,14.0,-39.87
Control,1,5,1.9,14.2,-35.99
Control,1,5,1.9,14.4,-31.3
Control,1,5,1.9,14.6,-26.23
Control,1,5,1.9,14.8,-21.17
Control,1,5,1.9,15.0,-16.44
Control,1,5,1.9,15.2,-12.24
Control,1,5,1.9,15.4,-8.65
Control,1,5,1.9,15.6,-5.62
Control,1,5,1.9,15.8,-2.99
Control,1,5,1.9,16.0,-0.52
Control,1,5,1.9,16.2,2.07
Control,1,5,1.9,16.4,5.06
Control,1,5,1.9,16.6,8.66
Control,1,5,1.9,16.8,13.02
Control,1,5,1.9,17.0,18.16
Control,1,5,1.9,17.2,23.97
Control,1,5,1.9,17.4,30.24
Control,1,5,1.9,17.6,36.63
Control,1,5,1.9,17.8,42.76
Control,1,5,1.9,18.0,48.19
Control,1,5,1.9,18.2,52.5
Control,1,5,1.9,18.4,55.32
Control,1,5,1.9,18.6,56.38
Control,1,5,1.9,18.8,55.5
Control,1,5,1.9,19.0,52.68
Control,1,5,1.9,19.2,48.02
Control,1,5,1.9,19.4,41.78
Control,1,5,1.9,19.6,34.33
Control,1,5,1.9,19.8,26.11
Control,1,5,1.9,20.0,17.62
Control,1,5,1.9,20.2,9.4
Control,1,5,1.9,20.4,1.92
Control,1,5,1.9,20.6,-4.38
Control,1,5,1.9,20.8,-9.13
Control,1,5,1.9,21.0,-12.1
Control,1,5,1.9,21.2,-13.18
Control,1,5,1.9,21.4,-12.35
Control,1,5,1.9,21.6,-9.76
Control,1,5,1.9,21.8,-5.65
Control,1,5,1.9,22.0,-0.35
Control,1,5,1.9,22.2,5.71
Control,1,5,1.9,22.4,12.08
Control,1,5,1.9,22.6,18.26
Control,1,5,1.9,22.8,23.8
Control,1,5,1.9,23.0,28.27
Control,1,5,1.9,23.2,31.32
Control,1,5,1.9,23.4,32.7
Control,1,5,1.9,23.6,32.26
Control,1,5,1.9,23.8,29.99
Control,1,5,1.9,24.0,26.01
Control,1,5,1.9,24.2,20.57
Control,1,5,1.9,24.4,14.0
Control,1,5,1.9,24.6,6.73
Control,1,5,1.9,24.8,-0.76
Control,1,5,1.9,25.0,-8.01
Control,1,5,1.9,25.2,-14.57
Control,1,5,1.9,25.4,-20.06
Control,1,5,1.9,25.6,-24.19
Control,1,5,1.9,25.8,-26.82
Control,1,5,1.9,26.0,-27.92
Control,1,5,1.9,26.2,-27.59
Control,1,5,1.9,26.4,-26.04
Control,1,5,1.9,26.6,-23.57
Control,1,5,1.9,26.8,-20.53
Control,1,5,1.9,27.0,-17.26
Control,1,5,1.9,27.2,-14.08
Control,1,5,1.9,27.4,-11.23
Control,1,5,1.9,27.6,-8.85
Control,1,5,1.9,27.8,-6.96
Control,1,5,1.9,28.0,-5.47
Control,1,5,1.9,28.2,-4.22
Control,1,5,1.9,28.4,-2.94
Control,1,5,1.9,28.6,-1.36
Control,1,5,1.9,28.8,0.77
Control,1,5,1.9,29.0,3.64
Control,1,5,1.9,29.2,7.36
Control,1,5,1.9,29.4,11.87
Control,1,5,1.9,29.6,17.01
Control,1,5,1.9,29.8,22.45
Control,1,5,1.9,30.0,27.79
Control,1,5,1.9,30.2,32.54
Control,1,5,1.9,30.4,36.21
Control,1,5,1.9,30.6,38.34
Control,1,5,1.9,30.8,38.57
Control,1,5,1.9,31.0,36.72
Control,1,5,1.9,31.2,32.76
Control,1,5,1.9,31.4,26.87
Control,1,5,1.9,31.6,19.41
Control,1,5,1.9,31.8,10.92
Control,1,5,1.9,32.0,2.03
Control,1,5,1.9,32.2,-6.56
Control,1,5,1.9,32.4,-14.19
Control,1,5,1.9,32.6,-20.26
Control,1,5,1.9,32.8,-24.34
Control,1,5,1.9,33.0,-26.19
Control,1,5,1.9,33.2,-25.78
Control,1,5,1.9,33.4,-23.29
Control,1,5,1.9,33.6,-19.09
Control,1,5,1.9,33.8,-13.72
Control,1,5,1.9,34.0,-7.77
Control,1,5,1.9,34.2,-1.88
Control,1,5,1.9,34.4,3.4
Control,1,5,1.9,34.6,7.61
Control,1,5,1.9,34.8,10.48
Control,1,5,1.9,35.0,11.91
Control,1,5,1.9,35.2,12.01
Control,1,5,1.9,35.4,11.08
Control,1,5,1.9,35.6,9.55
Control,1,5,1.9,35.8,7.93
Control,1,5,1.9,36.0,6.77
Control,1,5,1.9,36.2,6.54
Control,1,5,1.9,36.4,7.62
Control,1,5,1.9,36.6,10.24
Control,1,5,1.9,36.8,14.44
Control,1,5,1.9,37.0,20.07
Control,1,5,1.9,37.2,26.81
Control,1,5,1.9,37.4,34.21
Control,1,5,1.9,37.6,41.72
Control,1,5,1.9,37.8,48.76
Control,1,5,1.9,38.0,54.81
Control,1,5,1.9,38.2,59.41
Control,1,5,1.9,38.4,62.26
Control,1,5,1.9,38.6,63.19
Control,1,5,1.9,38.8,62.24
Control,1,5,1.9,39.0,59.58
Control,1,5,1.9,39.2,55.52
Control,1,5,1.9,39.4,50.47
Control,1,5,1.9,39.6,44.88
Control,1,5,1.9,39.8,39.21
Control,1,5,1.9,40.0,33.85
Control,1,5,1.9,40.2,29.12
Control,1,5,1.9,40.4,25.23
Control,1,5,1.9,40.6,22.27
Control,1,5,1.9,40.8,20.24
Control,1,5,1.9,41.0,19.02
Control,1,5,1.9,41.2,18.46
Control,1,5,1.9,41.4,18.35
Control,1,5,1.9,41.6,18.5
Control,1,5,1.9,41.8,18.76
Control,1,5,1.9,42.0,18.99
Control,1,5,1.9,42.2,19.14
Control,1,5,1.9,42.4,19.22
Control,1,5,1.9,42.6,19.27
Control,1,5,1.9,42.8,19.37
Control,1,5,1.9,43.0,19.61
Control,1,5,1.9,43.2,20.06
Control,1,5,1.9,43.4,20.77
Control,1,5,1.9,43.6,21.73
Control,1,5,1.9,43.8,22.9
Control,1,5,1.9,44.0,24.15
Control,1,5,1.9,44.2,25.37
Control,1,5,1.9,44.4,26.39
Control,1,5,1.9,44.6,27.06
Control,1,5,1.9,44.8,27.24
Control,1,5,1.9,45.0,26.85
Control,1,5,1.9,45.2,25.86
Control,1,5,1.9,45.4,24.31
Control,1,5,1.9,45.6,22.32
Control,1,5,1.9,45.8,20.03
Control,1,5,1.9,46.0,17.67
Control,1,5,1.9,46.2,15.45
Control,1,5,1.9,46.4,13.63
Control,1,5,1.9,46.6,12.41
Control,1,5,1.9,46.8,11.96
Control,1,5,1.9,47.0,12.42
Control,1,5,1.9,47.2,13.85
Control,1,5,1.9,47.4,16.25
Control,1,5,1.9,47.6,19.56
Control,1,5,1.9,47.8,23.68
Control,1,5,1.9,48.0,28.45
Control,1,5,1.9,48.2,33.7
Control,1,5,1.9,48.4,39.23
Control,1,5,1.9,48.6,44.85
Control,1,5,1.9,48.8,50.34
Control,1,5,1.9,49.0,55.52
Control,1,5,1.9,49.2,60.18
Control,1,5,1.9,49.4,64.13
Control,1,5,1.9,49.6,67.21
Control,1,5,1.9,49.8,69.25
Control,1,5,1.9,50.0,70.1
Control,1,5,1.9,50.2,69.64
Control,1,5,1.9,50.4,67.79
Control,1,5,1.9,50.6,64.5
Control,1,5,1.9,50.8,59.81
Control,1,5,1.9,51.0,53.8
Control,1,5,1.9,51.2,46.63
Control,1,5,1.9,51.4,38.55
Control,1,5,1.9,51.6,29.87
Control,1,5,1.9,51.8,20.94
Control,1,5,1.9,52.0,12.15
Control,1,5,1.9,52.2,3.92
Control,1,5,1.9,52.4,-3.4
Control,1,5,1.9,52.6,-9.46
Control,1,5,1.9,52.8,-14.04
Control,1,5,1.9,53.0,-16.97
Control,1,5,1.9,53.2,-18.22
Control,1,5,1.9,53.4,-17.88
Control,1,5,1.9,53.6,-16.13
Control,1,5,1.9,53.8,-13.26
Control,1,5,1.9,54.0,-9.63
Control,1,5,1.9,54.2,-5.63
Control,1,5,1.9,54.4,-1.66
Control,1,5,1.9,54.6,1.9
Control,1,5,1.9,54.8,4.71
Control,1,5,1.9,55.0,6.51
Control,1,5,1.9,55.2,7.13
Control,1,5,1.9,55.4,6.46
Control,1,5,1.9,55.6,4.49
Control,1,5,1.9,55.8,1.3
Control,1,5,1.9,56.0,-3.02
Control,1,5,1.9,56.2,-8.3
Control,1,5,1.9,56.4,-14.37
Control,1,5,1.9,56.6,-21.08
Control,1,5,1.9,56.8,-28.24
Control,1,5,1.9,57.0,-35.73
Control,1,5,1.9,57.2,-43.43
Control,1,5,1.9,57.4,-51.24
Control,1,5,1.9,57.6,-59.07
Control,1,5,1.9,57.8,-66.88
Control,1,5,1.9,58.0,-74.6
Control,1,5,1.9,58.2,-82.17
Control,1,5,1.9,58.4,-89.57
Control,1,5,1.9,58.6,-96.73
Control,1,5,1.9,58.8,-103.64
Control,1,5,1.9,59.0,-110.26
Control,1,5,1.9,59.2,-116.6
Control,1,5,1.9,59.4,-122.67
Control,1,5,1.9,59.6,-128.51
Control,1,5,1.9,59.8,-134.19
Control,1,5,1.9,60.0,-139.77
Control,1,5,1.9,60.2,-145.33
Control,1,5,1.9,60.4,-150.92
Control,1,5,1.9,60.6,-156.58
Control,1,5,1.9,60.8,-162.33
Control,1,5,1.9,61.0,-168.12
Control,1,5,1.9,61.2,-173.87
Control,1,5,1.9,61.4,-179.48
Control,1,5,1.9,61.6,-184.77
Control,1,5,1.9,61.8,-189.6
Control,1,5,1.9,62.0,-193.81
Control,1,5,1.9,62.2,-197.27
Control,1,5,1.9,62.4,-199.89
Control,1,5,1.9,62.6,-201.65
Control,1,5,1.9,62.8,-202.62
Control,1,5,1.9,63.0,-202.91
Control,1,5,1.9,63.2,-202.72
Control,1,5,1.9,63.4,-202.28
Control,1,5,1.9,63.6,-201.87
Control,1,5,1.9,63.8,-201.74
Control,1,5,1.9,64.0,-202.13
Control,1,5,1.9,64.2,-203.21
Control,1,5,1.9,64.4,-205.07
Control,1,5,1.9,64.6,-207.72
Control,1,5,1.9,64.8,-211.08
Control,1,5,1.9,65.0,-214.98
Control,1,5,1.9,65.2,-219.19
Control,1,5,1.9,65.4,-223.47
Control,1,5,1.9,65.6,-227.54
Control,1,5,1.9,65.8,-231.17
Control,1,5,1.9,66.0,-234.18
Control,1,5,1.9,66.2,-236.45
Control,1,5,1.9,66.4,-237.95
Control,1,5,1.9,66.6,-238.71
Control,1,5,1.9,66.8,-238.84
Control,1,5,1.9,67.0,-238.47
Control,1,5,1.9,67.2,-237.75
Control,1,5,1.9,67.4,-236.83
Control,1,5,1.9,67.6,-235.79
Control,1,5,1.9,67.8,-234.68
Control,1,5,1.9,68.0,-233.48
Control,1,5,1.9,68.2,-232.1
Control,1,5,1.9,68.4,-230.44
Control,1,5,1.9,68.6,-228.37
Control,1,5,1.9,68.8,-225.75
Control,1,5,1.9,69.0,-222.52
Control,1,5,1.9,69.2,-218.68
Control,1,5,1.9,69.4,-214.31
Control,1,5,1.9,69.6,-209.61
Control,1,5,1.9,69.8,-204.84
Control,1,5,1.9,70.0,-200.32
Control,1,5,1.9,70.2,-196.39
Control,1,5,1.9,70.4,-193.38
Control,1,5,1.9,70.6,-191.5
Control,1,5,1.9,70.8,-190.89
Control,1,5,1.9,71.0,-191.47
Control,1,5,1.9,71.2,-193.04
Control,1,5,1.9,71.4,-195.17
Control,1,5,1.9,71.6,-197.32
Control,1,5,1.9,71.8,-198.79
Control,1,5,1.9,72.0,-198.88
Control,1,5,1.9,72.2,-196.89
Control,1,5,1.9,72.4,-192.21
Control,1,5,1.9,72.6,-184.42
Control,1,5,1.9,72.8,-173.31
Control,1,5,1.9,73.0,-158.94
Control,1,5,1.9,73.2,-141.64
Control,1,5,1.9,73.4,-121.97
Control,1,5,1.9,73.6,-100.72
Control,1,5,1.9,73.8,-78.78
Control,1,5,1.9,74.0,-57.12
Control,1,5,1.9,74.2,-36.64
Control,1,5,1.9,74.4,-18.12
Control,1,5,1.9,74.6,-2.13
Control,1,5,1.9,74.8,10.99
Control,1,5,1.9,75.0,21.2
Control,1,5,1.9,75.2,28.72
Control,1,5,1.9,75.4,34.0
Control,1,5,1.9,75.6,37.63
Control,1,5,1.9,75.8,40.33
Control,1,5,1.9,76.0,42.79
Control,1,5,1.9,76.2,45.61
Control,1,5,1.9,76.4,49.23
Control,1,5,1.9,76.6,53.9
Control,1,5,1.9,76.8,59.6
Control,1,5,1.9,77.0,66.11
Control,1,5,1.9,77.2,73.0
Control,1,5,1.9,77.4,79.71
Control,1,5,1.9,77.6,85.6
Control,1,5,1.9,77.8,90.05
Control,1,5,1.9,78.0,92.55
Control,1,5,1.9,78.2,92.74
Control,1,5,1.9,78.4,90.46
Control,1,5,1.9,78.6,85.79
Control,1,5,1.9,78.8,79.03
Control,1,5,1.9,79.0,70.64
Control,1,5,1.9,79.2,61.25
Control,1,5,1.9,79.4,51.52
Control,1,5,1.9,79.6,42.11
Control,1,5,1.9,79.8,33.61
Control,1,5,1.9,80.0,26.48
Control,1,5,1.9,80.2,20.98
Control,1,5,1.9,80.4,17.21
Control,1,5,1.9,80.6,15.1
Control,1,5,1.9,80.8,14.43
Control,1,5,1.9,81.0,14.9
Control,1,5,1.9,81.2,16.16
Control,1,5,1.9,81.4,17.92
Control,1,5,1.9,81.6,19.95
Control,1,5,1.9,81.8,22.14
Control,1,5,1.9,82.0,24.53
Control,1,5,1.9,82.2,27.29
Control,1,5,1.9,82.4,30.7
Control,1,5,1.9,82.6,35.08
Control,1,5,1.9,82.8,40.8
Control,1,5,1.9,83.0,48.14
Control,1,5,1.9,83.2,57.31
Control,1,5,1.9,83.4,68.34
Control,1,5,1.9,83.6,81.09
Control,1,5,1.9,83.8,95.26
Control,1,5,1.9,84.0,110.36
Control,1,5,1.9,84.2,125.79
Control,1,5,1.9,84.4,140.89
Control,1,5,1.9,84.6,154.98
Control,1,5,1.9,84.8,167.48
Control,1,5,1.9,85.0,177.89
Control,1,5,1.9,85.2,185.93
Control,1,5,1.9,85.4,191.5
Control,1,5,1.9,85.6,194.72
Control,1,5,1.9,85.8,195.88
Control,1,5,1.9,86.0,195.43
Control,1,5,1.9,86.2,193.95
Control,1,5,1.9,86.4,192.01
Control,1,5,1.9,86.6,190.19
Control,1,5,1.9,86.8,188.95
Control,1,5,1.9,87.0,188.66
Control,1,5,1.9,87.2,189.5
Control,1,5,1.9,87.4,191.5
Control,1,5,1.9,87.6,194.54
Control,1,5,1.9,87.8,198.37
Control,1,5,1.9,88.0,202.65
Control,1,5,1.9,88.2,207.04
Control,1,5,1.9,88.4,211.17
Control,1,5,1.9,88.6,214.75
Control,1,5,1.9,88.8,217.6
Control,1,5,1.9,89.0,219.62
Control,1,5,1.9,89.2,220.82
Control,1,5,1.9,89.4,221.32
Control,1,5,1.9,89.6,221.3
Control,1,5,1.9,89.8,221.0
Control,1,5,1.9,90.0,220.63
Control,1,5,1.9,90.2,220.4
Control,1,5,1.9,90.4,220.43
Control,1,5,1.9,90.6,220.81
Control,1,5,1.9,90.8,221.51
Control,1,5,1.9,91.0,222.45
Control,1,5,1.9,91.2,223.51
Control,1,5,1.9,91.4,224.53
Control,1,5,1.9,91.6,225.36
Control,1,5,1.9,91.8,225.86
Control,1,5,1.9,92.0,225.96
Control,1,5,1.9,92.2,225.65
Control,1,5,1.9,92.4,224.98
Control,1,5,1.9,92.6,224.05
Control,1,5,1.9,92.8,223.02
Control,1,5,1.9,93.0,222.05
Control,1,5,1.9,93.2,221.3
Control,1,5,1.9,93.4,220.89
Control,1,5,1.9,93.6,220.91
Control,1,5,1.9,93.8,221.37
Control,1,5,1.9,94.0,222.21
Control,1,5,1.9,94.2,223.31
Control,1,5,1.9,94.4,224.54
Control,1,5,1.9,94.6,225.69
Control,1,5,1.9,94.8,226.61
Control,1,5,1.9,95.0,227.16
Control,1,5,1.9,95.2,227.22
Control,1,5,1.9,95.4,226.79
Control,1,5,1.9,95.6,225.89
Control,1,5,1.9,95.8,224.62
Control,1,5,1.9,96.0,223.15
Control,1,5,1.9,96.2,221.65
Control,1,5,1.9,96.4,220.32
Control,1,5,1.9,96.6,219.33
Control,1,5,1.9,96.8,218.8
Control,1,5,1.9,97.0,218.83
Control,1,5,1.9,97.2,219.43
Control,1,5,1.9,97.4,220.53
Control,1,5,1.9,97.6,222.06
Control,1,5,1.9,97.8,223.87
Control,1,5,1.9,98.0,225.8
Control,1,5,1.9,98.2,227.71
Control,1,5,1.9,98.4,229.48
Control,1,5,1.9,98.6,231.03
Control,1,5,1.9,98.8,232.34
Control,1,5,1.9,99.0,233.41
Control,1,5,1.9,99.2,234.31
Control,1,5,1.9,99.4,235.12
Control,1,5,1.9,99.6,235.95
Control,1,5,1.9,99.8,236.88
Control,1,5,1.9,100.0,237.96
Control,1,5,1.9,100.2,239.19
Control,1,5,1.9,100.4,240.55
Control,1,5,1.9,100.6,241.93
Control,1,5,1.9,100.8,243.21
Control,1,5,1.9,101.0,244.23
Control,1,5,1.9,101.2,244.82
Control,1,5,1.9,101.4,244.83
Control,1,5,1.9,101.6,244.17
Control,1,5,1.9,101.8,242.77
Control,1,5,1.9,102.0,240.63
Control,1,5,1.9,102.2,237.83
Control,1,5,1.9,102.4,234.51
Control,1,5,1.9,102.6,230.83
Control,1,5,1.9,102.8,226.98
Control,1,5,1.9,103.0,223.17
Control,1,5,1.9,103.2,219.58
Control,1,5,1.9,103.4,216.32
Control,1,5,1.9,103.6,213.5
Control,1,5,1.9,103.8,211.12
Control,1,5,1.9,104.0,209.15
Control,1,5,1.9,104.2,207.51
Control,1,5,1.9,104.4,206.08
Control,1,5,1.9,104.6,204.75
Control,1,5,1.9,104.8,203.41
Control,1,5,1.9,105.0,201.97
Control,1,5,1.9,105.2,200.41
Control,1,5,1.9,105.4,198.73
Control,1,5,1.9,105.6,197.0
Control,1,5,1.9,105.8,195.32
Control,1,5,1.9,106.0,193.82
Control,1,5,1.9,106.2,192.64
Control,1,5,1.9,106.4,191.88
Control,1,5,1.9,106.6,191.64
Control,1,5,1.9,106.8,191.95
Control,1,5,1.9,107.0,192.79
Control,1,5,1.9,107.2,194.09
Control,1,5,1.9,107.4,195.74
Control,1,5,1.9,107.6,197.58
Control,1,5,1.9,107.8,199.46
Control,1,5,1.9,108.0,201.23
Control,1,5,1.9,108.2,202.78
Control,1,5,1.9,108.4,204.05
Control,1,5,1.9,108.6,205.01
Control,1,5,1.9,108.8,205.71
Control,1,5,1.9,109.0,206.25
Control,1,5,1.9,109.2,206.74
Control,1,5,1.9,109.4,207.33
Control,1,5,1.9,109.6,208.16
Control,1,5,1.9,109.8,209.34
Control,1,5,1.9,110.0,210.91
Control,1,5,1.9,110.2,212.9
Control,1,5,1.9,110.4,215.23
Control,1,5,1.9,110.6,217.81
Control,1,5,1.9,110.8,220.47
Control,1,5,1.9,111.0,223.05
Control,1,5,1.9,111.2,225.36
Control,1,5,1.9,111.4,227.26
Control,1,5,1.9,111.6,228.63
Control,1,5,1.9,111.8,229.43
Control,1,5,1.9,112.0,229.64
Control,1,5,1.9,112.2,229.35
Control,1,5,1.9,112.4,228.67
Control,1,5,1.9,112.6,227.74
Control,1,5,1.9,112.8,226.72
Control,1,5,1.9,113.0,225.76
Control,1,5,1.9,113.2,224.96
Control,1,5,1.9,113.4,224.39
Control,1,5,1.9,113.6,224.06
Control,1,5,1.9,113.8,223.91
Control,1,5,1.9,114.0,223.87
Control,1,5,1.9,114.2,223.8
Control,1,5,1.9,114.4,223.58
Control,1,5,1.9,114.6,223.09
Control,1,5,1.9,114.8,222.28
Control,1,5,1.9,115.0,221.11
Control,1,5,1.9,115.2,219.62
Control,1,5,1.9,115.4,217.92
Control,1,5,1.9,115.6,216.17
Control,1,5,1.9,115.8,214.54
Control,1,5,1.9,116.0,213.24
Control,1,5,1.9,116.2,212.44
Control,1,5,1.9,116.4,212.28
Control,1,5,1.9,116.6,212.83
Control,1,5,1.9,116.8,214.09
Control,1,5,1.9,117.0,215.98
Control,1,5,1.9,117.2,218.34
Control,1,5,1.9,117.4,220.98
Control,1,5,1.9,117.6,223.66
Control,1,5,1.9,117.8,226.16
Control,1,5,1.9,118.0,228.28
Control,1,5,1.9,118.2,229.89
Control,1,5,1.9,118.4,230.92
Control,1,5,1.9,118.6,231.38
Control,1,5,1.9,118.8,231.38
Control,1,5,1.9,119.0,231.08
Control,1,5,1.9,119.2,230.68
Control,1,5,1.9,119.4,230.39
Control,1,5,1.9,119.6,230.39
Control,1,5,1.9,119.8,230.81
Control,1,5,1.9,120.0,231.69
Control,1,5,1.9,120.2,232.99
Control,1,5,1.9,120.4,234.57
Control,1,5,1.9,120.6,236.22
Control,1,5,1.9,120.8,237.63
Control,1,5,1.9,121.0,238.52
Control,1,5,1.9,121.2,238.59
Control,1,5,1.9,121.4,237.58
Control,1,5,1.9,121.6,235.34
Control,1,5,1.9,121.8,231.8
Control,1,5,1.9,122.0,227.03
Control,1,5,1.9,122.2,221.19
Control,1,5,1.9,122.4,214.55
Control,1,5,1.9,122.6,207.43
Control,1,5,1.9,122.8,200.21
Control,1,5,1.9,123.0,193.23
Control,1,5,1.9,123.2,186.8
Control,1,5,1.9,123.4,181.13
Control,1,5,1.9,123.6,176.34
Control,1,5,1.9,123.8,172.44
Control,1,5,1.9,124.0,169.33
Control,1,5,1.9,124.2,166.84
Control,1,5,1.9,124.4,164.74
Control,1,5,1.9,124.6,162.79
Control,1,5,1.9,124.8,160.79
Control,1,5,1.9,125.0,158.58
Control,1,5,1.9,125.2,156.11
Control,1,5,1.9,125.4,153.41
Control,1,5,1.9,125.6,150.64
Control,1,5,1.9,125.8,148.02
Control,1,5,1.9,126.0,145.84
Control,1,5,1.9,126.2,144.4
Control,1,5,1.9,126.4,143.97
Control,1,5,1.9,126.6,144.76
Control,1,5,1.9,126.8,146.89
Control,1,5,1.9,127.0,150.33
Control,1,5,1.9,127.2,154.95
Control,1,5,1.9,127.4,160.48
Control,1,5,1.9,127.6,166.55
Control,1,5,1.9,127.8,172.73
Control,1,5,1.9,128.0,178.59
Control,1,5,1.9,128.2,183.7
Control,1,5,1.9,128.4,187.74
Control,1,5,1.9,128.6,190.48
Control,1,5,1.9,128.8,191.83
Control,1,5,1.9,129.0,191.84
Control,1,5,1.9,129.2,190.7
Control,1,5,1.9,129.4,188.67
Control,1,5,1.9,129.6,186.13
Control,1,5,1.9,129.8,183.43
Control,1,5,1.9,130.0,180.93
Control,1,5,1.9,130.2,178.89
Control,1,5,1.9,130.4,177.49
Control,1,5,1.9,130.6,176.76
Control,1,5,1.9,130.8,176.63
Control,1,5,1.9,131.0,176.88
Control,1,5,1.9,131.2,177.21
Control,1,5,1.9,131.4,177.28
Control,1,5,1.9,131.6,176.72
Control,1,5,1.9,131.8,175.22
Control,1,5,1.9,132.0,172.52
Control,1,5,1.9,132.2,168.5
Control,1,5,1.9,132.4,163.14
Control,1,5,1.9,132.6,156.58
Control,1,5,1.9,132.8,149.06
Control,1,5,1.9,133.0,140.93
Control,1,5,1.9,133.2,132.62
Control,1,5,1.9,133.4,124.54
Control,1,5,1.9,133.6,117.13
Control,1,5,1.9,133.8,110.72
Control,1,5,1.9,134.0,105.6
Control,1,5,1.9,134.2,101.93
Control,1,5,1.9,134.4,99.74
Control,1,5,1.9,134.6,98.97
Control,1,5,1.9,134.8,99.46
Control,1,5,1.9,135.0,100.95
Control,1,5,1.9,135.2,103.17
Control,1,5,1.9,135.4,105.8
Control,1,5,1.9,135.6,108.54
Control,1,5,1.9,135.8,111.12
Control,1,5,1.9,136.0,113.32
Control,1,5,1.9,136.2,114.98
Control,1,5,1.9,136.4,115.97
Control,1,5,1.9,136.6,116.25
Control,1,5,1.9,136.8,115.82
Control,1,5,1.9,137.0,114.72
Control,1,5,1.9,137.2,113.0
Control,1,5,1.9,137.4,110.78
Control,1,5,1.9,137.6,108.17
Control,1,5,1.9,137.8,105.31
Control,1,5,1.9,138.0,102.36
Control,1,5,1.9,138.2,99.48
Control,1,5,1.9,138.4,96.86
Control,1,5,1.9,138.6,94.67
Control,1,5,1.9,138.8,93.08
Control,1,5,1.9,139.0,92.25
Control,1,5,1.9,139.2,92.28
Control,1,5,1.9,139.4,93.23
Control,1,5,1.9,139.6,95.06
Control,1,5,1.9,139.8,97.67
Control,1,5,1.9,140.0,100.86
Control,1,5,1.9,140.2,104.34
Control,1,5,1.9,140.4,107.73
Control,1,5,1.9,140.6,110.64
Control,1,5,1.9,140.8,112.64
Control,1,5,1.9,141.0,113.33
Control,1,5,1.9,141.2,112.38
Control,1,5,1.9,141.4,109.56
Control,1,5,1.9,141.6,104.79
Control,1,5,1.9,141.8,98.14
Control,1,5,1.9,142.0,89.86
Control,1,5,1.9,142.2,80.31
Control,1,5,1.9,142.4,70.02
Control,1,5,1.9,142.6,59.57
Control,1,5,1.9,142.8,49.55
Control,1,5,1.9,143.0,40.54
Control,1,5,1.9,143.2,33.0
Control,1,5,1.9,143.4,27.25
Control,1,5,1.9,143.6,23.43
Control,1,5,1.9,143.8,21.48
Control,1,5,1.9,144.0,21.13
Control,1,5,1.9,144.2,21.95
Control,1,5,1.9,144.4,23.39
Control,1,5,1.9,144.6,24.83
Control,1,5,1.9,144.8,25.67
Control,1,5,1.9,145.0,25.36
Control,1,5,1.9,145.2,23.51
Control,1,5,1.9,145.4,19.92
Control,1,5,1.9,145.6,14.59
Control,1,5,1.9,145.8,7.74
Control,1,5,1.9,146.0,-0.18
Control,1,5,1.9,146.2,-8.6
Control,1,5,1.9,146.4,-16.83
Control,1,5,1.9,146.6,-24.16
Control,1,5,1.9,146.8,-29.94
Control,1,5,1.9,147.0,-33.62
Control,1,5,1.9,147.2,-34.85
Control,1,5,1.9,147.4,-33.47
Control,1,5,1.9,147.6,-29.59
Control,1,5,1.9,147.8,-23.52
Control,1,5,1.9,148.0,-15.73
Control,1,5,1.9,148.2,-6.88
Control,1,5,1.9,148.4,2.34
Control,1,5,1.9,148.6,11.23
Control,1,5,1.9,148.8,19.15
Control,1,5,1.9,149.0,25.62
Control,1,5,1.9,149.2,30.29
Control,1,5,1.9,149.4,33.04
Control,1,5,1.9,149.6,33.91
Control,1,5,1.9,149.8,33.14
Control,1,5,1.9,150.0,31.08
Control,1,5,1.9,150.2,28.17
Control,1,5,1.9,150.4,24.86
Control,1,5,1.9,150.6,21.58
Control,1,5,1.9,150.8,18.65
Control,1,5,1.9,151.0,16.3
Control,1,5,1.9,151.2,14.61
Control,1,5,1.9,151.4,13.54
Control,1,5,1.9,151.6,12.93
Control,1,5,1.9,151.8,12.53
Control,1,5,1.9,152.0,12.06
Control,1,5,1.9,152.2,11.25
Control,1,5,1.9,152.4,9.86
Control,1,5,1.9,152.6,7.73
Control,1,5,1.9,152.8,4.83
Control,1,5,1.9,153.0,1.2
Control,1,5,1.9,153.2,-3.01
Control,1,5,1.9,153.4,-7.58
Control,1,5,1.9,153.6,-12.24
Control,1,5,1.9,153.8,-16.72
Control,1,5,1.9,154.0,-20.79
Control,1,5,1.9,154.2,-24.29
Control,1,5,1.9,154.4,-27.13
Control,1,5,1.9,154.6,-29.32
Control,1,5,1.9,154.8,-30.95
Control,1,5,1.9,155.0,-32.2
Control,1,5,1.9,155.2,-33.27
Control,1,5,1.9,155.4,-34.36
Control,1,5,1.9,155.6,-35.66
Control,1,5,1.9,155.8,-37.28
Control,1,5,1.9,156.0,-39.24
Control,1,5,1.9,156.2,-41.48
Control,1,5,1.9,156.4,-43.84
Control,1,5,1.9,156.6,-46.08
Control,1,5,1.9,156.8,-47.94
Control,1,5,1.9,157.0,-49.16
Control,1,5,1.9,157.2,-49.5
Control,1,5,1.9,157.4,-48.82
Control,1,5,1.9,157.6,-47.12
Control,1,5,1.9,157.8,-44.48
Control,1,5,1.9,158.0,-41.17
Control,1,5,1.9,158.2,-37.53
Control,1,5,1.9,158.4,-34.03
Control,1,5,1.9,158.6,-31.14
Control,1,5,1.9,158.8,-29.34
Control,1,5,1.9,159.0,-29.01
Control,1,5,1.9,159.2,-30.43
Control,1,5,1.9,159.4,-33.68
Control,1,5,1.9,159.6,-38.66
Control,1,5,1.9,159.8,-45.08
Control,1,5,1.9,160.0,-52.46
Control,1,5,1.9,160.2,-60.17
Control,1,5,1.9,160.4,-67.53
Control,1,5,1.9,160.6,-73.81
Control,1,5,1.9,160.8,-78.37
Control,1,5,1.9,161.0,-80.68
Control,1,5,1.9,161.2,-80.43
Control,1,5,1.9,161.4,-77.51
Control,1,5,1.9,161.6,-72.09
Control,1,5,1.9,161.8,-64.57
Control,1,5,1.9,162.0,-55.56
Control,1,5,1.9,162.2,-45.84
Control,1,5,1.9,162.4,-36.27
Control,1,5,1.9,162.6,-27.73
Control,1,5,1.9,162.8,-21.0
Control,1,5,1.9,163.0,-16.75
Control,1,5,1.9,163.2,-15.38
Control,1,5,1.9,163.4,-17.09
Control,1,5,1.9,163.6,-21.78
Control,1,5,1.9,163.8,-29.11
Control,1,5,1.9,164.0,-38.51
Control,1,5,1.9,164.2,-49.23
Control,1,5,1.9,164.4,-60.45
Control,1,5,1.9,164.6,-71.3
Control,1,5,1.9,164.8,-81.0
Control,1,5,1.9,165.0,-88.88
Control,1,5,1.9,165.2,-94.46
Control,1,5,1.9,165.4,-97.47
Control,1,5,1.9,165.6,-97.88
Control,1,5,1.9,165.8,-95.88
Control,1,5,1.9,166.0,-91.85
Control,1,5,1.9,166.2,-86.31
Control,1,5,1.9,166.4,-79.87
Control,1,5,1.9,166.6,-73.16
Control,1,5,1.9,166.8,-66.78
Control,1,5,1.9,167.0,-61.25
Control,1,5,1.9,167.2,-56.97
Control,1,5,1.9,167.4,-54.17
Control,1,5,1.9,167.6,-52.98
Control,1,5,1.9,167.8,-53.34
Control,1,5,1.9,168.0,-55.12
Control,1,5,1.9,168.2,-58.07
Control,1,5,1.9,168.4,-61.92
Control,1,5,1.9,168.6,-66.4
Control,1,5,1.9,168.8,-71.22
Control,1,5,1.9,169.0,-76.19
Control,1,5,1.9,169.2,-81.14
Control,1,5,1.9,169.4,-85.96
Control,1,5,1.9,169.6,-90.61
Control,1,5,1.9,169.8,-95.06
Control,1,5,1.9,170.0,-99.3
Control,1,5,1.9,170.2,-103.32
Control,1,5,1.9,170.4,-107.05
Control,1,5,1.9,170.6,-110.41
Control,1,5,1.9,170.8,-113.26
Control,1,5,1.9,171.0,-115.41
Control,1,5,1.9,171.2,-116.65
Control,1,5,1.9,171.4,-116.79
Control,1,5,1.9,171.6,-115.63
Control,1,5,1.9,171.8,-113.04
Control,1,5,1.9,172.0,-108.97
Control,1,5,1.9,172.2,-103.46
Control,1,5,1.9,172.4,-96.68
Control,1,5,1.9,172.6,-88.86
Control,1,5,1.9,172.8,-80.37
Control,1,5,1.9,173.0,-71.62
Control,1,5,1.9,173.2,-63.08
Control,1,5,1.9,173.4,-55.21
Control,1,5,1.9,173.6,-48.44
Control,1,5,1.9,173.8,-43.12
Control,1,5,1.9,174.0,-39.5
Control,1,5,1.9,174.2,-37.72
Control,1,5,1.9,174.4,-37.78
Control,1,5,1.9,174.6,-39.56
Control,1,5,1.9,174.8,-42.85
Control,1,5,1.9,175.0,-47.32
Control,1,5,1.9,175.2,-52.61
Control,1,5,1.9,175.4,-58.36
Control,1,5,1.9,175.6,-64.18
Control,1,5,1.9,175.8,-69.78
Control,1,5,1.9,176.0,-74.9
Control,1,5,1.9,176.2,-79.38
Control,1,5,1.9,176.4,-83.14
Control,1,5,1.9,176.6,-86.17
Control,1,5,1.9,176.8,-88.56
Control,1,5,1.9,177.0,-90.4
Control,1,5,1.9,177.2,-91.85
Control,1,5,1.9,177.4,-93.04
Control,1,5,1.9,177.6,-94.09
Control,1,5,1.9,177.8,-95.11
Control,1,5,1.9,178.0,-96.15
Control,1,5,1.9,178.2,-97.23
Control,1,5,1.9,178.4,-98.33
Control,1,5,1.9,178.6,-99.41
Control,1,5,1.9,178.8,-100.42
Control,1,5,1.9,179.0,-101.31
Control,1,5,1.9,179.2,-102.03
Control,1,5,1.9,179.4,-102.57
Control,1,5,1.9,179.6,-102.92
Control,1,5,1.9,179.8,-103.11
Control,1,5,1.9,180.0,-103.18
Control,1,5,1.9,180.2,-103.19
Control,1,5,1.9,180.4,-103.18
Control,1,5,1.9,180.6,-103.19
Control,1,5,1.9,180.8,-103.24
Control,1,5,1.9,181.0,-103.34
Control,1,5,1.9,181.2,-103.46
Control,1,5,1.9,181.4,-103.56
Control,1,5,1.9,181.6,-103.57
Control,1,5,1.9,181.8,-103.45
Control,1,5,1.9,182.0,-103.14
Control,1,5,1.9,182.2,-102.62
Control,1,5,1.9,182.4,-101.87
Control,1,5,1.9,182.6,-100.93
Control,1,5,1.9,182.8,-99.83
Control,1,5,1.9,183.0,-98.64
Control,1,5,1.9,183.2,-97.45
Control,1,5,1.9,183.4,-96.31
Control,1,5,1.9,183.6,-95.28
Control,1,5,1.9,183.8,-94.4
Control,1,5,1.9,184.0,-93.64
Control,1,5,1.9,184.2,-92.95
Control,1,5,1.9,184.4,-92.26
Control,1,5,1.9,184.6,-91.44
Control,1,5,1.9,184.8,-90.4
Control,1,5,1.9,185.0,-89.02
Control,1,5,1.9,185.2,-87.24
Control,1,5,1.9,185.4,-85.04
Control,1,5,1.9,185.6,-82.46
Control,1,5,1.9,185.8,-79.61
Control,1,5,1.9,186.0,-76.67
Control,1,5,1.9,186.2,-73.88
Control,1,5,1.9,186.4,-71.5
Control,1,5,1.9,186.6,-69.8
Control,1,5,1.9,186.8,-69.03
Control,1,5,1.9,187.0,-69.36
Control,1,5,1.9,187.2,-70.9
Control,1,5,1.9,187.4,-73.65
Control,1,5,1.9,187.6,-77.5
Control,1,5,1.9,187.8,-82.25
Control,1,5,1.9,188.0,-87.59
Control,1,5,1.9,188.2,-93.18
Control,1,5,1.9,188.4,-98.63
Control,1,5,1.9,188.6,-103.6
Control,1,5,1.9,188.8,-107.78
Control,1,5,1.9,189.0,-110.98
Control,1,5,1.9,189.2,-113.12
Control,1,5,1.9,189.4,-114.26
Control,1,5,1.9,189.6,-114.55
Control,1,5,1.9,189.8,-114.3
Control,1,5,1.9,190.0,-113.84
Control,1,5,1.9,190.2,-113.57
Control,1,5,1.9,190.4,-113.86
Control,1,5,1.9,190.6,-115.01
Control,1,5,1.9,190.8,-117.23
Control,1,5,1.9,191.0,-120.6
Control,1,5,1.9,191.2,-125.05
Control,1,5,1.9,191.4,-130.37
Control,1,5,1.9,191.6,-136.26
Control,1,5,1.9,191.8,-142.3
Control,1,5,1.9,192.0,-148.08
Control,1,5,1.9,192.2,-153.17
Control,1,5,1.9,192.4,-157.24
Control,1,5,1.9,192.6,-160.04
Control,1,5,1.9,192.8,-161.5
Control,1,5,1.9,193.0,-161.67
Control,1,5,1.9,193.2,-160.76
Control,1,5,1.9,193.4,-159.11
Control,1,5,1.9,193.6,-157.14
Control,1,5,1.9,193.8,-155.31
Control,1,5,1.9,194.0,-154.06
Control,1,5,1.9,194.2,-153.76
Control,1,5,1.9,194.4,-154.65
Control,1,5,1.9,194.6,-156.86
Control,1,5,1.9,194.8,-160.31
Control,1,5,1.9,195.0,-164.8
Control,1,5,1.9,195.2,-170.0
Control,1,5,1.9,195.4,-175.46
Control,1,5,1.9,195.6,-180.71
Control,1,5,1.9,195.8,-185.3
Control,1,5,1.9,196.0,-188.84
Control,1,5,1.9,196.2,-191.04
Control,1,5,1.9,196.4,-191.77
Control,1,5,1.9,196.6,-191.02
Control,1,5,1.9,196.8,-188.96
Control,1,5,1.9,197.0,-185.86
Control,1,5,1.9,197.2,-182.07
Control,1,5,1.9,197.4,-178.0
Control,1,5,1.9,197.6,-174.01
Control,1,5,1.9,197.8,-170.4
Control,1,5,1.9,198.0,-167.39
Control,1,5,1.9,198.2,-165.05
Control,1,5,1.9,198.4,-163.33
Control,1,5,1.9,198.6,-162.06
Control,1,5,1.9,198.8,-160.98
Control,1,5,1.9,199.0,-159.78
Control,1,5,1.9,199.2,-158.16
Control,1,5,1.9,199.4,-155.85
Control,1,5,1.9,199.6,-152.68
Control,1,5,1.9,199.8,-148.62
Control,1,5,1.9,200.0,-143.74
Control,1,5,1.9,200.2,-138.26
Control,1,5,1.9,200.4,-132.52
Control,1,5,1.9,200.6,-126.92
Control,1,5,1.9,200.8,-121.88
Control,1,5,1.9,201.0,-117.8
Control,1,5,1.9,201.2,-114.98
Control,1,5,1.9,201.4,-113.62
Control,1,5,1.9,201.6,-113.74
Control,1,5,1.9,201.8,-115.22
Control,1,5,1.9,202.0,-117.78
Control,1,5,1.9,202.2,-120.98
Control,1,5,1.9,202.4,-124.34
Control,1,5,1.9,202.6,-127.33
Control,1,5,1.9,202.8,-129.45
Control,1,5,1.9,203.0,-130.28
Control,1,5,1.9,203.2,-129.53
Control,1,5,1.9,203.4,-127.09
Control,1,5,1.9,203.6,-123.0
Control,1,5,1.9,203.8,-117.49
Control,1,5,1.9,204.0,-110.91
Control,1,5,1.9,204.2,-103.74
Control,1,5,1.9,204.4,-96.47
Control,1,5,1.9,204.6,-89.6
Control,1,5,1.9,204.8,-83.57
Control,1,5,1.9,205.0,-78.71
Control,1,5,1.9,205.2,-75.22
Control,1,5,1.9,205.4,-73.12
Control,1,5,1.9,205.6,-72.34
Control,1,5,1.9,205.8,-72.64
Control,1,5,1.9,206.0,-73.72
Control,1,5,1.9,206.2,-75.26
Control,1,5,1.9,206.4,-76.92
Control,1,5,1.9,206.6,-78.44
Control,1,5,1.9,206.8,-79.64
Control,1,5,1.9,207.0,-80.49
Control,1,5,1.9,207.2,-81.03
Control,1,5,1.9,207.4,-81.45
Control,1,5,1.9,207.6,-82.0
Control,1,5,1.9,207.8,-82.99
Control,1,5,1.9,208.0,-84.72
Control,1,5,1.9,208.2,-87.44
Control,1,5,1.9,208.4,-91.32
Control,1,5,1.9,208.6,-96.42
Control,1,5,1.9,208.8,-102.64
Control,1,5,1.9,209.0,-109.78
Control,1,5,1.9,209.2,-117.51
Control,1,5,1.9,209.4,-125.39
Control,1,5,1.9,209.6,-132.97
Control,1,5,1.9,209.8,-139.79
Control,1,5,1.9,210.0,-145.43
Control,1,5,1.9,210.2,-149.58
Control,1,5,1.9,210.4,-152.03
Control,1,5,1.9,210.6,-152.71
Control,1,5,1.9,210.8,-151.71
Control,1,5,1.9,211.0,-149.23
Control,1,5,1.9,211.2,-145.56
Control,1,5,1.9,211.4,-141.08
Control,1,5,1.9,211.6,-136.16
Control,1,5,1.9,211.8,-131.19
Control,1,5,1.9,212.0,-126.46
Control,1,5,1.9,212.2,-122.22
Control,1,5,1.9,212.4,-118.59
Control,1,5,1.9,212.6,-115.62
Control,1,5,1.9,212.8,-113.24
Control,1,5,1.9,213.0,-111.35
Control,1,5,1.9,213.2,-109.79
Control,1,5,1.9,213.4,-108.41
Control,1,5,1.9,213.6,-107.1
Control,1,5,1.9,213.8,-105.8
Control,1,5,1.9,214.0,-104.53
Control,1,5,1.9,214.2,-103.38
Control,1,5,1.9,214.4,-102.53
Control,1,5,1.9,214.6,-102.23
Control,1,5,1.9,214.8,-102.75
Control,1,5,1.9,215.0,-104.35
Control,1,5,1.9,215.2,-107.26
Control,1,5,1.9,215.4,-111.66
Control,1,5,1.9,215.6,-117.6
Control,1,5,1.9,215.8,-125.03
Control,1,5,1.9,216.0,-133.75
Control,1,5,1.9,216.2,-143.48
Control,1,5,1.9,216.4,-153.78
Control,1,5,1.9,216.6,-164.18
Control,1,5,1.9,216.8,-174.13
Control,1,5,1.9,217.0,-183.13
Control,1,5,1.9,217.2,-190.66
Control,1,5,1.9,217.4,-196.33
Control,1,5,1.9,217.6,-199.83
Control,1,5,1.9,217.8,-201.01
Control,1,5,1.9,218.0,-199.85
Control,1,5,1.9,218.2,-196.47
Control,1,5,1.9,218.4,-191.14
Control,1,5,1.9,218.6,-184.24
Control,1,5,1.9,218.8,-176.22
Control,1,5,1.9,219.0,-167.6
Control,1,5,1.9,219.2,-158.89
Control,1,5,1.9,219.4,-150.59
Control,1,5,1.9,219.6,-143.13
Control,1,5,1.9,219.8,-136.87
Control,1,5,1.9,220.0,-132.05
Control,1,5,1.9,220.2,-128.81
Control,1,5,1.9,220.4,-127.15
Control,1,5,1.9,220.6,-126.99
Control,1,5,1.9,220.8,-128.12
Control,1,5,1.9,221.0,-130.28
Control,1,5,1.9,221.2,-133.12
Control,1,5,1.9,221.4,-136.31
Control,1,5,1.9,221.6,-139.46
Control,1,5,1.9,221.8,-142.26
Control,1,5,1.9,222.0,-144.41
Control,1,5,1.9,222.2,-145.69
Control,1,5,1.9,222.4,-145.94
Control,1,5,1.9,222.6,-145.11
Control,1,5,1.9,222.8,-143.2
Control,1,5,1.9,223.0,-140.3
Control,1,5,1.9,223.2,-136.55
Control,1,5,1.9,223.4,-132.17
Control,1,5,1.9,223.6,-127.37
Control,1,5,1.9,223.8,-122.39
Control,1,5,1.9,224.0,-117.44
Control,1,5,1.9,224.2,-112.73
Control,1,5,1.9,224.4,-108.42
Control,1,5,1.9,224.6,-104.61
Control,1,5,1.9,224.8,-101.36
Control,1,5,1.9,225.0,-98.68
Control,1,5,1.9,225.2,-96.54
Control,1,5,1.9,225.4,-94.88
Control,1,5,1.9,225.6,-93.63
Control,1,5,1.9,225.8,-92.7
Control,1,5,1.9,226.0,-92.03
Control,1,5,1.9,226.2,-91.57
Control,1,5,1.9,226.4,-91.32
Control,1,5,1.9,226.6,-91.3
Control,1,5,1.9,226.8,-91.58
Control,1,5,1.9,227.0,-92.22
Control,1,5,1.9,227.2,-93.35
Control,1,5,1.9,227.4,-95.06
Control,1,5,1.9,227.6,-97.45
Control,1,5,1.9,227.8,-100.59
Control,1,5,1.9,228.0,-104.5
Control,1,5,1.9,228.2,-109.16
Control,1,5,1.9,228.4,-114.49
Control,1,5,1.9,228.6,-120.35
Control,1,5,1.9,228.8,-126.57
Control,1,5,1.9,229.0,-132.91
Control,1,5,1.9,229.2,-139.12
Control,1,5,1.9,229.4,-144.93
Control,1,5,1.9,229.6,-150.08
Control,1,5,1.9,229.8,-154.35
Control,1,5,1.9,230.0,-157.53
Control,1,5,1.9,230.2,-159.49
Control,1,5,1.9,230.4,-160.14
Control,1,5,1.9,230.6,-159.47
Control,1,5,1.9,230.8,-157.53
Control,1,5,1.9,231.0,-154.43
Control,1,5,1.9,231.2,-150.34
Control,1,5,1.9,231.4,-145.46
Control,1,5,1.9,231.6,-140.02
Control,1,5,1.9,231.8,-134.28
Control,1,5,1.9,232.0,-128.48
Control,1,5,1.9,232.2,-122.87
Control,1,5,1.9,232.4,-117.66
Control,1,5,1.9,232.6,-113.05
Control,1,5,1.9,232.8,-109.17
Control,1,5,1.9,233.0,-106.15
Control,1,5,1.9,233.2,-104.05
Control,1,5,1.9,233.4,-102.91
Control,1,5,1.9,233.6,-102.7
Control,1,5,1.9,233.8,-103.38
Control,1,5,1.9,234.0,-104.89
Control,1,5,1.9,234.2,-107.12
Control,1,5,1.9,234.4,-109.97
Control,1,5,1.9,234.6,-113.32
Control,1,5,1.9,234.8,-117.05
Control,1,5,1.9,235.0,-121.06
Control,1,5,1.9,235.2,-125.25
Control,1,5,1.9,235.4,-129.52
Control,1,5,1.9,235.6,-133.8
Control,1,5,1.9,235.8,-138.03
Control,1,5,1.9,236.0,-142.15
Control,1,5,1.9,236.2,-146.09
Control,1,5,1.9,236.4,-149.82
Control,1,5,1.9,236.6,-153.25
Control,1,5,1.9,236.8,-156.32
Control,1,5,1.9,237.0,-158.94
Control,1,5,1.9,237.2,-161.02
Control,1,5,1.9,237.4,-162.47
Control,1,5,1.9,237.6,-163.2
Control,1,5,1.9,237.8,-163.13
Control,1,5,1.9,238.0,-162.23
Control,1,5,1.9,238.2,-160.48
Control,1,5,1.9,238.4,-157.93
Control,1,5,1.9,238.6,-154.69
Control,1,5,1.9,238.8,-150.91
Control,1,5,1.9,239.0,-146.81
Control,1,5,1.9,239.2,-142.63
Control,1,5,1.9,239.4,-138.65
Control,1,5,1.9,239.6,-135.17
Control,1,5,1.9,239.8,-132.43
Control,1,5,1.9,240.0,-130.65
Control,1,5,1.9,240.2,-129.97
Control,1,5,1.9,240.4,-130.46
Control,1,5,1.9,240.6,-132.05
Control,1,5,1.9,240.8,-134.61
Control,1,5,1.9,241.0,-137.87
Control,1,5,1.9,241.2,-141.51
Control,1,5,1.9,241.4,-145.16
Control,1,5,1.9,241.6,-148.39
Control,1,5,1.9,241.8,-150.83
Control,1,5,1.9,242.0,-152.13
Control,1,5,1.9,242.2,-152.03
Control,1,5,1.9,242.4,-150.38
Control,1,5,1.9,242.6,-147.14
Control,1,5,1.9,242.8,-142.41
Control,1,5,1.9,243.0,-136.39
Control,1,5,1.9,243.2,-129.37
Control,1,5,1.9,243.4,-121.74
Control,1,5,1.9,243.6,-113.89
Control,1,5,1.9,243.8,-106.21
Control,1,5,1.9,244.0,-99.08
Control,1,5,1.9,244.2,-92.78
Control,1,5,1.9,244.4,-87.53
Control,1,5,1.9,244.6,-83.45
Control,1,5,1.9,244.8,-80.55
Control,1,5,1.9,245.0,-78.78
Control,1,5,1.9,245.2,-78.01
Control,1,5,1.9,245.4,-78.09
Control,1,5,1.9,245.6,-78.84
Control,1,5,1.9,245.8,-80.12
Control,1,5,1.9,246.0,-81.8
Control,1,5,1.9,246.2,-83.81
Control,1,5,1.9,246.4,-86.11
Control,1,5,1.9,246.6,-88.72
Control,1,5,1.9,246.8,-91.68
Control,1,5,1.9,247.0,-95.04
Control,1,5,1.9,247.2,-98.82
Control,1,5,1.9,247.4,-103.02
Control,1,5,1.9,247.6,-107.57
Control,1,5,1.9,247.8,-112.37
Control,1,5,1.9,248.0,-117.23
Control,1,5,1.9,248.2,-121.91
Control,1,5,1.9,248.4,-126.15
Control,1,5,1.9,248.6,-129.67
Control,1,5,1.9,248.8,-132.23
Control,1,5,1.9,249.0,-133.62
Control,1,5,1.9,249.2,-133.7
Control,1,5,1.9,249.4,-132.44
Control,1,5,1.9,249.6,-129.91
Control,1,5,1.9,249.8,-126.25
Control,1,5,1.9,250.0,-121.72
Control,1,5,1.9,250.2,-116.6
Control,1,5,1.9,250.4,-111.25
Control,1,5,1.9,250.6,-105.99
Control,1,5,1.9,250.8,-101.13
Control,1,5,1.9,251.0,-96.92
Control,1,5,1.9,251.2,-93.52
Control,1,5,1.9,251.4,-91.03
Control,1,5,1.9,251.6,-89.45
Control,1,5,1.9,251.8,-88.72
Control,1,5,1.9,252.0,-88.72
Control,1,5,1.9,252.2,-89.31
Control,1,5,1.9,252.4,-90.36
Control,1,5,1.9,252.6,-91.75
Control,1,5,1.9,252.8,-93.38
Control,1,5,1.9,253.0,-95.22
Control,1,5,1.9,253.2,-97.28
Control,1,5,1.9,253.4,-99.62
Control,1,5,1.9,253.6,-102.28
Control,1,5,1.9,253.8,-105.34
Control,1,5,1.9,254.0,-108.83
Control,1,5,1.9,254.2,-112.76
Control,1,5,1.9,254.4,-117.06
Control,1,5,1.9,254.6,-121.62
Control,1,5,1.9,254.8,-126.28
Control,1,5,1.9,255.0,-130.81
Control,1,5,1.9,255.2,-135.01
Control,1,5,1.9,255.4,-138.65
Control,1,5,1.9,255.6,-141.57
Control,1,5,1.9,255.8,-143.66
Control,1,5,1.9,256.0,-144.88
Control,1,5,1.9,256.2,-145.29
Control,1,5,1.9,256.4,-145.02
Control,1,5,1.9,256.6,-144.26
Control,1,5,1.9,256.8,-143.25
Control,1,5,1.9,257.0,-142.19
Control,1,5,1.9,257.2,-141.28
Control,1,5,1.9,257.4,-140.62
Control,1,5,1.9,257.6,-140.22
Control,1,5,1.9,257.8,-139.97
Control,1,5,1.9,258.0,-139.64
Control,1,5,1.9,258.2,-138.92
Control,1,5,1.9,258.4,-137.43
Control,1,5,1.9,258.6,-134.77
Control,1,5,1.9,258.8,-130.55
Control,1,5,1.9,259.0,-124.51
Control,1,5,1.9,259.2,-116.47
Control,1,5,1.9,259.4,-106.45
Control,1,5,1.9,259.6,-94.62
Control,1,5,1.9,259.8,-81.34
Control,1,5,1.9,260.0,-67.12
Untreated,2,5,1.9,0.0,13.66
Untreated,2,5,1.9,0.2,22.82
Untreated,2,5,1.9,0.4,28.62
Untreated,2,5,1.9,0.6,30.51
Untreated,2,5,1.9,0.8,28.43
Untreated,2,5,1.9,1.0,22.75
Untreated,2,5,1.9,1.2,14.29
Untreated,2,5,1.9,1.4,4.16
Untreated,2,5,1.9,1.6,-0.4
Untreated,2,5,1.9,1.8,-1.0
Untreated,2,5,1.9,2.0,-1.46
Untreated,2,5,1.9,2.2,-1.75
Untreated,2,5,1.9,2.4,-1.81
Untreated,2,5,1.9,2.6,-1.67
Untreated,2,5,1.9,2.8,-1.33
Untreated,2,5,1.9,3.0,-0.85
Untreated,2,5,1.9,3.2,-0.31
Untreated,2,5,1.9,3.4,3.32
Untreated,2,5,1.9,3.6,9.95
Untreated,2,5,1.9,3.8,13.65
Untreated,2,5,1.9,4.0,13.46
Untreated,2,5,1.9,4.2,8.8
Untreated,2,5,1.9,4.4,-0.03
Untreated,2,5,1.9,4.6,-0.87
Untreated,2,5,1.9,4.8,-1.93
Untreated,2,5,1.9,5.0,-3.12
Untreated,2,5,1.9,5.2,-4.38
Untreated,2,5,1.9,5.4,-5.59
Untreated,2,5,1.9,5.6,-6.67
Untreated,2,5,1.9,5.8,-7.54
Untreated,2,5,1.9,6.0,-8.15
Untreated,2,5,1.9,6.2,-8.44
Untreated,2,5,1.9,6.4,-8.43
Untreated,2,5,1.9,6.6,-8.12
Untreated,2,5,1.9,6.8,-7.55
Untreated,2,5,1.9,7.0,-6.78
Untreated,2,5,1.9,7.2,-5.88
Untreated,2,5,1.9,7.4,-4.92
Untreated,2,5,1.9,7.6,-3.97
Untreated,2,5,1.9,7.8,-3.08
Untreated,2,5,1.9,8.0,-2.3
Untreated,2,5,1.9,8.2,-1.65
Untreated,2,5,1.9,8.4,-1.15
Untreated,2,5,1.9,8.6,-0.79
Untreated,2,5,1.9,8.8,-0.55
Untreated,2,5,1.9,9.0,-0.41
Untreated,2,5,1.9,9.2,-0.32
Untreated,2,5,1.9,9.4,-0.27
Untreated,2,5,1.9,9.6,-0.22
Untreated,2,5,1.9,9.8,-0.16
Untreated,2,5,1.9,10.0,-0.06
Untreated,2,5,1.9,10.2,0.99
Untreated,2,5,1.9,10.4,3.4
Untreated,2,5,1.9,10.6,6.09
Untreated,2,5,1.9,10.8,8.84
Untreated,2,5,1.9,11.0,11.42
Untreated,2,5,1.9,11.2,13.6
Untreated,2,5,1.9,11.4,15.24
Untreated,2,5,1.9,11.6,16.2
Untreated,2,5,1.9,11.8,16.45
Untreated,2,5,1.9,12.0,15.98
Untreated,2,5,1.9,12.2,14.84
Untreated,2,5,1.9,12.4,13.09
Untreated,2,5,1.9,12.6,10.8
Untreated,2,5,1.9,12.8,8.03
Untreated,2,5,1.9,13.0,4.82
Untreated,2,5,1.9,13.2,1.18
Untreated,2,5,1.9,13.4,-0.18
Untreated,2,5,1.9,13.6,-0.46
Untreated,2,5,1.9,13.8,-0.75
Untreated,2,5,1.9,14.0,-1.07
Untreated,2,5,1.9,14.2,-1.4
Untreated,2,5,1.9,14.4,-1.73
Untreated,2,5,1.9,14.6,-2.04
Untreated,2,5,1.9,14.8,-2.34
Untreated,2,5,1.9,15.0,-2.6
Untreated,2,5,1.9,15.2,-2.81
Untreated,2,5,1.9,15.4,-2.97
Untreated,2,5,1.9,15.6,-3.07
Untreated,2,5,1.9,15.8,-3.11
Untreated,2,5,1.9,16.0,-3.09
Untreated,2,5,1.9,16.2,-3.03
Untreated,2,5,1.9,16.4,-2.93
Untreated,2,5,1.9,16.6,-2.82
Untreated,2,5,1.9,16.8,-2.69
Untreated,2,5,1.9,17.0,-2.57
Untreated,2,5,1.9,17.2,-2.45
Untreated,2,5,1.9,17.4,-2.33
Untreated,2,5,1.9,17.6,-2.21
Untreated,2,5,1.9,17.8,-2.07
Untreated,2,5,1.9,18.0,-1.89
Untreated,2,5,1.9,18.2,-1.67
Untreated,2,5,1.9,18.4,-1.39
Untreated,2,5,1.9,18.6,-1.04
Untreated,2,5,1.9,18.8,-0.63
Untreated,2,5,1.9,19.0,-0.16
Untreated,2,5,1.9,19.2,5.37
Untreated,2,5,1.9,19.4,13.4
Untreated,2,5,1.9,19.6,20.91
Untreated,2,5,1.9,19.8,27.27
Untreated,2,5,1.9,20.0,31.9
Untreated,2,5,1.9,20.2,34.28
Untreated,2,5,1.9,20.4,34.08
Untreated,2,5,1.9,20.6,31.18
Untreated,2,5,1.9,20.8,25.68
Untreated,2,5,1.9,21.0,17.97
Untreated,2,5,1.9,21.2,8.64
Untreated,2,5,1.9,21.4,-0.1
Untreated,2,5,1.9,21.6,-0.73
Untreated,2,5,1.9,21.8,-1.3
Untreated,2,5,1.9,22.0,-1.77
Untreated,2,5,1.9,22.2,-2.08
Untreated,2,5,1.9,22.4,-2.23
Untreated,2,5,1.9,22.6,-2.19
Untreated,2,5,1.9,22.8,-1.98
Untreated,2,5,1.9,23.0,-1.65
Untreated,2,5,1.9,23.2,-1.22
Untreated,2,5,1.9,23.4,-0.77
Untreated,2,5,1.9,23.6,-0.34
Untreated,2,5,1.9,23.8,-0.01
Untreated,2,5,1.9,24.0,2.74
Untreated,2,5,1.9,24.2,2.79
Untreated,2,5,1.9,24.4,-0.02
Untreated,2,5,1.9,24.6,-0.42
Untreated,2,5,1.9,24.8,-1.01
Untreated,2,5,1.9,25.0,-1.73
Untreated,2,5,1.9,25.2,-2.54
Untreated,2,5,1.9,25.4,-3.38
Untreated,2,5,1.9,25.6,-4.18
Untreated,2,5,1.9,25.8,-4.89
Untreated,2,5,1.9,26.0,-5.44
Untreated,2,5,1.9,26.2,-5.8
Untreated,2,5,1.9,26.4,-5.94
Untreated,2,5,1.9,26.6,-5.87
Untreated,2,5,1.9,26.8,-5.58
Untreated,2,5,1.9,27.0,-5.12
Untreated,2,5,1.9,27.2,-4.5
Untreated,2,5,1.9,27.4,-3.79
Untreated,2,5,1.9,27.6,-3.02
Untreated,2,5,1.9,27.8,-2.25
Untreated,2,5,1.9,28.0,-1.52
Untreated,2,5,1.9,28.2,-0.86
Untreated,2,5,1.9,28.4,-0.3
Untreated,2,5,1.9,28.6,2.17
Untreated,2,5,1.9,28.8,7.18
Untreated,2,5,1.9,29.0,10.19
Untreated,2,5,1.9,29.2,11.28
Untreated,2,5,1.9,29.4,10.68
Untreated,2,5,1.9,29.6,8.62
Untreated,2,5,1.9,29.8,5.41
Untreated,2,5,1.9,30.0,1.37
Untreated,2,5,1.9,30.2,-0.2
Untreated,2,5,1.9,30.4,-0.49
Untreated,2,5,1.9,30.6,-0.78
Untreated,2,5,1.9,30.8,-1.03
Untreated,2,5,1.9,31.0,-1.23
Untreated,2,5,1.9,31.2,-1.37
Untreated,2,5,1.9,31.4,-1.43
Untreated,2,5,1.9,31.6,-1.4
Untreated,2,5,1.9,31.8,-1.29
Untreated,2,5,1.9,32.0,-1.1
Untreated,2,5,1.9,32.2,-0.85
Untreated,2,5,1.9,32.4,-0.56
Untreated,2,5,1.9,32.6,-0.26
Untreated,2,5,1.9,32.8,0.18
Untreated,2,5,1.9,33.0,3.53
Untreated,2,5,1.9,33.2,5.29
Untreated,2,5,1.9,33.4,4.98
Untreated,2,5,1.9,33.6,2.28
Untreated,2,5,1.9,33.8,-0.18
Untreated,2,5,1.9,34.0,-0.67
Untreated,2,5,1.9,34.2,-1.28
Untreated,2,5,1.9,34.4,-1.99
Untreated,2,5,1.9,34.6,-2.76
Untreated,2,5,1.9,34.8,-3.52
Untreated,2,5,1.9,35.0,-4.22
Untreated,2,5,1.9,35.2,-4.81
Untreated,2,5,1.9,35.4,-5.23
Untreated,2,5,1.9,35.6,-5.45
Untreated,2,5,1.9,35.8,-5.46
Untreated,2,5,1.9,36.0,-5.24
Untreated,2,5,1.9,36.2,-4.81
Untreated,2,5,1.9,36.4,-4.22
Untreated,2,5,1.9,36.6,-3.5
Untreated,2,5,1.9,36.8,-2.71
Untreated,2,5,1.9,37.0,-1.92
Untreated,2,5,1.9,37.2,-1.17
Untreated,2,5,1.9,37.4,-0.51
Untreated,2,5,1.9,37.6,0.32
Untreated,2,5,1.9,37.8,6.38
Untreated,2,5,1.9,38.0,9.97
Untreated,2,5,1.9,38.2,11.28
Untreated,2,5,1.9,38.4,10.69
Untreated,2,5,1.9,38.6,8.72
Untreated,2,5,1.9,38.8,5.98
Untreated,2,5,1.9,39.0,3.06
Untreated,2,5,1.9,39.2,0.44
Untreated,2,5,1.9,39.4,-0.09
Untreated,2,5,1.9,39.6,-0.16
Untreated,2,5,1.9,39.8,-0.18
Untreated,2,5,1.9,40.0,-0.15
Untreated,2,5,1.9,40.2,-0.1
Untreated,2,5,1.9,40.4,-0.06
Untreated,2,5,1.9,40.6,-0.05
Untreated,2,5,1.9,40.8,-0.09
Untreated,2,5,1.9,41.0,-0.2
Untreated,2,5,1.9,41.2,-0.38
Untreated,2,5,1.9,41.4,-0.64
Untreated,2,5,1.9,41.6,-0.94
Untreated,2,5,1.9,41.8,-1.28
Untreated,2,5,1.9,42.0,-1.62
Untreated,2,5,1.9,42.2,-1.92
Untreated,2,5,1.9,42.4,-2.15
Untreated,2,5,1.9,42.6,-2.28
Untreated,2,5,1.9,42.8,-2.31
Untreated,2,5,1.9,43.0,-2.21
Untreated,2,5,1.9,43.2,-2.0
Untreated,2,5,1.9,43.4,-1.7
Untreated,2,5,1.9,43.6,-1.33
Untreated,2,5,1.9,43.8,-0.94
Untreated,2,5,1.9,44.0,-0.55
Untreated,2,5,1.9,44.2,-0.22
Untreated,2,5,1.9,44.4,0.59
Untreated,2,5,1.9,44.6,2.91
Untreated,2,5,1.9,44.8,3.26
Untreated,2,5,1.9,45.0,1.63
Untreated,2,5,1.9,45.2,-0.11
Untreated,2,5,1.9,45.4,-0.42
Untreated,2,5,1.9,45.6,-0.78
Untreated,2,5,1.9,45.8,-1.16
Untreated,2,5,1.9,46.0,-1.51
Untreated,2,5,1.9,46.2,-1.8
Untreated,2,5,1.9,46.4,-2.0
Untreated,2,5,1.9,46.6,-2.07
Untreated,2,5,1.9,46.8,-2.0
Untreated,2,5,1.9,47.0,-1.78
Untreated,2,5,1.9,47.2,-1.43
Untreated,2,5,1.9,47.4,-0.95
Untreated,2,5,1.9,47.6,-0.38
Untreated,2,5,1.9,47.8,3.87
Untreated,2,5,1.9,48.0,14.1
Untreated,2,5,1.9,48.2,23.9
Untreated,2,5,1.9,48.4,32.61
Untreated,2,5,1.9,48.6,39.65
Untreated,2,5,1.9,48.8,44.53
Untreated,2,5,1.9,49.0,46.91
Untreated,2,5,1.9,49.2,46.63
Untreated,2,5,1.9,49.4,43.68
Untreated,2,5,1.9,49.6,38.26
Untreated,2,5,1.9,49.8,30.73
Untreated,2,5,1.9,50.0,21.59
Untreated,2,5,1.9,50.2,11.46
Untreated,2,5,1.9,50.4,1.03
Untreated,2,5,1.9,50.6,-9.0
Untreated,2,5,1.9,50.8,-17.97
Untreated,2,5,1.9,51.0,-25.29
Untreated,2,5,1.9,51.2,-30.54
Untreated,2,5,1.9,51.4,-33.47
Untreated,2,5,1.9,51.6,-34.01
Untreated,2,5,1.9,51.8,-32.33
Untreated,2,5,1.9,52.0,-28.8
Untreated,2,5,1.9,52.2,-23.94
Untreated,2,5,1.9,52.4,-18.4
Untreated,2,5,1.9,52.6,-12.89
Untreated,2,5,1.9,52.8,-8.11
Untreated,2,5,1.9,53.0,-4.64
Untreated,2,5,1.9,53.2,-2.95
Untreated,2,5,1.9,53.4,-3.29
Untreated,2,5,1.9,53.6,-5.64
Untreated,2,5,1.9,53.8,-9.79
Untreated,2,5,1.9,54.0,-15.25
Untreated,2,5,1.9,54.2,-21.39
Untreated,2,5,1.9,54.4,-27.45
Untreated,2,5,1.9,54.6,-32.64
Untreated,2,5,1.9,54.8,-36.23
Untreated,2,5,1.9,55.0,-37.64
Untreated,2,5,1.9,55.2,-36.49
Untreated,2,5,1.9,55.4,-32.67
Untreated,2,5,1.9,55.6,-26.35
Untreated,2,5,1.9,55.8,-17.97
Untreated,2,5,1.9,56.0,-8.21
Untreated,2,5,1.9,56.2,2.13
Untreated,2,5,1.9,56.4,12.15
Untreated,2,5,1.9,56.6,21.01
Untreated,2,5,1.9,56.8,27.99
Untreated,2,5,1.9,57.0,32.58
Untreated,2,5,1.9,57.2,34.55
Untreated,2,5,1.9,57.4,33.94
Untreated,2,5,1.9,57.6,31.1
Untreated,2,5,1.9,57.8,26.61
Untreated,2,5,1.9,58.0,21.2
Untreated,2,5,1.9,58.2,15.7
Untreated,2,5,1.9,58.4,10.87
Untreated,2,5,1.9,58.6,7.36
Untreated,2,5,1.9,58.8,5.61
Untreated,2,5,1.9,59.0,5.78
Untreated,2,5,1.9,59.2,7.72
Untreated,2,5,1.9,59.4,11.02
Untreated,2,5,1.9,59.6,15.03
Untreated,2,5,1.9,59.8,18.99
Untreated,2,5,1.9,60.0,22.05
Untreated,2,5,1.9,60.2,23.46
Untreated,2,5,1.9,60.4,22.63
Untreated,2,5,1.9,60.6,19.23
Untreated,2,5,1.9,60.8,13.22
Untreated,2,5,1.9,61.0,4.9
Untreated,2,5,1.9,61.2,-5.15
Untreated,2,5,1.9,61.4,-16.1
Untreated,2,5,1.9,61.6,-26.97
Untreated,2,5,1.9,61.8,-36.76
Untreated,2,5,1.9,62.0,-44.55
Untreated,2,5,1.9,62.2,-49.59
Untreated,2,5,1.9,62.4,-51.43
Untreated,2,5,1.9,62.6,-49.92
Untreated,2,5,1.9,62.8,-45.27
Untreated,2,5,1.9,63.0,-38.0
Untreated,2,5,1.9,63.2,-28.88
Untreated,2,5,1.9,63.4,-18.87
Untreated,2,5,1.9,63.6,-8.93
Untreated,2,5,1.9,63.8,-0.02
Untreated,2,5,1.9,64.0,7.11
Untreated,2,5,1.9,64.2,11.94
Untreated,2,5,1.9,64.4,14.23
Untreated,2,5,1.9,64.6,14.08
Untreated,2,5,1.9,64.8,11.85
Untreated,2,5,1.9,65.0,8.13
Untreated,2,5,1.9,65.2,3.66
Untreated,2,5,1.9,65.4,-0.77
Untreated,2,5,1.9,65.6,-4.45
Untreated,2,5,1.9,65.8,-6.78
Untreated,2,5,1.9,66.0,-7.4
Untreated,2,5,1.9,66.2,-6.19
Untreated,2,5,1.9,66.4,-3.28
Untreated,2,5,1.9,66.6,0.93
Untreated,2,5,1.9,66.8,5.93
Untreated,2,5,1.9,67.0,11.04
Untreated,2,5,1.9,67.2,15.61
Untreated,2,5,1.9,67.4,19.04
Untreated,2,5,1.9,67.6,20.85
Untreated,2,5,1.9,67.8,20.77
Untreated,2,5,1.9,68.0,18.73
Untreated,2,5,1.9,68.2,14.89
Untreated,2,5,1.9,68.4,9.56
Untreated,2,5,1.9,68.6,3.21
Untreated,2,5,1.9,68.8,-3.6
Untreated,2,5,1.9,69.0,-10.32
Untreated,2,5,1.9,69.2,-16.43
Untreated,2,5,1.9,69.4,-21.53
Untreated,2,5,1.9,69.6,-25.31
Untreated,2,5,1.9,69.8,-27.62
Untreated,2,5,1.9,70.0,-28.43
Untreated,2,5,1.9,70.2,-27.82
Untreated,2,5,1.9,70.4,-25.97
Untreated,2,5,1.9,70.6,-23.07
Untreated,2,5,1.9,70.8,-19.33
Untreated,2,5,1.9,71.0,-14.96
Untreated,2,5,1.9,71.2,-10.14
Untreated,2,5,1.9,71.4,-5.02
Untreated,2,5,1.9,71.6,0.27
Untreated,2,5,1.9,71.8,5.58
Untreated,2,5,1.9,72.0,10.75
Untreated,2,5,1.9,72.2,15.55
Untreated,2,5,1.9,72.4,19.74
Untreated,2,5,1.9,72.6,23.0
Untreated,2,5,1.9,72.8,25.02
Untreated,2,5,1.9,73.0,25.48
Untreated,2,5,1.9,73.2,24.13
Untreated,2,5,1.9,73.4,20.83
Untreated,2,5,1.9,73.6,15.57
Untreated,2,5,1.9,73.8,8.55
Untreated,2,5,1.9,74.0,0.13
Untreated,2,5,1.9,74.2,-9.11
Untreated,2,5,1.9,74.4,-18.48
Untreated,2,5,1.9,74.6,-27.16
Untreated,2,5,1.9,74.8,-34.36
Untreated,2,5,1.9,75.0,-39.35
Untreated,2,5,1.9,75.2,-41.56
Untreated,2,5,1.9,75.4,-40.67
Untreated,2,5,1.9,75.6,-36.67
Untreated,2,5,1.9,75.8,-29.83
Untreated,2,5,1.9,76.0,-20.75
Untreated,2,5,1.9,76.2,-10.26
Untreated,2,5,1.9,76.4,0.65
Untreated,2,5,1.9,76.6,10.91
Untreated,2,5,1.9,76.8,19.53
Untreated,2,5,1.9,77.0,25.69
Untreated,2,5,1.9,77.2,28.84
Untreated,2,5,1.9,77.4,28.79
Untreated,2,5,1.9,77.6,25.7
Untreated,2,5,1.9,77.8,20.08
Untreated,2,5,1.9,78.0,12.75
Untreated,2,5,1.9,78.2,4.7
Untreated,2,5,1.9,78.4,-2.97
Untreated,2,5,1.9,78.6,-9.26
Untreated,2,5,1.9,78.8,-13.34
Untreated,2,5,1.9,79.0,-14.66
Untreated,2,5,1.9,79.2,-13.05
Untreated,2,5,1.9,79.4,-8.74
Untreated,2,5,1.9,79.6,-2.31
Untreated,2,5,1.9,79.8,5.36
Untreated,2,5,1.9,80.0,13.19
Untreated,2,5,1.9,80.2,20.06
Untreated,2,5,1.9,80.4,24.93
Untreated,2,5,1.9,80.6,26.98
Untreated,2,5,1.9,80.8,25.73
Untreated,2,5,1.9,81.0,21.08
Untreated,2,5,1.9,81.2,13.37
Untreated,2,5,1.9,81.4,3.3
Untreated,2,5,1.9,81.6,-8.12
Untreated,2,5,1.9,81.8,-19.69
Untreated,2,5,1.9,82.0,-30.17
Untreated,2,5,1.9,82.2,-38.46
Untreated,2,5,1.9,82.4,-43.66
Untreated,2,5,1.9,82.6,-45.26
Untreated,2,5,1.9,82.8,-43.16
Untreated,2,5,1.9,83.0,-37.67
Untreated,2,5,1.9,83.2,-29.54
Untreated,2,5,1.9,83.4,-19.77
Untreated,2,5,1.9,83.6,-9.59
Untreated,2,5,1.9,83.8,-0.25
Untreated,2,5,1.9,84.0,7.12
Untreated,2,5,1.9,84.2,11.62
Untreated,2,5,1.9,84.4,12.69
Untreated,2,5,1.9,84.6,10.21
Untreated,2,5,1.9,84.8,4.45
Untreated,2,5,1.9,85.0,-3.93
Untreated,2,5,1.9,85.2,-13.96
Untreated,2,5,1.9,85.4,-24.52
Untreated,2,5,1.9,85.6,-34.41
Untreated,2,5,1.9,85.8,-42.53
Untreated,2,5,1.9,86.0,-48.01
Untreated,2,5,1.9,86.2,-50.27
Untreated,2,5,1.9,86.4,-49.09
Untreated,2,5,1.9,86.6,-44.63
Untreated,2,5,1.9,86.8,-37.39
Untreated,2,5,1.9,87.0,-28.13
Untreated,2,5,1.9,87.2,-17.81
Untreated,2,5,1.9,87.4,-7.4
Untreated,2,5,1.9,87.6,2.12
Untreated,2,5,1.9,87.8,9.95
Untreated,2,5,1.9,88.0,15.52
Untreated,2,5,1.9,88.2,18.49
Untreated,2,5,1.9,88.4,18.8
Untreated,2,5,1.9,88.6,16.66
Untreated,2,5,1.9,88.8,12.45
Untreated,2,5,1.9,89.0,6.69
Untreated,2,5,1.9,89.2,-0.03
Untreated,2,5,1.9,89.4,-7.14
Untreated,2,5,1.9,89.6,-14.14
Untreated,2,5,1.9,89.8,-20.61
Untreated,2,5,1.9,90.0,-26.25
Untreated,2,5,1.9,90.2,-30.87
Untreated,2,5,1.9,90.4,-34.39
Untreated,2,5,1.9,90.6,-36.77
Untreated,2,5,1.9,90.8,-37.99
Untreated,2,5,1.9,91.0,-38.06
Untreated,2,5,1.9,91.2,-36.95
Untreated,2,5,1.9,91.4,-34.65
Untreated,2,5,1.9,91.6,-31.14
Untreated,2,5,1.9,91.8,-26.42
Untreated,2,5,1.9,92.0,-20.59
Untreated,2,5,1.9,92.2,-13.81
Untreated,2,5,1.9,92.4,-6.4
Untreated,2,5,1.9,92.6,1.24
Untreated,2,5,1.9,92.8,8.55
Untreated,2,5,1.9,93.0,14.92
Untreated,2,5,1.9,93.2,19.73
Untreated,2,5,1.9,93.4,22.39
Untreated,2,5,1.9,93.6,22.46
Untreated,2,5,1.9,93.8,19.68
Untreated,2,5,1.9,94.0,14.09
Untreated,2,5,1.9,94.2,5.97
Untreated,2,5,1.9,94.4,-4.08
Untreated,2,5,1.9,94.6,-15.21
Untreated,2,5,1.9,94.8,-26.42
Untreated,2,5,1.9,95.0,-36.61
Untreated,2,5,1.9,95.2,-44.72
Untreated,2,5,1.9,95.4,-49.87
Untreated,2,5,1.9,95.6,-51.43
Untreated,2,5,1.9,95.8,-49.12
Untreated,2,5,1.9,96.0,-43.07
Untreated,2,5,1.9,96.2,-33.8
Untreated,2,5,1.9,96.4,-22.15
Untreated,2,5,1.9,96.6,-9.26
Untreated,2,5,1.9,96.8,3.63
Untreated,2,5,1.9,97.0,15.26
Untreated,2,5,1.9,97.2,24.52
Untreated,2,5,1.9,97.4,30.6
Untreated,2,5,1.9,97.6,33.03
Untreated,2,5,1.9,97.8,31.77
Untreated,2,5,1.9,98.0,27.2
Untreated,2,5,1.9,98.2,20.08
Untreated,2,5,1.9,98.4,11.43
Untreated,2,5,1.9,98.6,2.4
Untreated,2,5,1.9,98.8,-5.84
Untreated,2,5,1.9,99.0,-12.29
Untreated,2,5,1.9,99.2,-16.23
Untreated,2,5,1.9,99.4,-17.29
Untreated,2,5,1.9,99.6,-15.53
Untreated,2,5,1.9,99.8,-11.41
Untreated,2,5,1.9,100.0,-5.69
Untreated,2,5,1.9,100.2,0.62
Untreated,2,5,1.9,100.4,6.42
Untreated,2,5,1.9,100.6,10.68
Untreated,2,5,1.9,100.8,12.59
Untreated,2,5,1.9,101.0,11.64
Untreated,2,5,1.9,101.2,7.71
Untreated,2,5,1.9,101.4,1.12
Untreated,2,5,1.9,101.6,-7.44
Untreated,2,5,1.9,101.8,-16.99
Untreated,2,5,1.9,102.0,-26.36
Untreated,2,5,1.9,102.2,-34.37
Untreated,2,5,1.9,102.4,-39.95
Untreated,2,5,1.9,102.6,-42.33
Untreated,2,5,1.9,102.8,-41.1
Untreated,2,5,1.9,103.0,-36.28
Untreated,2,5,1.9,103.2,-28.35
Untreated,2,5,1.9,103.4,-18.19
Untreated,2,5,1.9,103.6,-6.95
Untreated,2,5,1.9,103.8,4.04
Untreated,2,5,1.9,104.0,13.47
Untreated,2,5,1.9,104.2,20.19
Untreated,2,5,1.9,104.4,23.34
Untreated,2,5,1.9,104.6,22.47
Untreated,2,5,1.9,104.8,17.58
Untreated,2,5,1.9,105.0,9.14
Untreated,2,5,1.9,105.2,-2.01
Untreated,2,5,1.9,105.4,-14.71
Untreated,2,5,1.9,105.6,-27.65
Untreated,2,5,1.9,105.8,-39.51
Untreated,2,5,1.9,106.0,-49.13
Untreated,2,5,1.9,106.2,-55.6
Untreated,2,5,1.9,106.4,-58.39
Untreated,2,5,1.9,106.6,-57.39
Untreated,2,5,1.9,106.8,-52.88
Untreated,2,5,1.9,107.0,-45.51
Untreated,2,5,1.9,107.2,-36.19
Untreated,2,5,1.9,107.4,-25.98
Untreated,2,5,1.9,107.6,-15.95
Untreated,2,5,1.9,107.8,-7.07
Untreated,2,5,1.9,108.0,-0.1
Untreated,2,5,1.9,108.2,4.48
Untreated,2,5,1.9,108.4,6.51
Untreated,2,5,1.9,108.6,6.11
Untreated,2,5,1.9,108.8,3.65
Untreated,2,5,1.9,109.0,-0.3
Untreated,2,5,1.9,109.2,-5.12
Untreated,2,5,1.9,109.4,-10.16
Untreated,2,5,1.9,109.6,-14.89
Untreated,2,5,1.9,109.8,-18.9
Untreated,2,5,1.9,110.0,-22.0
Untreated,2,5,1.9,110.2,-24.12
Untreated,2,5,1.9,110.4,-25.4
Untreated,2,5,1.9,110.6,-26.02
Untreated,2,5,1.9,110.8,-26.25
Untreated,2,5,1.9,111.0,-26.29
Untreated,2,5,1.9,111.2,-26.28
Untreated,2,5,1.9,111.4,-26.24
Untreated,2,5,1.9,111.6,-26.08
Untreated,2,5,1.9,111.8,-25.59
Untreated,2,5,1.9,112.0,-24.52
Untreated,2,5,1.9,112.2,-22.59
Untreated,2,5,1.9,112.4,-19.6
Untreated,2,5,1.9,112.6,-15.48
Untreated,2,5,1.9,112.8,-10.32
Untreated,2,5,1.9,113.0,-4.4
Untreated,2,5,1.9,113.2,1.83
Untreated,2,5,1.9,113.4,7.76
Untreated,2,5,1.9,113.6,12.72
Untreated,2,5,1.9,113.8,16.04
Untreated,2,5,1.9,114.0,17.16
Untreated,2,5,1.9,114.2,15.71
Untreated,2,5,1.9,114.4,11.58
Untreated,2,5,1.9,114.6,4.94
Untreated,2,5,1.9,114.8,-3.7
Untreated,2,5,1.9,115.0,-13.62
Untreated,2,5,1.9,115.2,-23.85
Untreated,2,5,1.9,115.4,-33.39
Untreated,2,5,1.9,115.6,-41.21
Untreated,2,5,1.9,115.8,-46.46
Untreated,2,5,1.9,116.0,-48.52
Untreated,2,5,1.9,116.2,-47.11
Untreated,2,5,1.9,116.4,-42.31
Untreated,2,5,1.9,116.6,-34.57
Untreated,2,5,1.9,116.8,-24.62
Untreated,2,5,1.9,117.0,-13.46
Untreated,2,5,1.9,117.2,-2.18
Untreated,2,5,1.9,117.4,8.15
Untreated,2,5,1.9,117.6,16.57
Untreated,2,5,1.9,117.8,22.39
Untreated,2,5,1.9,118.0,25.24
Untreated,2,5,1.9,118.2,25.09
Untreated,2,5,1.9,118.4,22.23
Untreated,2,5,1.9,118.6,17.28
Untreated,2,5,1.9,118.8,11.02
Untreated,2,5,1.9,119.0,4.31
Untreated,2,5,1.9,119.2,-2.0
Untreated,2,5,1.9,119.4,-7.24
Untreated,2,5,1.9,119.6,-10.93
Untreated,2,5,1.9,119.8,-12.91
Untreated,2,5,1.9,120.0,-13.27
Untreated,2,5,1.9,120.2,-12.4
Untreated,2,5,1.9,120.4,-10.83
Untreated,2,5,1.9,120.6,-9.2
Untreated,2,5,1.9,120.8,-8.14
Untreated,2,5,1.9,121.0,-8.13
Untreated,2,5,1.9,121.2,-9.46
Untreated,2,5,1.9,121.4,-12.14
Untreated,2,5,1.9,121.6,-15.91
Untreated,2,5,1.9,121.8,-20.27
Untreated,2,5,1.9,122.0,-24.52
Untreated,2,5,1.9,122.2,-27.9
Untreated,2,5,1.9,122.4,-29.68
Untreated,2,5,1.9,122.6,-29.27
Untreated,2,5,1.9,122.8,-26.34
Untreated,2,5,1.9,123.0,-20.88
Untreated,2,5,1.9,123.2,-13.22
Untreated,2,5,1.9,123.4,-4.02
Untreated,2,5,1.9,123.6,5.81
Untreated,2,5,1.9,123.8,15.2
Untreated,2,5,1.9,124.0,23.05
Untreated,2,5,1.9,124.2,28.38
Untreated,2,5,1.9,124.4,30.45
Untreated,2,5,1.9,124.6,28.88
Untreated,2,5,1.9,124.8,23.69
Untreated,2,5,1.9,125.0,15.34
Untreated,2,5,1.9,125.2,4.64
Untreated,2,5,1.9,125.4,-7.27
Untreated,2,5,1.9,125.6,-19.09
Untreated,2,5,1.9,125.8,-29.51
Untreated,2,5,1.9,126.0,-37.35
Untreated,2,5,1.9,126.2,-41.71
Untreated,2,5,1.9,126.4,-42.07
Untreated,2,5,1.9,126.6,-38.37
Untreated,2,5,1.9,126.8,-31.0
Untreated,2,5,1.9,127.0,-20.75
Untreated,2,5,1.9,127.2,-8.74
Untreated,2,5,1.9,127.4,3.73
Untreated,2,5,1.9,127.6,15.33
Untreated,2,5,1.9,127.8,24.85
Untreated,2,5,1.9,128.0,31.33
Untreated,2,5,1.9,128.2,34.18
Untreated,2,5,1.9,128.4,33.22
Untreated,2,5,1.9,128.6,28.7
Untreated,2,5,1.9,128.8,21.23
Untreated,2,5,1.9,129.0,11.72
Untreated,2,5,1.9,129.2,1.23
Untreated,2,5,1.9,129.4,-9.13
Untreated,2,5,1.9,129.6,-18.37
Untreated,2,5,1.9,129.8,-25.71
Untreated,2,5,1.9,130.0,-30.68
Untreated,2,5,1.9,130.2,-33.13
Untreated,2,5,1.9,130.4,-33.24
Untreated,2,5,1.9,130.6,-31.47
Untreated,2,5,1.9,130.8,-28.47
Untreated,2,5,1.9,131.0,-24.97
Untreated,2,5,1.9,131.2,-21.65
Untreated,2,5,1.9,131.4,-19.1
Untreated,2,5,1.9,131.6,-17.66
Untreated,2,5,1.9,131.8,-17.44
Untreated,2,5,1.9,132.0,-18.29
Untreated,2,5,1.9,132.2,-19.82
Untreated,2,5,1.9,132.4,-21.53
Untreated,2,5,1.9,132.6,-22.82
Untreated,2,5,1.9,132.8,-23.16
Untreated,2,5,1.9,133.0,-22.15
Untreated,2,5,1.9,133.2,-19.62
Untreated,2,5,1.9,133.4,-15.64
Untreated,2,5,1.9,133.6,-10.57
Untreated,2,5,1.9,133.8,-4.98
Untreated,2,5,1.9,134.0,0.37
Untreated,2,5,1.9,134.2,4.66
Untreated,2,5,1.9,134.4,7.1
Untreated,2,5,1.9,134.6,7.08
Untreated,2,5,1.9,134.8,4.19
Untreated,2,5,1.9,135.0,-1.66
Untreated,2,5,1.9,135.2,-10.21
Untreated,2,5,1.9,135.4,-20.9
Untreated,2,5,1.9,135.6,-32.91
Untreated,2,5,1.9,135.8,-45.22
Untreated,2,5,1.9,136.0,-56.77
Untreated,2,5,1.9,136.2,-66.55
Untreated,2,5,1.9,136.4,-73.73
Untreated,2,5,1.9,136.6,-77.74
Untreated,2,5,1.9,136.8,-78.34
Untreated,2,5,1.9,137.0,-75.64
Untreated,2,5,1.9,137.2,-70.08
Untreated,2,5,1.9,137.4,-62.41
Untreated,2,5,1.9,137.6,-53.51
Untreated,2,5,1.9,137.8,-44.39
Untreated,2,5,1.9,138.0,-35.99
Untreated,2,5,1.9,138.2,-29.11
Untreated,2,5,1.9,138.4,-24.32
Untreated,2,5,1.9,138.6,-21.91
Untreated,2,5,1.9,138.8,-21.84
Untreated,2,5,1.9,139.0,-23.82
Untreated,2,5,1.9,139.2,-27.28
Untreated,2,5,1.9,139.4,-31.53
Untreated,2,5,1.9,139.6,-35.8
Untreated,2,5,1.9,139.8,-39.36
Untreated,2,5,1.9,140.0,-41.61
Untreated,2,5,1.9,140.2,-42.13
Untreated,2,5,1.9,140.4,-40.73
Untreated,2,5,1.9,140.6,-37.46
Untreated,2,5,1.9,140.8,-32.59
Untreated,2,5,1.9,141.0,-26.58
Untreated,2,5,1.9,141.2,-19.98
Untreated,2,5,1.9,141.4,-13.37
Untreated,2,5,1.9,141.6,-7.33
Untreated,2,5,1.9,141.8,-2.28
Untreated,2,5,1.9,142.0,1.44
Untreated,2,5,1.9,142.2,3.71
Untreated,2,5,1.9,142.4,4.55
Untreated,2,5,1.9,142.6,4.13
Untreated,2,5,1.9,142.8,2.74
Untreated,2,5,1.9,143.0,0.69
Untreated,2,5,1.9,143.2,-1.64
Untreated,2,5,1.9,143.4,-3.97
Untreated,2,5,1.9,143.6,-6.04
Untreated,2,5,1.9,143.8,-7.7
Untreated,2,5,1.9,144.0,-8.89
Untreated,2,5,1.9,144.2,-9.63
Untreated,2,5,1.9,144.4,-10.0
Untreated,2,5,1.9,144.6,-10.09
Untreated,2,5,1.9,144.8,-10.01
Untreated,2,5,1.9,145.0,-9.83
Untreated,2,5,1.9,145.2,-9.57
Untreated,2,5,1.9,145.4,-9.21
Untreated,2,5,1.9,145.6,-8.68
Untreated,2,5,1.9,145.8,-7.92
Untreated,2,5,1.9,146.0,-6.84
Untreated,2,5,1.9,146.2,-5.4
Untreated,2,5,1.9,146.4,-3.61
Untreated,2,5,1.9,146.6,-1.56
Untreated,2,5,1.9,146.8,0.58
Untreated,2,5,1.9,147.0,2.61
Untreated,2,5,1.9,147.2,4.25
Untreated,2,5,1.9,147.4,5.22
Untreated,2,5,1.9,147.6,5.3
Untreated,2,5,1.9,147.8,4.31
Untreated,2,5,1.9,148.0,2.17
Untreated,2,5,1.9,148.2,-1.05
Untreated,2,5,1.9,148.4,-5.18
Untreated,2,5,1.9,148.6,-9.91
Untreated,2,5,1.9,148.8,-14.88
Untreated,2,5,1.9,149.0,-19.63
Untreated,2,5,1.9,149.2,-23.76
Untreated,2,5,1.9,149.4,-26.89
Untreated,2,5,1.9,149.6,-28.76
Untreated,2,5,1.9,149.8,-29.23
Untreated,2,5,1.9,150.0,-28.33
Untreated,2,5,1.9,150.2,-26.24
Untreated,2,5,1.9,150.4,-23.27
Untreated,2,5,1.9,150.6,-19.81
Untreated,2,5,1.9,150.8,-16.3
Untreated,2,5,1.9,151.0,-13.18
Untreated,2,5,1.9,151.2,-10.78
Untreated,2,5,1.9,151.4,-9.36
Untreated,2,5,1.9,151.6,-9.02
Untreated,2,5,1.9,151.8,-9.68
Untreated,2,5,1.9,152.0,-11.17
Untreated,2,5,1.9,152.2,-13.17
Untreated,2,5,1.9,152.4,-15.32
Untreated,2,5,1.9,152.6,-17.22
Untreated,2,5,1.9,152.8,-18.55
Untreated,2,5,1.9,153.0,-19.05
Untreated,2,5,1.9,153.2,-18.6
Untreated,2,5,1.9,153.4,-17.23
Untreated,2,5,1.9,153.6,-15.1
Untreated,2,5,1.9,153.8,-12.48
Untreated,2,5,1.9,154.0,-9.72
Untreated,2,5,1.9,154.2,-7.18
Untreated,2,5,1.9,154.4,-5.2
Untreated,2,5,1.9,154.6,-4.03
Untreated,2,5,1.9,154.8,-3.8
Untreated,2,5,1.9,155.0,-4.47
Untreated,2,5,1.9,155.2,-5.88
Untreated,2,5,1.9,155.4,-7.75
Untreated,2,5,1.9,155.6,-9.71
Untreated,2,5,1.9,155.8,-11.35
Untreated,2,5,1.9,156.0,-12.33
Untreated,2,5,1.9,156.2,-12.34
Untreated,2,5,1.9,156.4,-11.27
Untreated,2,5,1.9,156.6,-9.13
Untreated,2,5,1.9,156.8,-6.12
Untreated,2,5,1.9,157.0,-2.6
Untreated,2,5,1.9,157.2,0.95
Untreated,2,5,1.9,157.4,4.01
Untreated,2,5,1.9,157.6,6.04
Untreated,2,5,1.9,157.8,6.58
Untreated,2,5,1.9,158.0,5.31
Untreated,2,5,1.9,158.2,2.08
Untreated,2,5,1.9,158.4,-3.04
Untreated,2,5,1.9,158.6,-9.78
Untreated,2,5,1.9,158.8,-17.67
Untreated,2,5,1.9,159.0,-26.11
Untreated,2,5,1.9,159.2,-34.44
Untreated,2,5,1.9,159.4,-41.97
Untreated,2,5,1.9,159.6,-48.09
Untreated,2,5,1.9,159.8,-52.32
Untreated,2,5,1.9,160.0,-54.37
Untreated,2,5,1.9,160.2,-54.14
Untreated,2,5,1.9,160.4,-51.75
Untreated,2,5,1.9,160.6,-47.49
Untreated,2,5,1.9,160.8,-41.82
Untreated,2,5,1.9,161.0,-35.26
Untreated,2,5,1.9,161.2,-28.38
Untreated,2,5,1.9,161.4,-21.7
Untreated,2,5,1.9,161.6,-15.67
Untreated,2,5,1.9,161.8,-10.62
Untreated,2,5,1.9,162.0,-6.72
Untreated,2,5,1.9,162.2,-4.02
Untreated,2,5,1.9,162.4,-2.46
Untreated,2,5,1.9,162.6,-1.86
Untreated,2,5,1.9,162.8,-2.02
Untreated,2,5,1.9,163.0,-2.72
Untreated,2,5,1.9,163.2,-3.78
Untreated,2,5,1.9,163.4,-5.07
Untreated,2,5,1.9,163.6,-6.51
Untreated,2,5,1.9,163.8,-8.11
Untreated,2,5,1.9,164.0,-9.91
Untreated,2,5,1.9,164.2,-11.98
Untreated,2,5,1.9,164.4,-14.39
Untreated,2,5,1.9,164.6,-17.15
Untreated,2,5,1.9,164.8,-20.21
Untreated,2,5,1.9,165.0,-23.45
Untreated,2,5,1.9,165.2,-26.68
Untreated,2,5,1.9,165.4,-29.63
Untreated,2,5,1.9,165.6,-32.02
Untreated,2,5,1.9,165.8,-33.54
Untreated,2,5,1.9,166.0,-33.97
Untreated,2,5,1.9,166.2,-33.14
Untreated,2,5,1.9,166.4,-31.01
Untreated,2,5,1.9,166.6,-27.69
Untreated,2,5,1.9,166.8,-23.4
Untreated,2,5,1.9,167.0,-18.48
Untreated,2,5,1.9,167.2,-13.38
Untreated,2,5,1.9,167.4,-8.57
Untreated,2,5,1.9,167.6,-4.52
Untreated,2,5,1.9,167.8,-1.63
Untreated,2,5,1.9,168.0,-0.22
Untreated,2,5,1.9,168.2,-0.42
Untreated,2,5,1.9,168.4,-2.25
Untreated,2,5,1.9,168.6,-5.54
Untreated,2,5,1.9,168.8,-9.99
Untreated,2,5,1.9,169.0,-15.22
Untreated,2,5,1.9,169.2,-20.77
Untreated,2,5,1.9,169.4,-26.19
Untreated,2,5,1.9,169.6,-31.07
Untreated,2,5,1.9,169.8,-35.1
Untreated,2,5,1.9,170.0,-38.07
Untreated,2,5,1.9,170.2,-39.9
Untreated,2,5,1.9,170.4,-40.63
Untreated,2,5,1.9,170.6,-40.4
Untreated,2,5,1.9,170.8,-39.41
Untreated,2,5,1.9,171.0,-37.88
Untreated,2,5,1.9,171.2,-36.02
Untreated,2,5,1.9,171.4,-33.99
Untreated,2,5,1.9,171.6,-31.89
Untreated,2,5,1.9,171.8,-29.74
Untreated,2,5,1.9,172.0,-27.47
Untreated,2,5,1.9,172.2,-24.99
Untreated,2,5,1.9,172.4,-22.18
Untreated,2,5,1.9,172.6,-18.93
Untreated,2,5,1.9,172.8,-15.19
Untreated,2,5,1.9,173.0,-10.99
Untreated,2,5,1.9,173.2,-6.44
Untreated,2,5,1.9,173.4,-1.76
Untreated,2,5,1.9,173.6,2.77
Untreated,2,5,1.9,173.8,6.81
Untreated,2,5,1.9,174.0,10.03
Untreated,2,5,1.9,174.2,12.12
Untreated,2,5,1.9,174.4,12.88
Untreated,2,5,1.9,174.6,12.21
Untreated,2,5,1.9,174.8,10.17
Untreated,2,5,1.9,175.0,6.93
Untreated,2,5,1.9,175.2,2.83
Untreated,2,5,1.9,175.4,-1.73
Untreated,2,5,1.9,175.6,-6.29
Untreated,2,5,1.9,175.8,-10.38
Untreated,2,5,1.9,176.0,-13.64
Untreated,2,5,1.9,176.2,-15.78
Untreated,2,5,1.9,176.4,-16.71
Untreated,2,5,1.9,176.6,-16.46
Untreated,2,5,1.9,176.8,-15.25
Untreated,2,5,1.9,177.0,-13.43
Untreated,2,5,1.9,177.2,-11.44
Untreated,2,5,1.9,177.4,-9.75
Untreated,2,5,1.9,177.6,-8.79
Untreated,2,5,1.9,177.8,-8.9
Untreated,2,5,1.9,178.0,-10.3
Untreated,2,5,1.9,178.2,-13.01
Untreated,2,5,1.9,178.4,-16.89
Untreated,2,5,1.9,178.6,-21.63
Untreated,2,5,1.9,178.8,-26.81
Untreated,2,5,1.9,179.0,-31.94
Untreated,2,5,1.9,179.2,-36.52
Untreated,2,5,1.9,179.4,-40.11
Untreated,2,5,1.9,179.6,-42.41
Untreated,2,5,1.9,179.8,-43.28
Untreated,2,5,1.9,180.0,-42.74
Untreated,2,5,1.9,180.2,-41.0
Untreated,2,5,1.9,180.4,-38.43
Untreated,2,5,1.9,180.6,-35.48
Untreated,2,5,1.9,180.8,-32.62
Untreated,2,5,1.9,181.0,-30.3
Untreated,2,5,1.9,181.2,-28.85
Untreated,2,5,1.9,181.4,-28.46
Untreated,2,5,1.9,181.6,-29.12
Untreated,2,5,1.9,181.8,-30.62
Untreated,2,5,1.9,182.0,-32.59
Untreated,2,5,1.9,182.2,-34.53
Untreated,2,5,1.9,182.4,-35.87
Untreated,2,5,1.9,182.6,-36.07
Untreated,2,5,1.9,182.8,-34.66
Untreated,2,5,1.9,183.0,-31.35
Untreated,2,5,1.9,183.2,-26.03
Untreated,2,5,1.9,183.4,-18.83
Untreated,2,5,1.9,183.6,-10.11
Untreated,2,5,1.9,183.8,-0.39
Untreated,2,5,1.9,184.0,9.67
Untreated,2,5,1.9,184.2,19.35
Untreated,2,5,1.9,184.4,27.97
Untreated,2,5,1.9,184.6,34.96
Untreated,2,5,1.9,184.8,39.94
Untreated,2,5,1.9,185.0,42.73
Untreated,2,5,1.9,185.2,43.42
Untreated,2,5,1.9,185.4,42.29
Untreated,2,5,1.9,185.6,39.85
Untreated,2,5,1.9,185.8,36.69
Untreated,2,5,1.9,186.0,33.47
Untreated,2,5,1.9,186.2,30.77
Untreated,2,5,1.9,186.4,29.09
Untreated,2,5,1.9,186.6,28.7
Untreated,2,5,1.9,186.8,29.7
Untreated,2,5,1.9,187.0,31.9
Untreated,2,5,1.9,187.2,34.95
Untreated,2,5,1.9,187.4,38.3
Untreated,2,5,1.9,187.6,41.32
Untreated,2,5,1.9,187.8,43.37
Untreated,2,5,1.9,188.0,43.87
Untreated,2,5,1.9,188.2,42.38
Untreated,2,5,1.9,188.4,38.67
Untreated,2,5,1.9,188.6,32.75
Untreated,2,5,1.9,188.8,24.85
Untreated,2,5,1.9,189.0,15.42
Untreated,2,5,1.9,189.2,5.09
Untreated,2,5,1.9,189.4,-5.43
Untreated,2,5,1.9,189.6,-15.4
Untreated,2,5,1.9,189.8,-24.12
Untreated,2,5,1.9,190.0,-31.02
Untreated,2,5,1.9,190.2,-35.71
Untreated,2,5,1.9,190.4,-37.99
Untreated,2,5,1.9,190.6,-37.88
Untreated,2,5,1.9,190.8,-35.58
Untreated,2,5,1.9,191.0,-31.45
Untreated,2,5,1.9,191.2,-25.96
Untreated,2,5,1.9,191.4,-19.64
Untreated,2,5,1.9,191.6,-13.01
Untreated,2,5,1.9,191.8,-6.52
Untreated,2,5,1.9,192.0,-0.56
Untreated,2,5,1.9,192.2,4.61
Untreated,2,5,1.9,192.4,8.82
Untreated,2,5,1.9,192.6,12.0
Untreated,2,5,1.9,192.8,14.17
Untreated,2,5,1.9,193.0,15.4
Untreated,2,5,1.9,193.2,15.78
Untreated,2,5,1.9,193.4,15.43
Untreated,2,5,1.9,193.6,14.43
Untreated,2,5,1.9,193.8,12.87
Untreated,2,5,1.9,194.0,10.86
Untreated,2,5,1.9,194.2,8.48
Untreated,2,5,1.9,194.4,5.86
Untreated,2,5,1.9,194.6,3.16
Untreated,2,5,1.9,194.8,0.6
Untreated,2,5,1.9,195.0,-1.6
Untreated,2,5,1.9,195.2,-3.15
Untreated,2,5,1.9,195.4,-3.79
Untreated,2,5,1.9,195.6,-3.29
Untreated,2,5,1.9,195.8,-1.51
Untreated,2,5,1.9,196.0,1.58
Untreated,2,5,1.9,196.2,5.86
Untreated,2,5,1.9,196.4,11.05
Untreated,2,5,1.9,196.6,16.71
Untreated,2,5,1.9,196.8,22.26
Untreated,2,5,1.9,197.0,27.05
Untreated,2,5,1.9,197.2,30.41
Untreated,2,5,1.9,197.4,31.72
Untreated,2,5,1.9,197.6,30.52
Untreated,2,5,1.9,197.8,26.53
Untreated,2,5,1.9,198.0,19.76
Untreated,2,5,1.9,198.2,10.51
Untreated,2,5,1.9,198.4,-0.64
Untreated,2,5,1.9,198.6,-12.86
Untreated,2,5,1.9,198.8,-25.11
Untreated,2,5,1.9,199.0,-36.28
Untreated,2,5,1.9,199.2,-45.3
Untreated,2,5,1.9,199.4,-51.2
Untreated,2,5,1.9,199.6,-53.29
Untreated,2,5,1.9,199.8,-51.18
Untreated,2,5,1.9,200.0,-44.9
Untreated,2,5,1.9,200.2,-34.85
Untreated,2,5,1.9,200.4,-21.79
Untreated,2,5,1.9,200.6,-6.81
Untreated,2,5,1.9,200.8,8.84
Untreated,2,5,1.9,201.0,23.85
Untreated,2,5,1.9,201.2,36.95
Untreated,2,5,1.9,201.4,47.1
Untreated,2,5,1.9,201.6,53.57
Untreated,2,5,1.9,201.8,56.02
Untreated,2,5,1.9,202.0,54.51
Untreated,2,5,1.9,202.2,49.52
Untreated,2,5,1.9,202.4,41.88
Untreated,2,5,1.9,202.6,32.66
Untreated,2,5,1.9,202.8,23.05
Untreated,2,5,1.9,203.0,14.25
Untreated,2,5,1.9,203.2,7.28
Untreated,2,5,1.9,203.4,2.93
Untreated,2,5,1.9,203.6,1.62
Untreated,2,5,1.9,203.8,3.41
Untreated,2,5,1.9,204.0,7.95
Untreated,2,5,1.9,204.2,14.58
Untreated,2,5,1.9,204.4,22.38
Untreated,2,5,1.9,204.6,30.32
Untreated,2,5,1.9,204.8,37.34
Untreated,2,5,1.9,205.0,42.53
Untreated,2,5,1.9,205.2,45.21
Untreated,2,5,1.9,205.4,44.99
Untreated,2,5,1.9,205.6,41.87
Untreated,2,5,1.9,205.8,36.18
Untreated,2,5,1.9,206.0,28.56
Untreated,2,5,1.9,206.2,19.87
Untreated,2,5,1.9,206.4,11.1
Untreated,2,5,1.9,206.6,3.22
Untreated,2,5,1.9,206.8,-2.9
Untreated,2,5,1.9,207.0,-6.65
Untreated,2,5,1.9,207.2,-7.69
Untreated,2,5,1.9,207.4,-6.03
Untreated,2,5,1.9,207.6,-2.01
Untreated,2,5,1.9,207.8,3.74
Untreated,2,5,1.9,208.0,10.39
Untreated,2,5,1.9,208.2,16.97
Untreated,2,5,1.9,208.4,22.55
Untreated,2,5,1.9,208.6,26.31
Untreated,2,5,1.9,208.8,27.66
Untreated,2,5,1.9,209.0,26.27
Untreated,2,5,1.9,209.2,22.19
Untreated,2,5,1.9,209.4,15.76
Untreated,2,5,1.9,209.6,7.64
Untreated,2,5,1.9,209.8,-1.32
Untreated,2,5,1.9,210.0,-10.13
Untreated,2,5,1.9,210.2,-17.79
Untreated,2,5,1.9,210.4,-23.4
Untreated,2,5,1.9,210.6,-26.27
Untreated,2,5,1.9,210.8,-26.0
Untreated,2,5,1.9,211.0,-22.49
Untreated,2,5,1.9,211.2,-16.0
Untreated,2,5,1.9,211.4,-7.08
Untreated,2,5,1.9,211.6,3.44
Untreated,2,5,1.9,211.8,14.59
Untreated,2,5,1.9,212.0,25.3
Untreated,2,5,1.9,212.2,34.57
Untreated,2,5,1.9,212.4,41.53
Untreated,2,5,1.9,212.6,45.52
Untreated,2,5,1.9,212.8,46.2
Untreated,2,5,1.9,213.0,43.52
Untreated,2,5,1.9,213.2,37.77
Untreated,2,5,1.9,213.4,29.52
Untreated,2,5,1.9,213.6,19.56
Untreated,2,5,1.9,213.8,8.86
Untreated,2,5,1.9,214.0,-1.58
Untreated,2,5,1.9,214.2,-10.78
Untreated,2,5,1.9,214.4,-17.9
Untreated,2,5,1.9,214.6,-22.27
Untreated,2,5,1.9,214.8,-23.52
Untreated,2,5,1.9,215.0,-21.52
Untreated,2,5,1.9,215.2,-16.47
Untreated,2,5,1.9,215.4,-8.82
Untreated,2,5,1.9,215.6,0.76
Untreated,2,5,1.9,215.8,11.41
Untreated,2,5,1.9,216.0,22.22
Untreated,2,5,1.9,216.2,32.24
Untreated,2,5,1.9,216.4,40.6
Untreated,2,5,1.9,216.6,46.59
Untreated,2,5,1.9,216.8,49.68
Untreated,2,5,1.9,217.0,49.61
Untreated,2,5,1.9,217.2,46.35
Untreated,2,5,1.9,217.4,40.18
Untreated,2,5,1.9,217.6,31.58
Untreated,2,5,1.9,217.8,21.24
Untreated,2,5,1.9,218.0,10.01
Untreated,2,5,1.9,218.2,-1.21
Untreated,2,5,1.9,218.4,-11.51
Untreated,2,5,1.9,218.6,-20.06
Untreated,2,5,1.9,218.8,-26.17
Untreated,2,5,1.9,219.0,-29.37
Untreated,2,5,1.9,219.2,-29.42
Untreated,2,5,1.9,219.4,-26.35
Untreated,2,5,1.9,219.6,-20.46
Untreated,2,5,1.9,219.8,-12.3
Untreated,2,5,1.9,220.0,-2.59
Untreated,2,5,1.9,220.2,7.79
Untreated,2,5,1.9,220.4,17.92
Untreated,2,5,1.9,220.6,26.88
Untreated,2,5,1.9,220.8,33.88
Untreated,2,5,1.9,221.0,38.29
Untreated,2,5,1.9,221.2,39.71
Untreated,2,5,1.9,221.4,38.02
Untreated,2,5,1.9,221.6,33.4
Untreated,2,5,1.9,221.8,26.28
Untreated,2,5,1.9,222.0,17.34
Untreated,2,5,1.9,222.2,7.43
Untreated,2,5,1.9,222.4,-2.52
Untreated,2,5,1.9,222.6,-11.56
Untreated,2,5,1.9,222.8,-18.84
Untreated,2,5,1.9,223.0,-23.65
Untreated,2,5,1.9,223.2,-25.54
Untreated,2,5,1.9,223.4,-24.33
Untreated,2,5,1.9,223.6,-20.15
Untreated,2,5,1.9,223.8,-13.39
Untreated,2,5,1.9,224.0,-4.72
Untreated,2,5,1.9,224.2,5.04
Untreated,2,5,1.9,224.4,14.97
Untreated,2,5,1.9,224.6,24.12
Untreated,2,5,1.9,224.8,31.65
Untreated,2,5,1.9,225.0,36.89
Untreated,2,5,1.9,225.2,39.42
Untreated,2,5,1.9,225.4,39.09
Untreated,2,5,1.9,225.6,36.03
Untreated,2,5,1.9,225.8,30.69
Untreated,2,5,1.9,226.0,23.7
Untreated,2,5,1.9,226.2,15.88
Untreated,2,5,1.9,226.4,8.12
Untreated,2,5,1.9,226.6,1.27
Untreated,2,5,1.9,226.8,-3.92
Untreated,2,5,1.9,227.0,-6.9
Untreated,2,5,1.9,227.2,-7.37
Untreated,2,5,1.9,227.4,-5.32
Untreated,2,5,1.9,227.6,-1.02
Untreated,2,5,1.9,227.8,5.02
Untreated,2,5,1.9,228.0,12.07
Untreated,2,5,1.9,228.2,19.29
Untreated,2,5,1.9,228.4,25.81
Untreated,2,5,1.9,228.6,30.83
Untreated,2,5,1.9,228.8,33.69
Untreated,2,5,1.9,229.0,33.97
Untreated,2,5,1.9,229.2,31.5
Untreated,2,5,1.9,229.4,26.4
Untreated,2,5,1.9,229.6,19.1
Untreated,2,5,1.9,229.8,10.22
Untreated,2,5,1.9,230.0,0.56
Untreated,2,5,1.9,230.2,-8.96
Untreated,2,5,1.9,230.4,-17.47
Untreated,2,5,1.9,230.6,-24.18
Untreated,2,5,1.9,230.8,-28.48
Untreated,2,5,1.9,231.0,-30.0
Untreated,2,5,1.9,231.2,-28.64
Untreated,2,5,1.9,231.4,-24.6
Untreated,2,5,1.9,231.6,-18.34
Untreated,2,5,1.9,231.8,-10.51
Untreated,2,5,1.9,232.0,-1.93
Untreated,2,5,1.9,232.2,6.54
Untreated,2,5,1.9,232.4,14.08
Untreated,2,5,1.9,232.6,19.99
Untreated,2,5,1.9,232.8,23.75
Untreated,2,5,1.9,233.0,25.11
Untreated,2,5,1.9,233.2,24.09
Untreated,2,5,1.9,233.4,20.96
Untreated,2,5,1.9,233.6,16.26
Untreated,2,5,1.9,233.8,10.68
Untreated,2,5,1.9,234.0,5.04
Untreated,2,5,1.9,234.2,0.15
Untreated,2,5,1.9,234.4,-3.24
Untreated,2,5,1.9,234.6,-4.51
Untreated,2,5,1.9,234.8,-3.31
Untreated,2,5,1.9,235.0,0.48
Untreated,2,5,1.9,235.2,6.68
Untreated,2,5,1.9,235.4,14.84
Untreated,2,5,1.9,235.6,24.29
Untreated,2,5,1.9,235.8,34.19
Untreated,2,5,1.9,236.0,43.59
Untreated,2,5,1.9,236.2,51.56
Untreated,2,5,1.9,236.4,57.27
Untreated,2,5,1.9,236.6,60.05
Untreated,2,5,1.9,236.8,59.48
Untreated,2,5,1.9,237.0,55.41
Untreated,2,5,1.9,237.2,48.02
Untreated,2,5,1.9,237.4,37.74
Untreated,2,5,1.9,237.6,25.29
Untreated,2,5,1.9,237.8,11.54
Untreated,2,5,1.9,238.0,-2.49
Untreated,2,5,1.9,238.2,-15.8
Untreated,2,5,1.9,238.4,-27.42
Untreated,2,5,1.9,238.6,-36.54
Untreated,2,5,1.9,238.8,-42.57
Untreated,2,5,1.9,239.0,-45.17
Untreated,2,5,1.9,239.2,-44.3
Untreated,2,5,1.9,239.4,-40.18
Untreated,2,5,1.9,239.6,-33.29
Untreated,2,5,1.9,239.8,-24.34
Untreated,2,5,1.9,240.0,-14.13
Untreated,2,5,1.9,240.2,-3.59
Untreated,2,5,1.9,240.4,6.42
Untreated,2,5,1.9,240.6,15.09
Untreated,2,5,1.9,240.8,21.76
Untreated,2,5,1.9,241.0,25.97
Untreated,2,5,1.9,241.2,27.51
Untreated,2,5,1.9,241.4,26.38
Untreated,2,5,1.9,241.6,22.82
Untreated,2,5,1.9,241.8,17.26
Untreated,2,5,1.9,242.0,10.31
Untreated,2,5,1.9,242.2,2.66
Untreated,2,5,1.9,242.4,-4.95
Untreated,2,5,1.9,242.6,-11.77
Untreated,2,5,1.9,242.8,-17.17
Untreated,2,5,1.9,243.0,-20.61
Untreated,2,5,1.9,243.2,-21.72
Untreated,2,5,1.9,243.4,-20.33
Untreated,2,5,1.9,243.6,-16.46
Untreated,2,5,1.9,243.8,-10.33
Untreated,2,5,1.9,244.0,-2.32
Untreated,2,5,1.9,244.2,7.02
Untreated,2,5,1.9,244.4,17.06
Untreated,2,5,1.9,244.6,27.09
Untreated,2,5,1.9,244.8,36.42
Untreated,2,5,1.9,245.0,44.39
Untreated,2,5,1.9,245.2,50.44
Untreated,2,5,1.9,245.4,54.18
Untreated,2,5,1.9,245.6,55.37
Untreated,2,5,1.9,245.8,53.96
Untreated,2,5,1.9,246.0,50.11
Untreated,2,5,1.9,246.2,44.18
Untreated,2,5,1.9,246.4,36.66
Untreated,2,5,1.9,246.6,28.19
Untreated,2,5,1.9,246.8,19.47
Untreated,2,5,1.9,247.0,11.21
Untreated,2,5,1.9,247.2,4.06
Untreated,2,5,1.9,247.4,-1.44
Untreated,2,5,1.9,247.6,-4.9
Untreated,2,5,1.9,247.8,-6.15
Untreated,2,5,1.9,248.0,-5.22
Untreated,2,5,1.9,248.2,-2.39
Untreated,2,5,1.9,248.4,1.9
Untreated,2,5,1.9,248.6,7.04
Untreated,2,5,1.9,248.8,12.33
Untreated,2,5,1.9,249.0,17.04
Untreated,2,5,1.9,249.2,20.52
Untreated,2,5,1.9,249.4,22.22
Untreated,2,5,1.9,249.6,21.8
Untreated,2,5,1.9,249.8,19.14
Untreated,2,5,1.9,250.0,14.39
Untreated,2,5,1.9,250.2,7.92
Untreated,2,5,1.9,250.4,0.33
Untreated,2,5,1.9,250.6,-7.65
Untreated,2,5,1.9,250.8,-15.2
Untreated,2,5,1.9,251.0,-21.54
Untreated,2,5,1.9,251.2,-25.98
Untreated,2,5,1.9,251.4,-28.04
Untreated,2,5,1.9,251.6,-27.47
Untreated,2,5,1.9,251.8,-24.31
Untreated,2,5,1.9,252.0,-18.9
Untreated,2,5,1.9,252.2,-11.83
Untreated,2,5,1.9,252.4,-3.87
Untreated,2,5,1.9,252.6,4.08
Untreated,2,5,1.9,252.8,11.13
Untreated,2,5,1.9,253.0,16.47
Untreated,2,5,1.9,253.2,19.51
Untreated,2,5,1.9,253.4,19.93
Untreated,2,5,1.9,253.6,17.71
Untreated,2,5,1.9,253.8,13.18
Untreated,2,5,1.9,254.0,6.97
Untreated,2,5,1.9,254.2,-0.06
Untreated,2,5,1.9,254.4,-6.91
Untreated,2,5,1.9,254.6,-12.58
Untreated,2,5,1.9,254.8,-16.15
Untreated,2,5,1.9,255.0,-16.93
Untreated,2,5,1.9,255.2,-14.55
Untreated,2,5,1.9,255.4,-9.0
Untreated,2,5,1.9,255.6,-0.68
Untreated,2,5,1.9,255.8,9.68
Untreated,2,5,1.9,256.0,21.04
Untreated,2,5,1.9,256.2,32.18
Untreated,2,5,1.9,256.4,41.83
Untreated,2,5,1.9,256.6,48.85
Untreated,2,5,1.9,256.8,52.3
Untreated,2,5,1.9,257.0,51.6
Untreated,2,5,1.9,257.2,46.61
Untreated,2,5,1.9,257.4,37.64
Untreated,2,5,1.9,257.6,25.42
Untreated,2,5,1.9,257.8,11.06
Untreated,2,5,1.9,258.0,-4.09
Untreated,2,5,1.9,258.2,-18.57
Untreated,2,5,1.9,258.4,-30.97
Untreated,2,5,1.9,258.6,-40.12
Untreated,2,5,1.9,258.8,-45.16
Untreated,2,5,1.9,259.0,-45.67
Untreated,2,5,1.9,259.2,-41.73
Untreated,2,5,1.9,259.4,-33.89
Untreated,2,5,1.9,259.6,-23.11
Untreated,2,5,1.9,259.8,-10.64
Untreated,2,5,1.9,260.0,2.09
AAV8-RK-PDE6B,3,5,1.9,0.0,-0.88
AAV8-RK-PDE6B,3,5,1.9,0.2,-0.26
AAV8-RK-PDE6B,3,5,1.9,0.4,2.1
AAV8-RK-PDE6B,3,5,1.9,0.6,5.72
AAV8-RK-PDE6B,3,5,1.9,0.8,9.5
AAV8-RK-PDE6B,3,5,1.9,1.0,13.15
AAV8-RK-PDE6B,3,5,1.9,1.2,16.3
AAV8-RK-PDE6B,3,5,1.9,1.4,18.65
AAV8-RK-PDE6B,3,5,1.9,1.6,19.92
AAV8-RK-PDE6B,3,5,1.9,1.8,19.92
AAV8-RK-PDE6B,3,5,1.9,2.0,18.6
AAV8-RK-PDE6B,3,5,1.9,2.2,16.0
AAV8-RK-PDE6B,3,5,1.9,2.4,12.32
AAV8-RK-PDE6B,3,5,1.9,2.6,7.87
AAV8-RK-PDE6B,3,5,1.9,2.8,3.02
AAV8-RK-PDE6B,3,5,1.9,3.0,-0.43
AAV8-RK-PDE6B,3,5,1.9,3.2,-1.47
AAV8-RK-PDE6B,3,5,1.9,3.4,-2.3
AAV8-RK-PDE6B,3,5,1.9,3.6,-2.83
AAV8-RK-PDE6B,3,5,1.9,3.8,-3.03
AAV8-RK-PDE6B,3,5,1.9,4.0,-2.87
AAV8-RK-PDE6B,3,5,1.9,4.2,-2.35
AAV8-RK-PDE6B,3,5,1.9,4.4,-1.54
AAV8-RK-PDE6B,3,5,1.9,4.6,-0.49
AAV8-RK-PDE6B,3,5,1.9,4.8,2.97
AAV8-RK-PDE6B,3,5,1.9,5.0,8.18
AAV8-RK-PDE6B,3,5,1.9,5.2,13.23
AAV8-RK-PDE6B,3,5,1.9,5.4,17.76
AAV8-RK-PDE6B,3,5,1.9,5.6,21.52
AAV8-RK-PDE6B,3,5,1.9,5.8,24.31
AAV8-RK-PDE6B,3,5,1.9,6.0,26.08
AAV8-RK-PDE6B,3,5,1.9,6.2,26.86
AAV8-RK-PDE6B,3,5,1.9,6.4,26.78
AAV8-RK-PDE6B,3,5,1.9,6.6,26.02
AAV8-RK-PDE6B,3,5,1.9,6.8,24.82
AAV8-RK-PDE6B,3,5,1.9,7.0,23.43
AAV8-RK-PDE6B,3,5,1.9,7.2,22.08
AAV8-RK-PDE6B,3,5,1.9,7.4,20.97
AAV8-RK-PDE6B,3,5,1.9,7.6,20.25
AAV8-RK-PDE6B,3,5,1.9,7.8,13.77
AAV8-RK-PDE6B,3,5,1.9,8.0,14.41
AAV8-RK-PDE6B,3,5,1.9,8.2,14.67
AAV8-RK-PDE6B,3,5,1.9,8.4,14.34
AAV8-RK-PDE6B,3,5,1.9,8.6,13.22
AAV8-RK-PDE6B,3,5,1.9,8.8,11.19
AAV8-RK-PDE6B,3,5,1.9,9.0,8.2
AAV8-RK-PDE6B,3,5,1.9,9.2,4.27
AAV8-RK-PDE6B,3,5,1.9,9.4,-0.11
AAV8-RK-PDE6B,3,5,1.9,9.6,-1.38
AAV8-RK-PDE6B,3,5,1.9,9.8,-2.73
AAV8-RK-PDE6B,3,5,1.9,10.0,-4.09
AAV8-RK-PDE6B,3,5,1.9,10.2,-5.37
AAV8-RK-PDE6B,3,5,1.9,10.4,-6.51
AAV8-RK-PDE6B,3,5,1.9,10.6,-7.45
AAV8-RK-PDE6B,3,5,1.9,10.8,-8.14
AAV8-RK-PDE6B,3,5,1.9,11.0,-8.57
AAV8-RK-PDE6B,3,5,1.9,11.2,-8.74
AAV8-RK-PDE6B,3,5,1.9,11.4,-8.68
AAV8-RK-PDE6B,3,5,1.9,11.6,-8.41
AAV8-RK-PDE6B,3,5,1.9,11.8,-8.0
AAV8-RK-PDE6B,3,5,1.9,12.0,-7.5
AAV8-RK-PDE6B,3,5,1.9,12.2,-6.96
AAV8-RK-PDE6B,3,5,1.9,12.4,-6.44
AAV8-RK-PDE6B,3,5,1.9,12.6,-5.97
AAV8-RK-PDE6B,3,5,1.9,12.8,-5.57
AAV8-RK-PDE6B,3,5,1.9,13.0,-5.25
AAV8-RK-PDE6B,3,5,1.9,13.2,-5.0
AAV8-RK-PDE6B,3,5,1.9,13.4,-4.79
AAV8-RK-PDE6B,3,5,1.9,13.6,-4.6
AAV8-RK-PDE6B,3,5,1.9,13.8,-4.38
AAV8-RK-PDE6B,3,5,1.9,14.0,-4.12
AAV8-RK-PDE6B,3,5,1.9,14.2,-3.78
AAV8-RK-PDE6B,3,5,1.9,14.4,-3.35
AAV8-RK-PDE6B,3,5,1.9,14.6,-2.84
AAV8-RK-PDE6B,3,5,1.9,14.8,-2.25
AAV8-RK-PDE6B,3,5,1.9,15.0,-1.61
AAV8-RK-PDE6B,3,5,1.9,15.2,-0.96
AAV8-RK-PDE6B,3,5,1.9,15.4,-0.33
AAV8-RK-PDE6B,3,5,1.9,15.6,0.99
AAV8-RK-PDE6B,3,5,1.9,15.8,2.95
AAV8-RK-PDE6B,3,5,1.9,16.0,4.39
AAV8-RK-PDE6B,3,5,1.9,16.2,5.27
AAV8-RK-PDE6B,3,5,1.9,16.4,5.56
AAV8-RK-PDE6B,3,5,1.9,16.6,5.3
AAV8-RK-PDE6B,3,5,1.9,16.8,4.56
AAV8-RK-PDE6B,3,5,1.9,17.0,3.44
AAV8-RK-PDE6B,3,5,1.9,17.2,2.06
AAV8-RK-PDE6B,3,5,1.9,17.4,0.52
AAV8-RK-PDE6B,3,5,1.9,17.6,-0.26
AAV8-RK-PDE6B,3,5,1.9,17.8,-0.66
AAV8-RK-PDE6B,3,5,1.9,18.0,-1.04
AAV8-RK-PDE6B,3,5,1.9,18.2,-1.43
AAV8-RK-PDE6B,3,5,1.9,18.4,-1.83
AAV8-RK-PDE6B,3,5,1.9,18.6,-2.23
AAV8-RK-PDE6B,3,5,1.9,18.8,-2.67
AAV8-RK-PDE6B,3,5,1.9,19.0,-3.14
AAV8-RK-PDE6B,3,5,1.9,19.2,-3.64
AAV8-RK-PDE6B,3,5,1.9,19.4,-4.16
AAV8-RK-PDE6B,3,5,1.9,19.6,-4.69
AAV8-RK-PDE6B,3,5,1.9,19.8,-5.2
AAV8-RK-PDE6B,3,5,1.9,20.0,-5.64
AAV8-RK-PDE6B,3,5,1.9,20.2,-6.0
AAV8-RK-PDE6B,3,5,1.9,20.4,-6.22
AAV8-RK-PDE6B,3,5,1.9,20.6,-6.27
AAV8-RK-PDE6B,3,5,1.9,20.8,-6.14
AAV8-RK-PDE6B,3,5,1.9,21.0,-5.82
AAV8-RK-PDE6B,3,5,1.9,21.2,-5.31
AAV8-RK-PDE6B,3,5,1.9,21.4,-4.62
AAV8-RK-PDE6B,3,5,1.9,21.6,-3.81
AAV8-RK-PDE6B,3,5,1.9,21.8,-2.91
AAV8-RK-PDE6B,3,5,1.9,22.0,-1.97
AAV8-RK-PDE6B,3,5,1.9,22.2,-1.07
AAV8-RK-PDE6B,3,5,1.9,22.4,-0.24
AAV8-RK-PDE6B,3,5,1.9,22.6,1.89
AAV8-RK-PDE6B,3,5,1.9,22.8,4.12
AAV8-RK-PDE6B,3,5,1.9,23.0,5.58
AAV8-RK-PDE6B,3,5,1.9,23.2,6.25
AAV8-RK-PDE6B,3,5,1.9,23.4,6.15
AAV8-RK-PDE6B,3,5,1.9,23.6,5.39
AAV8-RK-PDE6B,3,5,1.9,23.8,4.07
AAV8-RK-PDE6B,3,5,1.9,24.0,2.36
AAV8-RK-PDE6B,3,5,1.9,24.2,0.4
AAV8-RK-PDE6B,3,5,1.9,24.4,-0.4
AAV8-RK-PDE6B,3,5,1.9,24.6,-0.89
AAV8-RK-PDE6B,3,5,1.9,24.8,-1.35
AAV8-RK-PDE6B,3,5,1.9,25.0,-1.78
AAV8-RK-PDE6B,3,5,1.9,25.2,-2.15
AAV8-RK-PDE6B,3,5,1.9,25.4,-2.47
AAV8-RK-PDE6B,3,5,1.9,25.6,-2.74
AAV8-RK-PDE6B,3,5,1.9,25.8,-2.97
AAV8-RK-PDE6B,3,5,1.9,26.0,-3.15
AAV8-RK-PDE6B,3,5,1.9,26.2,-3.29
AAV8-RK-PDE6B,3,5,1.9,26.4,-3.38
AAV8-RK-PDE6B,3,5,1.9,26.6,-3.4
AAV8-RK-PDE6B,3,5,1.9,26.8,-3.36
AAV8-RK-PDE6B,3,5,1.9,27.0,-3.24
AAV8-RK-PDE6B,3,5,1.9,27.2,-3.02
AAV8-RK-PDE6B,3,5,1.9,27.4,-2.7
AAV8-RK-PDE6B,3,5,1.9,27.6,-2.29
AAV8-RK-PDE6B,3,5,1.9,27.8,-1.78
AAV8-RK-PDE6B,3,5,1.9,28.0,-1.2
AAV8-RK-PDE6B,3,5,1.9,28.2,-0.55
AAV8-RK-PDE6B,3,5,1.9,28.4,0.58
AAV8-RK-PDE6B,3,5,1.9,28.6,3.5
AAV8-RK-PDE6B,3,5,1.9,28.8,6.37
AAV8-RK-PDE6B,3,5,1.9,29.0,9.1
AAV8-RK-PDE6B,3,5,1.9,29.2,11.64
AAV8-RK-PDE6B,3,5,1.9,29.4,13.94
AAV8-RK-PDE6B,3,5,1.9,29.6,16.0
AAV8-RK-PDE6B,3,5,1.9,29.8,17.87
AAV8-RK-PDE6B,3,5,1.9,30.0,19.57
AAV8-RK-PDE6B,3,5,1.9,30.2,21.19
AAV8-RK-PDE6B,3,5,1.9,30.4,22.77
AAV8-RK-PDE6B,3,5,1.9,30.6,24.35
AAV8-RK-PDE6B,3,5,1.9,30.8,25.95
AAV8-RK-PDE6B,3,5,1.9,31.0,27.53
AAV8-RK-PDE6B,3,5,1.9,31.2,29.05
AAV8-RK-PDE6B,3,5,1.9,31.4,30.41
AAV8-RK-PDE6B,3,5,1.9,31.6,31.5
AAV8-RK-PDE6B,3,5,1.9,31.8,32.19
AAV8-RK-PDE6B,3,5,1.9,32.0,32.38
AAV8-RK-PDE6B,3,5,1.9,32.2,31.98
AAV8-RK-PDE6B,3,5,1.9,32.4,30.98
AAV8-RK-PDE6B,3,5,1.9,32.6,29.39
AAV8-RK-PDE6B,3,5,1.9,32.8,27.31
AAV8-RK-PDE6B,3,5,1.9,33.0,24.89
AAV8-RK-PDE6B,3,5,1.9,33.2,22.34
AAV8-RK-PDE6B,3,5,1.9,33.4,19.89
AAV8-RK-PDE6B,3,5,1.9,33.6,17.78
AAV8-RK-PDE6B,3,5,1.9,33.8,16.25
AAV8-RK-PDE6B,3,5,1.9,34.0,15.47
AAV8-RK-PDE6B,3,5,1.9,34.2,15.55
AAV8-RK-PDE6B,3,5,1.9,34.4,16.52
AAV8-RK-PDE6B,3,5,1.9,34.6,18.31
AAV8-RK-PDE6B,3,5,1.9,34.8,20.74
AAV8-RK-PDE6B,3,5,1.9,35.0,23.59
AAV8-RK-PDE6B,3,5,1.9,35.2,26.55
AAV8-RK-PDE6B,3,5,1.9,35.4,29.29
AAV8-RK-PDE6B,3,5,1.9,35.6,31.5
AAV8-RK-PDE6B,3,5,1.9,35.8,32.89
AAV8-RK-PDE6B,3,5,1.9,36.0,33.23
AAV8-RK-PDE6B,3,5,1.9,36.2,32.42
AAV8-RK-PDE6B,3,5,1.9,36.4,30.42
AAV8-RK-PDE6B,3,5,1.9,36.6,27.31
AAV8-RK-PDE6B,3,5,1.9,36.8,23.26
AAV8-RK-PDE6B,3,5,1.9,37.0,18.54
AAV8-RK-PDE6B,3,5,1.9,37.2,13.43
AAV8-RK-PDE6B,3,5,1.9,37.4,8.25
AAV8-RK-PDE6B,3,5,1.9,37.6,3.29
AAV8-RK-PDE6B,3,5,1.9,37.8,-0.29
AAV8-RK-PDE6B,3,5,1.9,38.0,-1.22
AAV8-RK-PDE6B,3,5,1.9,38.2,-1.96
AAV8-RK-PDE6B,3,5,1.9,38.4,-2.53
AAV8-RK-PDE6B,3,5,1.9,38.6,-2.94
AAV8-RK-PDE6B,3,5,1.9,38.8,-3.21
AAV8-RK-PDE6B,3,5,1.9,39.0,-3.39
AAV8-RK-PDE6B,3,5,1.9,39.2,-3.51
AAV8-RK-PDE6B,3,5,1.9,39.4,-3.62
AAV8-RK-PDE6B,3,5,1.9,39.6,-3.74
AAV8-RK-PDE6B,3,5,1.9,39.8,-3.87
AAV8-RK-PDE6B,3,5,1.9,40.0,-4.01
AAV8-RK-PDE6B,3,5,1.9,40.2,-4.14
AAV8-RK-PDE6B,3,5,1.9,40.4,-4.21
AAV8-RK-PDE6B,3,5,1.9,40.6,-4.2
AAV8-RK-PDE6B,3,5,1.9,40.8,-4.04
AAV8-RK-PDE6B,3,5,1.9,41.0,-3.71
AAV8-RK-PDE6B,3,5,1.9,41.2,-3.18
AAV8-RK-PDE6B,3,5,1.9,41.4,-2.43
AAV8-RK-PDE6B,3,5,1.9,41.6,-1.47
AAV8-RK-PDE6B,3,5,1.9,41.8,-0.35
AAV8-RK-PDE6B,3,5,1.9,42.0,3.75
AAV8-RK-PDE6B,3,5,1.9,42.2,9.17
AAV8-RK-PDE6B,3,5,1.9,42.4,14.49
AAV8-RK-PDE6B,3,5,1.9,42.6,19.42
AAV8-RK-PDE6B,3,5,1.9,42.8,23.65
AAV8-RK-PDE6B,3,5,1.9,43.0,26.94
AAV8-RK-PDE6B,3,5,1.9,43.2,29.16
AAV8-RK-PDE6B,3,5,1.9,43.4,30.23
AAV8-RK-PDE6B,3,5,1.9,43.6,30.23
AAV8-RK-PDE6B,3,5,1.9,43.8,29.28
AAV8-RK-PDE6B,3,5,1.9,44.0,27.63
AAV8-RK-PDE6B,3,5,1.9,44.2,25.55
AAV8-RK-PDE6B,3,5,1.9,44.4,23.35
AAV8-RK-PDE6B,3,5,1.9,44.6,21.35
AAV8-RK-PDE6B,3,5,1.9,44.8,19.8
AAV8-RK-PDE6B,3,5,1.9,45.0,18.9
AAV8-RK-PDE6B,3,5,1.9,45.2,18.78
AAV8-RK-PDE6B,3,5,1.9,45.4,19.45
AAV8-RK-PDE6B,3,5,1.9,45.6,20.85
AAV8-RK-PDE6B,3,5,1.9,45.8,22.84
AAV8-RK-PDE6B,3,5,1.9,46.0,25.2
AAV8-RK-PDE6B,3,5,1.9,46.2,27.68
AAV8-RK-PDE6B,3,5,1.9,46.4,30.04
AAV8-RK-PDE6B,3,5,1.9,46.6,32.02
AAV8-RK-PDE6B,3,5,1.9,46.8,33.43
AAV8-RK-PDE6B,3,5,1.9,47.0,34.12
AAV8-RK-PDE6B,3,5,1.9,47.2,34.02
AAV8-RK-PDE6B,3,5,1.9,47.4,33.13
AAV8-RK-PDE6B,3,5,1.9,47.6,31.52
AAV8-RK-PDE6B,3,5,1.9,47.8,-3.23
AAV8-RK-PDE6B,3,5,1.9,48.0,-2.6
AAV8-RK-PDE6B,3,5,1.9,48.2,-1.98
AAV8-RK-PDE6B,3,5,1.9,48.4,-1.41
AAV8-RK-PDE6B,3,5,1.9,48.6,-0.88
AAV8-RK-PDE6B,3,5,1.9,48.8,-0.41
AAV8-RK-PDE6B,3,5,1.9,49.0,0.02
AAV8-RK-PDE6B,3,5,1.9,49.2,1.6
AAV8-RK-PDE6B,3,5,1.9,49.4,3.03
AAV8-RK-PDE6B,3,5,1.9,49.6,4.38
AAV8-RK-PDE6B,3,5,1.9,49.8,5.69
AAV8-RK-PDE6B,3,5,1.9,50.0,6.97
AAV8-RK-PDE6B,3,5,1.9,50.2,8.24
AAV8-RK-PDE6B,3,5,1.9,50.4,9.47
AAV8-RK-PDE6B,3,5,1.9,50.6,10.63
AAV8-RK-PDE6B,3,5,1.9,50.8,11.65
AAV8-RK-PDE6B,3,5,1.9,51.0,12.46
AAV8-RK-PDE6B,3,5,1.9,51.2,12.98
AAV8-RK-PDE6B,3,5,1.9,51.4,13.15
AAV8-RK-PDE6B,3,5,1.9,51.6,12.91
AAV8-RK-PDE6B,3,5,1.9,51.8,12.21
AAV8-RK-PDE6B,3,5,1.9,52.0,11.05
AAV8-RK-PDE6B,3,5,1.9,52.2,9.44
AAV8-RK-PDE6B,3,5,1.9,52.4,7.44
AAV8-RK-PDE6B,3,5,1.9,52.6,5.12
AAV8-RK-PDE6B,3,5,1.9,52.8,2.58
AAV8-RK-PDE6B,3,5,1.9,53.0,-0.01
AAV8-RK-PDE6B,3,5,1.9,53.2,-0.63
AAV8-RK-PDE6B,3,5,1.9,53.4,-1.2
AAV8-RK-PDE6B,3,5,1.9,53.6,-1.7
AAV8-RK-PDE6B,3,5,1.9,53.8,-2.1
AAV8-RK-PDE6B,3,5,1.9,54.0,-2.37
AAV8-RK-PDE6B,3,5,1.9,54.2,-2.5
AAV8-RK-PDE6B,3,5,1.9,54.4,-2.48
AAV8-RK-PDE6B,3,5,1.9,54.6,-2.31
AAV8-RK-PDE6B,3,5,1.9,54.8,-2.0
AAV8-RK-PDE6B,3,5,1.9,55.0,-1.57
AAV8-RK-PDE6B,3,5,1.9,55.2,-1.05
AAV8-RK-PDE6B,3,5,1.9,55.4,-0.47
AAV8-RK-PDE6B,3,5,1.9,55.6,0.54
AAV8-RK-PDE6B,3,5,1.9,55.8,2.92
AAV8-RK-PDE6B,3,5,1.9,56.0,5.01
AAV8-RK-PDE6B,3,5,1.9,56.2,6.63
AAV8-RK-PDE6B,3,5,1.9,56.4,7.62
AAV8-RK-PDE6B,3,5,1.9,56.6,7.86
AAV8-RK-PDE6B,3,5,1.9,56.8,7.28
AAV8-RK-PDE6B,3,5,1.9,57.0,5.85
AAV8-RK-PDE6B,3,5,1.9,57.2,3.62
AAV8-RK-PDE6B,3,5,1.9,57.4,0.67
AAV8-RK-PDE6B,3,5,1.9,57.6,-0.69
AAV8-RK-PDE6B,3,5,1.9,57.8,-1.62
AAV8-RK-PDE6B,3,5,1.9,58.0,-2.6
AAV8-RK-PDE6B,3,5,1.9,58.2,-3.57
AAV8-RK-PDE6B,3,5,1.9,58.4,-4.48
AAV8-RK-PDE6B,3,5,1.9,58.6,-5.27
AAV8-RK-PDE6B,3,5,1.9,58.8,-5.93
AAV8-RK-PDE6B,3,5,1.9,59.0,-6.43
AAV8-RK-PDE6B,3,5,1.9,59.2,-6.77
AAV8-RK-PDE6B,3,5,1.9,59.4,-6.97
AAV8-RK-PDE6B,3,5,1.9,59.6,-7.05
AAV8-RK-PDE6B,3,5,1.9,59.8,-7.07
AAV8-RK-PDE6B,3,5,1.9,60.0,-7.05
AAV8-RK-PDE6B,3,5,1.9,60.2,-7.07
AAV8-RK-PDE6B,3,5,1.9,60.4,-7.16
AAV8-RK-PDE6B,3,5,1.9,60.6,-7.36
AAV8-RK-PDE6B,3,5,1.9,60.8,-7.71
AAV8-RK-PDE6B,3,5,1.9,61.0,-8.2
AAV8-RK-PDE6B,3,5,1.9,61.2,-8.84
AAV8-RK-PDE6B,3,5,1.9,61.4,-9.6
AAV8-RK-PDE6B,3,5,1.9,61.6,-10.45
AAV8-RK-PDE6B,3,5,1.9,61.8,-11.35
AAV8-RK-PDE6B,3,5,1.9,62.0,-12.24
AAV8-RK-PDE6B,3,5,1.9,62.2,-13.09
AAV8-RK-PDE6B,3,5,1.9,62.4,-13.87
AAV8-RK-PDE6B,3,5,1.9,62.6,-14.54
AAV8-RK-PDE6B,3,5,1.9,62.8,-15.09
AAV8-RK-PDE6B,3,5,1.9,63.0,-15.53
AAV8-RK-PDE6B,3,5,1.9,63.2,-15.88
AAV8-RK-PDE6B,3,5,1.9,63.4,-16.16
AAV8-RK-PDE6B,3,5,1.9,63.6,-16.41
AAV8-RK-PDE6B,3,5,1.9,63.8,-16.67
AAV8-RK-PDE6B,3,5,1.9,64.0,-16.96
AAV8-RK-PDE6B,3,5,1.9,64.2,-17.3
AAV8-RK-PDE6B,3,5,1.9,64.4,-17.71
AAV8-RK-PDE6B,3,5,1.9,64.6,-18.18
AAV8-RK-PDE6B,3,5,1.9,64.8,-18.68
AAV8-RK-PDE6B,3,5,1.9,65.0,-19.18
AAV8-RK-PDE6B,3,5,1.9,65.2,-19.65
AAV8-RK-PDE6B,3,5,1.9,65.4,-20.03
AAV8-RK-PDE6B,3,5,1.9,65.6,-20.28
AAV8-RK-PDE6B,3,5,1.9,65.8,-20.36
AAV8-RK-PDE6B,3,5,1.9,66.0,-20.27
AAV8-RK-PDE6B,3,5,1.9,66.2,-19.98
AAV8-RK-PDE6B,3,5,1.9,66.4,-19.51
AAV8-RK-PDE6B,3,5,1.9,66.6,-18.89
AAV8-RK-PDE6B,3,5,1.9,66.8,-18.15
AAV8-RK-PDE6B,3,5,1.9,67.0,-17.35
AAV8-RK-PDE6B,3,5,1.9,67.2,-16.52
AAV8-RK-PDE6B,3,5,1.9,67.4,-15.73
AAV8-RK-PDE6B,3,5,1.9,67.6,-15.01
AAV8-RK-PDE6B,3,5,1.9,67.8,-14.38
AAV8-RK-PDE6B,3,5,1.9,68.0,-13.86
AAV8-RK-PDE6B,3,5,1.9,68.2,-13.44
AAV8-RK-PDE6B,3,5,1.9,68.4,-13.11
AAV8-RK-PDE6B,3,5,1.9,68.6,-12.83
AAV8-RK-PDE6B,3,5,1.9,68.8,-12.59
AAV8-RK-PDE6B,3,5,1.9,69.0,-12.35
AAV8-RK-PDE6B,3,5,1.9,69.2,-12.09
AAV8-RK-PDE6B,3,5,1.9,69.4,-11.8
AAV8-RK-PDE6B,3,5,1.9,69.6,-11.48
AAV8-RK-PDE6B,3,5,1.9,69.8,-11.14
AAV8-RK-PDE6B,3,5,1.9,70.0,-10.82
AAV8-RK-PDE6B,3,5,1.9,70.2,-10.54
AAV8-RK-PDE6B,3,5,1.9,70.4,-10.35
AAV8-RK-PDE6B,3,5,1.9,70.6,-10.28
AAV8-RK-PDE6B,3,5,1.9,70.8,-10.35
AAV8-RK-PDE6B,3,5,1.9,71.0,-10.57
AAV8-RK-PDE6B,3,5,1.9,71.2,-10.93
AAV8-RK-PDE6B,3,5,1.9,71.4,-11.4
AAV8-RK-PDE6B,3,5,1.9,71.6,-11.93
AAV8-RK-PDE6B,3,5,1.9,71.8,-12.45
AAV8-RK-PDE6B,3,5,1.9,72.0,-12.89
AAV8-RK-PDE6B,3,5,1.9,72.2,-13.18
AAV8-RK-PDE6B,3,5,1.9,72.4,-13.25
AAV8-RK-PDE6B,3,5,1.9,72.6,-13.07
AAV8-RK-PDE6B,3,5,1.9,72.8,-12.6
AAV8-RK-PDE6B,3,5,1.9,73.0,-11.84
AAV8-RK-PDE6B,3,5,1.9,73.2,-10.83
AAV8-RK-PDE6B,3,5,1.9,73.4,-9.61
AAV8-RK-PDE6B,3,5,1.9,73.6,-8.26
AAV8-RK-PDE6B,3,5,1.9,73.8,-6.87
AAV8-RK-PDE6B,3,5,1.9,74.0,-5.52
AAV8-RK-PDE6B,3,5,1.9,74.2,-4.29
AAV8-RK-PDE6B,3,5,1.9,74.4,-3.24
AAV8-RK-PDE6B,3,5,1.9,74.6,-2.4
AAV8-RK-PDE6B,3,5,1.9,74.8,-1.78
AAV8-RK-PDE6B,3,5,1.9,75.0,-1.36
AAV8-RK-PDE6B,3,5,1.9,75.2,-1.1
AAV8-RK-PDE6B,3,5,1.9,75.4,-0.91
AAV8-RK-PDE6B,3,5,1.9,75.6,-0.73
AAV8-RK-PDE6B,3,5,1.9,75.8,-0.46
AAV8-RK-PDE6B,3,5,1.9,76.0,-0.04
AAV8-RK-PDE6B,3,5,1.9,76.2,2.49
AAV8-RK-PDE6B,3,5,1.9,76.4,6.12
AAV8-RK-PDE6B,3,5,1.9,76.6,10.74
AAV8-RK-PDE6B,3,5,1.9,76.8,16.18
AAV8-RK-PDE6B,3,5,1.9,77.0,22.2
AAV8-RK-PDE6B,3,5,1.9,77.2,28.43
AAV8-RK-PDE6B,3,5,1.9,77.4,34.46
AAV8-RK-PDE6B,3,5,1.9,77.6,39.86
AAV8-RK-PDE6B,3,5,1.9,77.8,44.25
AAV8-RK-PDE6B,3,5,1.9,78.0,47.33
AAV8-RK-PDE6B,3,5,1.9,78.2,48.9
AAV8-RK-PDE6B,3,5,1.9,78.4,48.91
AAV8-RK-PDE6B,3,5,1.9,78.6,47.44
AAV8-RK-PDE6B,3,5,1.9,78.8,44.7
AAV8-RK-PDE6B,3,5,1.9,79.0,41.01
AAV8-RK-PDE6B,3,5,1.9,79.2,36.75
AAV8-RK-PDE6B,3,5,1.9,79.4,32.34
AAV8-RK-PDE6B,3,5,1.9,79.6,28.17
AAV8-RK-PDE6B,3,5,1.9,79.8,24.58
AAV8-RK-PDE6B,3,5,1.9,80.0,21.81
AAV8-RK-PDE6B,3,5,1.9,80.2,20.01
AAV8-RK-PDE6B,3,5,1.9,80.4,19.19
AAV8-RK-PDE6B,3,5,1.9,80.6,19.26
AAV8-RK-PDE6B,3,5,1.9,80.8,20.05
AAV8-RK-PDE6B,3,5,1.9,81.0,21.31
AAV8-RK-PDE6B,3,5,1.9,81.2,22.77
AAV8-RK-PDE6B,3,5,1.9,81.4,24.17
AAV8-RK-PDE6B,3,5,1.9,81.6,25.29
AAV8-RK-PDE6B,3,5,1.9,81.8,26.0
AAV8-RK-PDE6B,3,5,1.9,82.0,26.23
AAV8-RK-PDE6B,3,5,1.9,82.2,26.0
AAV8-RK-PDE6B,3,5,1.9,82.4,25.43
AAV8-RK-PDE6B,3,5,1.9,82.6,24.68
AAV8-RK-PDE6B,3,5,1.9,82.8,23.97
AAV8-RK-PDE6B,3,5,1.9,83.0,23.51
AAV8-RK-PDE6B,3,5,1.9,83.2,23.5
AAV8-RK-PDE6B,3,5,1.9,83.4,24.08
AAV8-RK-PDE6B,3,5,1.9,83.6,25.34
AAV8-RK-PDE6B,3,5,1.9,83.8,27.29
AAV8-RK-PDE6B,3,5,1.9,84.0,29.86
AAV8-RK-PDE6B,3,5,1.9,84.2,32.9
AAV8-RK-PDE6B,3,5,1.9,84.4,36.23
AAV8-RK-PDE6B,3,5,1.9,84.6,39.62
AAV8-RK-PDE6B,3,5,1.9,84.8,42.84
AAV8-RK-PDE6B,3,5,1.9,85.0,45.69
AAV8-RK-PDE6B,3,5,1.9,85.2,48.01
AAV8-RK-PDE6B,3,5,1.9,85.4,49.66
AAV8-RK-PDE6B,3,5,1.9,85.6,50.61
AAV8-RK-PDE6B,3,5,1.9,85.8,50.85
AAV8-RK-PDE6B,3,5,1.9,86.0,50.46
AAV8-RK-PDE6B,3,5,1.9,86.2,49.53
AAV8-RK-PDE6B,3,5,1.9,86.4,48.2
AAV8-RK-PDE6B,3,5,1.9,86.6,46.61
AAV8-RK-PDE6B,3,5,1.9,86.8,44.89
AAV8-RK-PDE6B,3,5,1.9,87.0,43.16
AAV8-RK-PDE6B,3,5,1.9,87.2,41.49
AAV8-RK-PDE6B,3,5,1.9,87.4,39.94
AAV8-RK-PDE6B,3,5,1.9,87.6,38.53
AAV8-RK-PDE6B,3,5,1.9,87.8,36.92
AAV8-RK-PDE6B,3,5,1.9,88.0,43.41
AAV8-RK-PDE6B,3,5,1.9,88.2,49.69
AAV8-RK-PDE6B,3,5,1.9,88.4,55.48
AAV8-RK-PDE6B,3,5,1.9,88.6,60.57
AAV8-RK-PDE6B,3,5,1.9,88.8,64.8
AAV8-RK-PDE6B,3,5,1.9,89.0,68.04
AAV8-RK-PDE6B,3,5,1.9,89.2,70.25
AAV8-RK-PDE6B,3,5,1.9,89.4,71.48
AAV8-RK-PDE6B,3,5,1.9,89.6,71.78
AAV8-RK-PDE6B,3,5,1.9,89.8,71.32
AAV8-RK-PDE6B,3,5,1.9,90.0,70.23
AAV8-RK-PDE6B,3,5,1.9,90.2,68.73
AAV8-RK-PDE6B,3,5,1.9,90.4,66.98
AAV8-RK-PDE6B,3,5,1.9,90.6,65.16
AAV8-RK-PDE6B,3,5,1.9,90.8,63.41
AAV8-RK-PDE6B,3,5,1.9,91.0,61.84
AAV8-RK-PDE6B,3,5,1.9,91.2,60.53
AAV8-RK-PDE6B,3,5,1.9,91.4,59.5
AAV8-RK-PDE6B,3,5,1.9,91.6,58.74
AAV8-RK-PDE6B,3,5,1.9,91.8,58.21
AAV8-RK-PDE6B,3,5,1.9,92.0,57.83
AAV8-RK-PDE6B,3,5,1.9,92.2,57.53
AAV8-RK-PDE6B,3,5,1.9,92.4,57.2
AAV8-RK-PDE6B,3,5,1.9,92.6,56.74
AAV8-RK-PDE6B,3,5,1.9,92.8,56.09
AAV8-RK-PDE6B,3,5,1.9,93.0,55.16
AAV8-RK-PDE6B,3,5,1.9,93.2,53.92
AAV8-RK-PDE6B,3,5,1.9,93.4,52.35
AAV8-RK-PDE6B,3,5,1.9,93.6,50.46
AAV8-RK-PDE6B,3,5,1.9,93.8,48.29
AAV8-RK-PDE6B,3,5,1.9,94.0,45.92
AAV8-RK-PDE6B,3,5,1.9,94.2,43.42
AAV8-RK-PDE6B,3,5,1.9,94.4,40.9
AAV8-RK-PDE6B,3,5,1.9,94.6,38.48
AAV8-RK-PDE6B,3,5,1.9,94.8,36.24
AAV8-RK-PDE6B,3,5,1.9,95.0,34.29
AAV8-RK-PDE6B,3,5,1.9,95.2,32.68
AAV8-RK-PDE6B,3,5,1.9,95.4,31.47
AAV8-RK-PDE6B,3,5,1.9,95.6,30.64
AAV8-RK-PDE6B,3,5,1.9,95.8,30.17
AAV8-RK-PDE6B,3,5,1.9,96.0,30.01
AAV8-RK-PDE6B,3,5,1.9,96.2,30.05
AAV8-RK-PDE6B,3,5,1.9,96.4,30.2
AAV8-RK-PDE6B,3,5,1.9,96.6,30.36
AAV8-RK-PDE6B,3,5,1.9,96.8,30.43
AAV8-RK-PDE6B,3,5,1.9,97.0,30.33
AAV8-RK-PDE6B,3,5,1.9,97.2,30.05
AAV8-RK-PDE6B,3,5,1.9,97.4,29.59
AAV8-RK-PDE6B,3,5,1.9,97.6,29.02
AAV8-RK-PDE6B,3,5,1.9,97.8,28.45
AAV8-RK-PDE6B,3,5,1.9,98.0,28.02
AAV8-RK-PDE6B,3,5,1.9,98.2,27.91
AAV8-RK-PDE6B,3,5,1.9,98.4,28.29
AAV8-RK-PDE6B,3,5,1.9,98.6,29.32
AAV8-RK-PDE6B,3,5,1.9,98.8,31.14
AAV8-RK-PDE6B,3,5,1.9,99.0,33.8
AAV8-RK-PDE6B,3,5,1.9,99.2,37.3
AAV8-RK-PDE6B,3,5,1.9,99.4,41.57
AAV8-RK-PDE6B,3,5,1.9,99.6,46.44
AAV8-RK-PDE6B,3,5,1.9,99.8,51.67
AAV8-RK-PDE6B,3,5,1.9,100.0,57.01
AAV8-RK-PDE6B,3,5,1.9,100.2,62.13
AAV8-RK-PDE6B,3,5,1.9,100.4,66.73
AAV8-RK-PDE6B,3,5,1.9,100.6,70.54
AAV8-RK-PDE6B,3,5,1.9,100.8,73.33
AAV8-RK-PDE6B,3,5,1.9,101.0,74.97
AAV8-RK-PDE6B,3,5,1.9,101.2,75.42
AAV8-RK-PDE6B,3,5,1.9,101.4,74.73
AAV8-RK-PDE6B,3,5,1.9,101.6,73.06
AAV8-RK-PDE6B,3,5,1.9,101.8,70.62
AAV8-RK-PDE6B,3,5,1.9,102.0,67.69
AAV8-RK-PDE6B,3,5,1.9,102.2,64.58
AAV8-RK-PDE6B,3,5,1.9,102.4,61.56
AAV8-RK-PDE6B,3,5,1.9,102.6,58.9
AAV8-RK-PDE6B,3,5,1.9,102.8,56.75
AAV8-RK-PDE6B,3,5,1.9,103.0,55.22
AAV8-RK-PDE6B,3,5,1.9,103.2,54.3
AAV8-RK-PDE6B,3,5,1.9,103.4,53.9
AAV8-RK-PDE6B,3,5,1.9,103.6,53.84
AAV8-RK-PDE6B,3,5,1.9,103.8,53.91
AAV8-RK-PDE6B,3,5,1.9,104.0,53.88
AAV8-RK-PDE6B,3,5,1.9,104.2,53.51
AAV8-RK-PDE6B,3,5,1.9,104.4,52.64
AAV8-RK-PDE6B,3,5,1.9,104.6,51.14
AAV8-RK-PDE6B,3,5,1.9,104.8,49.01
AAV8-RK-PDE6B,3,5,1.9,105.0,46.32
AAV8-RK-PDE6B,3,5,1.9,105.2,43.25
AAV8-RK-PDE6B,3,5,1.9,105.4,40.03
AAV8-RK-PDE6B,3,5,1.9,105.6,36.96
AAV8-RK-PDE6B,3,5,1.9,105.8,34.34
AAV8-RK-PDE6B,3,5,1.9,106.0,32.47
AAV8-RK-PDE6B,3,5,1.9,106.2,31.57
AAV8-RK-PDE6B,3,5,1.9,106.4,31.81
AAV8-RK-PDE6B,3,5,1.9,106.6,33.23
AAV8-RK-PDE6B,3,5,1.9,106.8,35.79
AAV8-RK-PDE6B,3,5,1.9,107.0,39.33
AAV8-RK-PDE6B,3,5,1.9,107.2,43.61
AAV8-RK-PDE6B,3,5,1.9,107.4,48.31
AAV8-RK-PDE6B,3,5,1.9,107.6,53.11
AAV8-RK-PDE6B,3,5,1.9,107.8,57.67
AAV8-RK-PDE6B,3,5,1.9,108.0,61.7
AAV8-RK-PDE6B,3,5,1.9,108.2,64.95
AAV8-RK-PDE6B,3,5,1.9,108.4,67.3
AAV8-RK-PDE6B,3,5,1.9,108.6,68.68
AAV8-RK-PDE6B,3,5,1.9,108.8,69.15
AAV8-RK-PDE6B,3,5,1.9,109.0,68.81
AAV8-RK-PDE6B,3,5,1.9,109.2,67.86
AAV8-RK-PDE6B,3,5,1.9,109.4,66.53
AAV8-RK-PDE6B,3,5,1.9,109.6,65.05
AAV8-RK-PDE6B,3,5,1.9,109.8,63.63
AAV8-RK-PDE6B,3,5,1.9,110.0,62.45
AAV8-RK-PDE6B,3,5,1.9,110.2,61.63
AAV8-RK-PDE6B,3,5,1.9,110.4,61.24
AAV8-RK-PDE6B,3,5,1.9,110.6,61.25
AAV8-RK-PDE6B,3,5,1.9,110.8,61.61
AAV8-RK-PDE6B,3,5,1.9,111.0,62.22
AAV8-RK-PDE6B,3,5,1.9,111.2,62.95
AAV8-RK-PDE6B,3,5,1.9,111.4,63.66
AAV8-RK-PDE6B,3,5,1.9,111.6,64.23
AAV8-RK-PDE6B,3,5,1.9,111.8,64.55
AAV8-RK-PDE6B,3,5,1.9,112.0,64.55
AAV8-RK-PDE6B,3,5,1.9,112.2,64.2
AAV8-RK-PDE6B,3,5,1.9,112.4,63.5
AAV8-RK-PDE6B,3,5,1.9,112.6,62.46
AAV8-RK-PDE6B,3,5,1.9,112.8,61.12
AAV8-RK-PDE6B,3,5,1.9,113.0,59.54
AAV8-RK-PDE6B,3,5,1.9,113.2,57.76
AAV8-RK-PDE6B,3,5,1.9,113.4,55.82
AAV8-RK-PDE6B,3,5,1.9,113.6,53.76
AAV8-RK-PDE6B,3,5,1.9,113.8,51.64
AAV8-RK-PDE6B,3,5,1.9,114.0,49.48
AAV8-RK-PDE6B,3,5,1.9,114.2,47.36
AAV8-RK-PDE6B,3,5,1.9,114.4,45.33
AAV8-RK-PDE6B,3,5,1.9,114.6,43.49
AAV8-RK-PDE6B,3,5,1.9,114.8,41.96
AAV8-RK-PDE6B,3,5,1.9,115.0,40.86
AAV8-RK-PDE6B,3,5,1.9,115.2,40.33
AAV8-RK-PDE6B,3,5,1.9,115.4,40.49
AAV8-RK-PDE6B,3,5,1.9,115.6,41.44
AAV8-RK-PDE6B,3,5,1.9,115.8,43.21
AAV8-RK-PDE6B,3,5,1.9,116.0,45.82
AAV8-RK-PDE6B,3,5,1.9,116.2,49.16
AAV8-RK-PDE6B,3,5,1.9,116.4,53.09
AAV8-RK-PDE6B,3,5,1.9,116.6,57.38
AAV8-RK-PDE6B,3,5,1.9,116.8,61.76
AAV8-RK-PDE6B,3,5,1.9,117.0,65.93
AAV8-RK-PDE6B,3,5,1.9,117.2,69.58
AAV8-RK-PDE6B,3,5,1.9,117.4,72.45
AAV8-RK-PDE6B,3,5,1.9,117.6,74.37
AAV8-RK-PDE6B,3,5,1.9,117.8,75.22
AAV8-RK-PDE6B,3,5,1.9,118.0,75.04
AAV8-RK-PDE6B,3,5,1.9,118.2,73.98
AAV8-RK-PDE6B,3,5,1.9,118.4,72.29
AAV8-RK-PDE6B,3,5,1.9,118.6,70.32
AAV8-RK-PDE6B,3,5,1.9,118.8,68.49
AAV8-RK-PDE6B,3,5,1.9,119.0,67.22
AAV8-RK-PDE6B,3,5,1.9,119.2,66.88
AAV8-RK-PDE6B,3,5,1.9,119.4,67.78
AAV8-RK-PDE6B,3,5,1.9,119.6,70.1
AAV8-RK-PDE6B,3,5,1.9,119.8,73.86
AAV8-RK-PDE6B,3,5,1.9,120.0,78.9
AAV8-RK-PDE6B,3,5,1.9,120.2,84.94
AAV8-RK-PDE6B,3,5,1.9,120.4,91.51
AAV8-RK-PDE6B,3,5,1.9,120.6,98.08
AAV8-RK-PDE6B,3,5,1.9,120.8,104.06
AAV8-RK-PDE6B,3,5,1.9,121.0,108.87
AAV8-RK-PDE6B,3,5,1.9,121.2,112.02
AAV8-RK-PDE6B,3,5,1.9,121.4,113.14
AAV8-RK-PDE6B,3,5,1.9,121.6,112.02
AAV8-RK-PDE6B,3,5,1.9,121.8,108.66
AAV8-RK-PDE6B,3,5,1.9,122.0,103.23
AAV8-RK-PDE6B,3,5,1.9,122.2,96.12
AAV8-RK-PDE6B,3,5,1.9,122.4,87.8
AAV8-RK-PDE6B,3,5,1.9,122.6,78.88
AAV8-RK-PDE6B,3,5,1.9,122.8,69.98
AAV8-RK-PDE6B,3,5,1.9,123.0,61.66
AAV8-RK-PDE6B,3,5,1.9,123.2,54.41
AAV8-RK-PDE6B,3,5,1.9,123.4,48.58
AAV8-RK-PDE6B,3,5,1.9,123.6,44.33
AAV8-RK-PDE6B,3,5,1.9,123.8,41.67
AAV8-RK-PDE6B,3,5,1.9,124.0,40.4
AAV8-RK-PDE6B,3,5,1.9,124.2,40.21
AAV8-RK-PDE6B,3,5,1.9,124.4,40.71
AAV8-RK-PDE6B,3,5,1.9,124.6,41.46
AAV8-RK-PDE6B,3,5,1.9,124.8,42.04
AAV8-RK-PDE6B,3,5,1.9,125.0,42.12
AAV8-RK-PDE6B,3,5,1.9,125.2,41.49
AAV8-RK-PDE6B,3,5,1.9,125.4,40.07
AAV8-RK-PDE6B,3,5,1.9,125.6,37.97
AAV8-RK-PDE6B,3,5,1.9,125.8,35.42
AAV8-RK-PDE6B,3,5,1.9,126.0,32.77
AAV8-RK-PDE6B,3,5,1.9,126.2,30.43
AAV8-RK-PDE6B,3,5,1.9,126.4,28.82
AAV8-RK-PDE6B,3,5,1.9,126.6,28.34
AAV8-RK-PDE6B,3,5,1.9,126.8,29.29
AAV8-RK-PDE6B,3,5,1.9,127.0,31.83
AAV8-RK-PDE6B,3,5,1.9,127.2,35.96
AAV8-RK-PDE6B,3,5,1.9,127.4,41.54
AAV8-RK-PDE6B,3,5,1.9,127.6,48.26
AAV8-RK-PDE6B,3,5,1.9,127.8,40.7
AAV8-RK-PDE6B,3,5,1.9,128.0,42.0
AAV8-RK-PDE6B,3,5,1.9,128.2,43.6
AAV8-RK-PDE6B,3,5,1.9,128.4,45.49
AAV8-RK-PDE6B,3,5,1.9,128.6,47.63
AAV8-RK-PDE6B,3,5,1.9,128.8,49.98
AAV8-RK-PDE6B,3,5,1.9,129.0,52.47
AAV8-RK-PDE6B,3,5,1.9,129.2,55.01
AAV8-RK-PDE6B,3,5,1.9,129.4,57.51
AAV8-RK-PDE6B,3,5,1.9,129.6,59.84
AAV8-RK-PDE6B,3,5,1.9,129.8,61.87
AAV8-RK-PDE6B,3,5,1.9,130.0,63.45
AAV8-RK-PDE6B,3,5,1.9,130.2,64.48
AAV8-RK-PDE6B,3,5,1.9,130.4,64.83
AAV8-RK-PDE6B,3,5,1.9,130.6,64.43
AAV8-RK-PDE6B,3,5,1.9,130.8,63.27
AAV8-RK-PDE6B,3,5,1.9,131.0,61.35
AAV8-RK-PDE6B,3,5,1.9,131.2,58.75
AAV8-RK-PDE6B,3,5,1.9,131.4,55.6
AAV8-RK-PDE6B,3,5,1.9,131.6,52.04
AAV8-RK-PDE6B,3,5,1.9,131.8,48.27
AAV8-RK-PDE6B,3,5,1.9,132.0,44.48
AAV8-RK-PDE6B,3,5,1.9,132.2,40.82
AAV8-RK-PDE6B,3,5,1.9,132.4,37.46
AAV8-RK-PDE6B,3,5,1.9,132.6,34.47
AAV8-RK-PDE6B,3,5,1.9,132.8,31.89
AAV8-RK-PDE6B,3,5,1.9,133.0,29.68
AAV8-RK-PDE6B,3,5,1.9,133.2,27.73
AAV8-RK-PDE6B,3,5,1.9,133.4,25.89
AAV8-RK-PDE6B,3,5,1.9,133.6,23.98
AAV8-RK-PDE6B,3,5,1.9,133.8,21.8
AAV8-RK-PDE6B,3,5,1.9,134.0,19.18
AAV8-RK-PDE6B,3,5,1.9,134.2,15.99
AAV8-RK-PDE6B,3,5,1.9,134.4,12.16
AAV8-RK-PDE6B,3,5,1.9,134.6,7.69
AAV8-RK-PDE6B,3,5,1.9,134.8,2.69
AAV8-RK-PDE6B,3,5,1.9,135.0,-2.67
AAV8-RK-PDE6B,3,5,1.9,135.2,-8.14
AAV8-RK-PDE6B,3,5,1.9,135.4,-13.42
AAV8-RK-PDE6B,3,5,1.9,135.6,-18.22
AAV8-RK-PDE6B,3,5,1.9,135.8,-22.24
AAV8-RK-PDE6B,3,5,1.9,136.0,-25.24
AAV8-RK-PDE6B,3,5,1.9,136.2,-27.05
AAV8-RK-PDE6B,3,5,1.9,136.4,-27.6
AAV8-RK-PDE6B,3,5,1.9,136.6,-26.92
AAV8-RK-PDE6B,3,5,1.9,136.8,-25.13
AAV8-RK-PDE6B,3,5,1.9,137.0,-22.45
AAV8-RK-PDE6B,3,5,1.9,137.2,-19.15
AAV8-RK-PDE6B,3,5,1.9,137.4,-15.53
AAV8-RK-PDE6B,3,5,1.9,137.6,-11.89
AAV8-RK-PDE6B,3,5,1.9,137.8,-8.49
AAV8-RK-PDE6B,3,5,1.9,138.0,-5.51
AAV8-RK-PDE6B,3,5,1.9,138.2,-3.06
AAV8-RK-PDE6B,3,5,1.9,138.4,-1.13
AAV8-RK-PDE6B,3,5,1.9,138.6,0.38
AAV8-RK-PDE6B,3,5,1.9,138.8,1.62
AAV8-RK-PDE6B,3,5,1.9,139.0,2.84
AAV8-RK-PDE6B,3,5,1.9,139.2,4.27
AAV8-RK-PDE6B,3,5,1.9,139.4,6.14
AAV8-RK-PDE6B,3,5,1.9,139.6,8.63
AAV8-RK-PDE6B,3,5,1.9,139.8,11.82
AAV8-RK-PDE6B,3,5,1.9,140.0,15.71
AAV8-RK-PDE6B,3,5,1.9,140.2,20.18
AAV8-RK-PDE6B,3,5,1.9,140.4,25.02
AAV8-RK-PDE6B,3,5,1.9,140.6,29.94
AAV8-RK-PDE6B,3,5,1.9,140.8,34.58
AAV8-RK-PDE6B,3,5,1.9,141.0,38.61
AAV8-RK-PDE6B,3,5,1.9,141.2,41.71
AAV8-RK-PDE6B,3,5,1.9,141.4,43.62
AAV8-RK-PDE6B,3,5,1.9,141.6,44.22
AAV8-RK-PDE6B,3,5,1.9,141.8,43.47
AAV8-RK-PDE6B,3,5,1.9,142.0,41.49
AAV8-RK-PDE6B,3,5,1.9,142.2,38.51
AAV8-RK-PDE6B,3,5,1.9,142.4,34.86
AAV8-RK-PDE6B,3,5,1.9,142.6,30.91
AAV8-RK-PDE6B,3,5,1.9,142.8,27.09
AAV8-RK-PDE6B,3,5,1.9,143.0,23.76
AAV8-RK-PDE6B,3,5,1.9,143.2,21.23
AAV8-RK-PDE6B,3,5,1.9,143.4,19.7
AAV8-RK-PDE6B,3,5,1.9,143.6,19.24
AAV8-RK-PDE6B,3,5,1.9,143.8,19.78
AAV8-RK-PDE6B,3,5,1.9,144.0,21.13
AAV8-RK-PDE6B,3,5,1.9,144.2,22.99
AAV8-RK-PDE6B,3,5,1.9,144.4,24.98
AAV8-RK-PDE6B,3,5,1.9,144.6,26.7
AAV8-RK-PDE6B,3,5,1.9,144.8,27.78
AAV8-RK-PDE6B,3,5,1.9,145.0,27.91
AAV8-RK-PDE6B,3,5,1.9,145.2,26.88
AAV8-RK-PDE6B,3,5,1.9,145.4,24.63
AAV8-RK-PDE6B,3,5,1.9,145.6,21.23
AAV8-RK-PDE6B,3,5,1.9,145.8,16.87
AAV8-RK-PDE6B,3,5,1.9,146.0,11.88
AAV8-RK-PDE6B,3,5,1.9,146.2,6.68
AAV8-RK-PDE6B,3,5,1.9,146.4,1.69
AAV8-RK-PDE6B,3,5,1.9,146.6,-2.64
AAV8-RK-PDE6B,3,5,1.9,146.8,-5.93
AAV8-RK-PDE6B,3,5,1.9,147.0,-7.9
AAV8-RK-PDE6B,3,5,1.9,147.2,-8.38
AAV8-RK-PDE6B,3,5,1.9,147.4,-7.33
AAV8-RK-PDE6B,3,5,1.9,147.6,-4.88
AAV8-RK-PDE6B,3,5,1.9,147.8,-1.24
AAV8-RK-PDE6B,3,5,1.9,148.0,3.25
AAV8-RK-PDE6B,3,5,1.9,148.2,8.21
AAV8-RK-PDE6B,3,5,1.9,148.4,13.23
AAV8-RK-PDE6B,3,5,1.9,148.6,17.93
AAV8-RK-PDE6B,3,5,1.9,148.8,21.98
AAV8-RK-PDE6B,3,5,1.9,149.0,25.12
AAV8-RK-PDE6B,3,5,1.9,149.2,27.22
AAV8-RK-PDE6B,3,5,1.9,149.4,28.2
AAV8-RK-PDE6B,3,5,1.9,149.6,28.14
AAV8-RK-PDE6B,3,5,1.9,149.8,27.14
AAV8-RK-PDE6B,3,5,1.9,150.0,25.39
AAV8-RK-PDE6B,3,5,1.9,150.2,23.09
AAV8-RK-PDE6B,3,5,1.9,150.4,20.44
AAV8-RK-PDE6B,3,5,1.9,150.6,17.61
AAV8-RK-PDE6B,3,5,1.9,150.8,14.75
AAV8-RK-PDE6B,3,5,1.9,151.0,11.94
AAV8-RK-PDE6B,3,5,1.9,151.2,9.22
AAV8-RK-PDE6B,3,5,1.9,151.4,6.6
AAV8-RK-PDE6B,3,5,1.9,151.6,4.06
AAV8-RK-PDE6B,3,5,1.9,151.8,1.55
AAV8-RK-PDE6B,3,5,1.9,152.0,-0.94
AAV8-RK-PDE6B,3,5,1.9,152.2,-3.42
AAV8-RK-PDE6B,3,5,1.9,152.4,-5.86
AAV8-RK-PDE6B,3,5,1.9,152.6,-8.2
AAV8-RK-PDE6B,3,5,1.9,152.8,-10.34
AAV8-RK-PDE6B,3,5,1.9,153.0,-12.19
AAV8-RK-PDE6B,3,5,1.9,153.2,-13.63
AAV8-RK-PDE6B,3,5,1.9,153.4,-14.57
AAV8-RK-PDE6B,3,5,1.9,153.6,-14.97
AAV8-RK-PDE6B,3,5,1.9,153.8,-14.81
AAV8-RK-PDE6B,3,5,1.9,154.0,-14.16
AAV8-RK-PDE6B,3,5,1.9,154.2,-13.12
AAV8-RK-PDE6B,3,5,1.9,154.4,-11.85
AAV8-RK-PDE6B,3,5,1.9,154.6,-10.56
AAV8-RK-PDE6B,3,5,1.9,154.8,-9.44
AAV8-RK-PDE6B,3,5,1.9,155.0,-8.69
AAV8-RK-PDE6B,3,5,1.9,155.2,-8.49
AAV8-RK-PDE6B,3,5,1.9,155.4,-8.93
AAV8-RK-PDE6B,3,5,1.9,155.6,-10.03
AAV8-RK-PDE6B,3,5,1.9,155.8,-11.75
AAV8-RK-PDE6B,3,5,1.9,156.0,-13.96
AAV8-RK-PDE6B,3,5,1.9,156.2,-16.44
AAV8-RK-PDE6B,3,5,1.9,156.4,-18.95
AAV8-RK-PDE6B,3,5,1.9,156.6,-21.24
AAV8-RK-PDE6B,3,5,1.9,156.8,-23.03
AAV8-RK-PDE6B,3,5,1.9,157.0,-24.11
AAV8-RK-PDE6B,3,5,1.9,157.2,-24.34
AAV8-RK-PDE6B,3,5,1.9,157.4,-23.65
AAV8-RK-PDE6B,3,5,1.9,157.6,-22.07
AAV8-RK-PDE6B,3,5,1.9,157.8,-19.73
AAV8-RK-PDE6B,3,5,1.9,158.0,-16.83
AAV8-RK-PDE6B,3,5,1.9,158.2,-13.64
AAV8-RK-PDE6B,3,5,1.9,158.4,-10.45
AAV8-RK-PDE6B,3,5,1.9,158.6,-7.54
AAV8-RK-PDE6B,3,5,1.9,158.8,-5.16
AAV8-RK-PDE6B,3,5,1.9,159.0,-3.51
AAV8-RK-PDE6B,3,5,1.9,159.2,-2.69
AAV8-RK-PDE6B,3,5,1.9,159.4,-2.69
AAV8-RK-PDE6B,3,5,1.9,159.6,-3.44
AAV8-RK-PDE6B,3,5,1.9,159.8,-4.75
AAV8-RK-PDE6B,3,5,1.9,160.0,-6.39
AAV8-RK-PDE6B,3,5,1.9,160.2,-8.09
AAV8-RK-PDE6B,3,5,1.9,160.4,-9.58
AAV8-RK-PDE6B,3,5,1.9,160.6,-10.6
AAV8-RK-PDE6B,3,5,1.9,160.8,-10.98
AAV8-RK-PDE6B,3,5,1.9,161.0,-10.6
AAV8-RK-PDE6B,3,5,1.9,161.2,-9.45
AAV8-RK-PDE6B,3,5,1.9,161.4,-7.61
AAV8-RK-PDE6B,3,5,1.9,161.6,-5.23
AAV8-RK-PDE6B,3,5,1.9,161.8,-2.55
AAV8-RK-PDE6B,3,5,1.9,162.0,0.17
AAV8-RK-PDE6B,3,5,1.9,162.2,2.66
AAV8-RK-PDE6B,3,5,1.9,162.4,4.66
AAV8-RK-PDE6B,3,5,1.9,162.6,5.97
AAV8-RK-PDE6B,3,5,1.9,162.8,6.45
AAV8-RK-PDE6B,3,5,1.9,163.0,6.06
AAV8-RK-PDE6B,3,5,1.9,163.2,4.84
AAV8-RK-PDE6B,3,5,1.9,163.4,2.9
AAV8-RK-PDE6B,3,5,1.9,163.6,0.43
AAV8-RK-PDE6B,3,5,1.9,163.8,-2.33
AAV8-RK-PDE6B,3,5,1.9,164.0,-5.13
AAV8-RK-PDE6B,3,5,1.9,164.2,-7.72
AAV8-RK-PDE6B,3,5,1.9,164.4,-9.89
AAV8-RK-PDE6B,3,5,1.9,164.6,-11.47
AAV8-RK-PDE6B,3,5,1.9,164.8,-12.38
AAV8-RK-PDE6B,3,5,1.9,165.0,-12.58
AAV8-RK-PDE6B,3,5,1.9,165.2,-12.15
AAV8-RK-PDE6B,3,5,1.9,165.4,-11.18
AAV8-RK-PDE6B,3,5,1.9,165.6,-9.86
AAV8-RK-PDE6B,3,5,1.9,165.8,-8.37
AAV8-RK-PDE6B,3,5,1.9,166.0,-6.93
AAV8-RK-PDE6B,3,5,1.9,166.2,-5.73
AAV8-RK-PDE6B,3,5,1.9,166.4,-4.93
AAV8-RK-PDE6B,3,5,1.9,166.6,-4.67
AAV8-RK-PDE6B,3,5,1.9,166.8,-5.01
AAV8-RK-PDE6B,3,5,1.9,167.0,-5.97
AAV8-RK-PDE6B,3,5,1.9,167.2,-7.52
AAV8-RK-PDE6B,3,5,1.9,167.4,-9.58
AAV8-RK-PDE6B,3,5,1.9,167.6,-12.03
AAV8-RK-PDE6B,3,5,1.9,167.8,-29.27
AAV8-RK-PDE6B,3,5,1.9,168.0,-30.17
AAV8-RK-PDE6B,3,5,1.9,168.2,-31.69
AAV8-RK-PDE6B,3,5,1.9,168.4,-33.81
AAV8-RK-PDE6B,3,5,1.9,168.6,-36.46
AAV8-RK-PDE6B,3,5,1.9,168.8,-39.52
AAV8-RK-PDE6B,3,5,1.9,169.0,-42.88
AAV8-RK-PDE6B,3,5,1.9,169.2,-46.36
AAV8-RK-PDE6B,3,5,1.9,169.4,-49.81
AAV8-RK-PDE6B,3,5,1.9,169.6,-53.04
AAV8-RK-PDE6B,3,5,1.9,169.8,-55.89
AAV8-RK-PDE6B,3,5,1.9,170.0,-58.19
AAV8-RK-PDE6B,3,5,1.9,170.2,-59.8
AAV8-RK-PDE6B,3,5,1.9,170.4,-60.63
AAV8-RK-PDE6B,3,5,1.9,170.6,-60.59
AAV8-RK-PDE6B,3,5,1.9,170.8,-59.66
AAV8-RK-PDE6B,3,5,1.9,171.0,-57.85
AAV8-RK-PDE6B,3,5,1.9,171.2,-55.23
AAV8-RK-PDE6B,3,5,1.9,171.4,-51.91
AAV8-RK-PDE6B,3,5,1.9,171.6,-48.02
AAV8-RK-PDE6B,3,5,1.9,171.8,-43.74
AAV8-RK-PDE6B,3,5,1.9,172.0,-39.27
AAV8-RK-PDE6B,3,5,1.9,172.2,-34.82
AAV8-RK-PDE6B,3,5,1.9,172.4,-30.61
AAV8-RK-PDE6B,3,5,1.9,172.6,-26.82
AAV8-RK-PDE6B,3,5,1.9,172.8,-23.64
AAV8-RK-PDE6B,3,5,1.9,173.0,-21.2
AAV8-RK-PDE6B,3,5,1.9,173.2,-19.61
AAV8-RK-PDE6B,3,5,1.9,173.4,-18.91
AAV8-RK-PDE6B,3,5,1.9,173.6,-19.13
AAV8-RK-PDE6B,3,5,1.9,173.8,-20.21
AAV8-RK-PDE6B,3,5,1.9,174.0,-22.07
AAV8-RK-PDE6B,3,5,1.9,174.2,-24.59
AAV8-RK-PDE6B,3,5,1.9,174.4,-27.62
AAV8-RK-PDE6B,3,5,1.9,174.6,-31.01
AAV8-RK-PDE6B,3,5,1.9,174.8,-34.59
AAV8-RK-PDE6B,3,5,1.9,175.0,-38.2
AAV8-RK-PDE6B,3,5,1.9,175.2,-41.7
AAV8-RK-PDE6B,3,5,1.9,175.4,-44.95
AAV8-RK-PDE6B,3,5,1.9,175.6,-47.88
AAV8-RK-PDE6B,3,5,1.9,175.8,-50.41
AAV8-RK-PDE6B,3,5,1.9,176.0,-52.51
AAV8-RK-PDE6B,3,5,1.9,176.2,-54.18
AAV8-RK-PDE6B,3,5,1.9,176.4,-55.42
AAV8-RK-PDE6B,3,5,1.9,176.6,-56.28
AAV8-RK-PDE6B,3,5,1.9,176.8,-56.79
AAV8-RK-PDE6B,3,5,1.9,177.0,-57.02
AAV8-RK-PDE6B,3,5,1.9,177.2,-57.02
AAV8-RK-PDE6B,3,5,1.9,177.4,-56.82
AAV8-RK-PDE6B,3,5,1.9,177.6,-56.48
AAV8-RK-PDE6B,3,5,1.9,177.8,-56.02
AAV8-RK-PDE6B,3,5,1.9,178.0,-55.46
AAV8-RK-PDE6B,3,5,1.9,178.2,-54.8
AAV8-RK-PDE6B,3,5,1.9,178.4,-54.05
AAV8-RK-PDE6B,3,5,1.9,178.6,-53.19
AAV8-RK-PDE6B,3,5,1.9,178.8,-52.2
AAV8-RK-PDE6B,3,5,1.9,179.0,-51.06
AAV8-RK-PDE6B,3,5,1.9,179.2,-49.75
AAV8-RK-PDE6B,3,5,1.9,179.4,-48.25
AAV8-RK-PDE6B,3,5,1.9,179.6,-46.53
AAV8-RK-PDE6B,3,5,1.9,179.8,-44.6
AAV8-RK-PDE6B,3,5,1.9,180.0,-42.44
AAV8-RK-PDE6B,3,5,1.9,180.2,-40.07
AAV8-RK-PDE6B,3,5,1.9,180.4,-37.51
AAV8-RK-PDE6B,3,5,1.9,180.6,-34.8
AAV8-RK-PDE6B,3,5,1.9,180.8,-31.97
AAV8-RK-PDE6B,3,5,1.9,181.0,-29.09
AAV8-RK-PDE6B,3,5,1.9,181.2,-26.21
AAV8-RK-PDE6B,3,5,1.9,181.4,-23.41
AAV8-RK-PDE6B,3,5,1.9,181.6,-20.76
AAV8-RK-PDE6B,3,5,1.9,181.8,-18.31
AAV8-RK-PDE6B,3,5,1.9,182.0,-16.11
AAV8-RK-PDE6B,3,5,1.9,182.2,-14.19
AAV8-RK-PDE6B,3,5,1.9,182.4,-12.58
AAV8-RK-PDE6B,3,5,1.9,182.6,-11.25
AAV8-RK-PDE6B,3,5,1.9,182.8,-10.17
AAV8-RK-PDE6B,3,5,1.9,183.0,-9.29
AAV8-RK-PDE6B,3,5,1.9,183.2,-8.54
AAV8-RK-PDE6B,3,5,1.9,183.4,-7.83
AAV8-RK-PDE6B,3,5,1.9,183.6,-7.08
AAV8-RK-PDE6B,3,5,1.9,183.8,-6.21
AAV8-RK-PDE6B,3,5,1.9,184.0,-5.15
AAV8-RK-PDE6B,3,5,1.9,184.2,-3.88
AAV8-RK-PDE6B,3,5,1.9,184.4,-2.39
AAV8-RK-PDE6B,3,5,1.9,184.6,-0.7
AAV8-RK-PDE6B,3,5,1.9,184.8,1.12
AAV8-RK-PDE6B,3,5,1.9,185.0,2.97
AAV8-RK-PDE6B,3,5,1.9,185.2,4.72
AAV8-RK-PDE6B,3,5,1.9,185.4,6.25
AAV8-RK-PDE6B,3,5,1.9,185.6,7.41
AAV8-RK-PDE6B,3,5,1.9,185.8,8.06
AAV8-RK-PDE6B,3,5,1.9,186.0,8.1
AAV8-RK-PDE6B,3,5,1.9,186.2,7.44
AAV8-RK-PDE6B,3,5,1.9,186.4,6.06
AAV8-RK-PDE6B,3,5,1.9,186.6,3.95
AAV8-RK-PDE6B,3,5,1.9,186.8,1.18
AAV8-RK-PDE6B,3,5,1.9,187.0,-2.15
AAV8-RK-PDE6B,3,5,1.9,187.2,-5.92
AAV8-RK-PDE6B,3,5,1.9,187.4,-9.96
AAV8-RK-PDE6B,3,5,1.9,187.6,-14.11
AAV8-RK-PDE6B,3,5,1.9,187.8,-18.2
AAV8-RK-PDE6B,3,5,1.9,188.0,-22.07
AAV8-RK-PDE6B,3,5,1.9,188.2,-25.58
AAV8-RK-PDE6B,3,5,1.9,188.4,-28.65
AAV8-RK-PDE6B,3,5,1.9,188.6,-31.2
AAV8-RK-PDE6B,3,5,1.9,188.8,-33.21
AAV8-RK-PDE6B,3,5,1.9,189.0,-34.66
AAV8-RK-PDE6B,3,5,1.9,189.2,-35.6
AAV8-RK-PDE6B,3,5,1.9,189.4,-36.05
AAV8-RK-PDE6B,3,5,1.9,189.6,-36.08
AAV8-RK-PDE6B,3,5,1.9,189.8,-35.74
AAV8-RK-PDE6B,3,5,1.9,190.0,-35.08
AAV8-RK-PDE6B,3,5,1.9,190.2,-34.16
AAV8-RK-PDE6B,3,5,1.9,190.4,-33.02
AAV8-RK-PDE6B,3,5,1.9,190.6,-31.68
AAV8-RK-PDE6B,3,5,1.9,190.8,-30.18
AAV8-RK-PDE6B,3,5,1.9,191.0,-28.55
AAV8-RK-PDE6B,3,5,1.9,191.2,-26.82
AAV8-RK-PDE6B,3,5,1.9,191.4,-25.04
AAV8-RK-PDE6B,3,5,1.9,191.6,-23.27
AAV8-RK-PDE6B,3,5,1.9,191.8,-21.56
AAV8-RK-PDE6B,3,5,1.9,192.0,-19.99
AAV8-RK-PDE6B,3,5,1.9,192.2,-18.62
AAV8-RK-PDE6B,3,5,1.9,192.4,-17.52
AAV8-RK-PDE6B,3,5,1.9,192.6,-16.76
AAV8-RK-PDE6B,3,5,1.9,192.8,-16.36
AAV8-RK-PDE6B,3,5,1.9,193.0,-16.35
AAV8-RK-PDE6B,3,5,1.9,193.2,-16.72
AAV8-RK-PDE6B,3,5,1.9,193.4,-17.46
AAV8-RK-PDE6B,3,5,1.9,193.6,-18.52
AAV8-RK-PDE6B,3,5,1.9,193.8,-19.85
AAV8-RK-PDE6B,3,5,1.9,194.0,-21.4
AAV8-RK-PDE6B,3,5,1.9,194.2,-23.12
AAV8-RK-PDE6B,3,5,1.9,194.4,-24.98
AAV8-RK-PDE6B,3,5,1.9,194.6,-26.97
AAV8-RK-PDE6B,3,5,1.9,194.8,-29.12
AAV8-RK-PDE6B,3,5,1.9,195.0,-31.45
AAV8-RK-PDE6B,3,5,1.9,195.2,-34.02
AAV8-RK-PDE6B,3,5,1.9,195.4,-36.9
AAV8-RK-PDE6B,3,5,1.9,195.6,-40.15
AAV8-RK-PDE6B,3,5,1.9,195.8,-43.8
AAV8-RK-PDE6B,3,5,1.9,196.0,-47.86
AAV8-RK-PDE6B,3,5,1.9,196.2,-52.29
AAV8-RK-PDE6B,3,5,1.9,196.4,-56.99
AAV8-RK-PDE6B,3,5,1.9,196.6,-61.83
AAV8-RK-PDE6B,3,5,1.9,196.8,-66.6
AAV8-RK-PDE6B,3,5,1.9,197.0,-71.08
AAV8-RK-PDE6B,3,5,1.9,197.2,-75.01
AAV8-RK-PDE6B,3,5,1.9,197.4,-78.14
AAV8-RK-PDE6B,3,5,1.9,197.6,-80.25
AAV8-RK-PDE6B,3,5,1.9,197.8,-81.18
AAV8-RK-PDE6B,3,5,1.9,198.0,-80.81
AAV8-RK-PDE6B,3,5,1.9,198.2,-79.13
AAV8-RK-PDE6B,3,5,1.9,198.4,-76.19
AAV8-RK-PDE6B,3,5,1.9,198.6,-72.17
AAV8-RK-PDE6B,3,5,1.9,198.8,-67.28
AAV8-RK-PDE6B,3,5,1.9,199.0,-61.81
AAV8-RK-PDE6B,3,5,1.9,199.2,-56.07
AAV8-RK-PDE6B,3,5,1.9,199.4,-50.38
AAV8-RK-PDE6B,3,5,1.9,199.6,-45.01
AAV8-RK-PDE6B,3,5,1.9,199.8,-40.19
AAV8-RK-PDE6B,3,5,1.9,200.0,-36.06
AAV8-RK-PDE6B,3,5,1.9,200.2,-32.7
AAV8-RK-PDE6B,3,5,1.9,200.4,-30.06
AAV8-RK-PDE6B,3,5,1.9,200.6,-28.03
AAV8-RK-PDE6B,3,5,1.9,200.8,-26.43
AAV8-RK-PDE6B,3,5,1.9,201.0,-25.05
AAV8-RK-PDE6B,3,5,1.9,201.2,-23.65
AAV8-RK-PDE6B,3,5,1.9,201.4,-22.01
AAV8-RK-PDE6B,3,5,1.9,201.6,-19.96
AAV8-RK-PDE6B,3,5,1.9,201.8,-17.4
AAV8-RK-PDE6B,3,5,1.9,202.0,-14.31
AAV8-RK-PDE6B,3,5,1.9,202.2,-10.73
AAV8-RK-PDE6B,3,5,1.9,202.4,-6.79
AAV8-RK-PDE6B,3,5,1.9,202.6,-2.68
AAV8-RK-PDE6B,3,5,1.9,202.8,1.39
AAV8-RK-PDE6B,3,5,1.9,203.0,5.17
AAV8-RK-PDE6B,3,5,1.9,203.2,8.48
AAV8-RK-PDE6B,3,5,1.9,203.4,11.14
AAV8-RK-PDE6B,3,5,1.9,203.6,13.07
AAV8-RK-PDE6B,3,5,1.9,203.8,14.25
AAV8-RK-PDE6B,3,5,1.9,204.0,14.72
AAV8-RK-PDE6B,3,5,1.9,204.2,14.61
AAV8-RK-PDE6B,3,5,1.9,204.4,14.09
AAV8-RK-PDE6B,3,5,1.9,204.6,13.36
AAV8-RK-PDE6B,3,5,1.9,204.8,12.59
AAV8-RK-PDE6B,3,5,1.9,205.0,11.94
AAV8-RK-PDE6B,3,5,1.9,205.2,11.51
AAV8-RK-PDE6B,3,5,1.9,205.4,11.33
AAV8-RK-PDE6B,3,5,1.9,205.6,11.32
AAV8-RK-PDE6B,3,5,1.9,205.8,11.36
AAV8-RK-PDE6B,3,5,1.9,206.0,11.24
AAV8-RK-PDE6B,3,5,1.9,206.2,10.71
AAV8-RK-PDE6B,3,5,1.9,206.4,9.52
AAV8-RK-PDE6B,3,5,1.9,206.6,7.43
AAV8-RK-PDE6B,3,5,1.9,206.8,4.24
AAV8-RK-PDE6B,3,5,1.9,207.0,-0.17
AAV8-RK-PDE6B,3,5,1.9,207.2,-5.81
AAV8-RK-PDE6B,3,5,1.9,207.4,-12.59
AAV8-RK-PDE6B,3,5,1.9,207.6,-20.33
AAV8-RK-PDE6B,3,5,1.9,207.8,-59.17
AAV8-RK-PDE6B,3,5,1.9,208.0,-60.28
AAV8-RK-PDE6B,3,5,1.9,208.2,-60.32
AAV8-RK-PDE6B,3,5,1.9,208.4,-59.42
AAV8-RK-PDE6B,3,5,1.9,208.6,-57.72
AAV8-RK-PDE6B,3,5,1.9,208.8,-55.38
AAV8-RK-PDE6B,3,5,1.9,209.0,-52.54
AAV8-RK-PDE6B,3,5,1.9,209.2,-49.35
AAV8-RK-PDE6B,3,5,1.9,209.4,-45.92
AAV8-RK-PDE6B,3,5,1.9,209.6,-42.35
AAV8-RK-PDE6B,3,5,1.9,209.8,-38.73
AAV8-RK-PDE6B,3,5,1.9,210.0,-35.14
AAV8-RK-PDE6B,3,5,1.9,210.2,-31.67
AAV8-RK-PDE6B,3,5,1.9,210.4,-28.4
AAV8-RK-PDE6B,3,5,1.9,210.6,-25.42
AAV8-RK-PDE6B,3,5,1.9,210.8,-22.82
AAV8-RK-PDE6B,3,5,1.9,211.0,-20.65
AAV8-RK-PDE6B,3,5,1.9,211.2,-18.99
AAV8-RK-PDE6B,3,5,1.9,211.4,-17.85
AAV8-RK-PDE6B,3,5,1.9,211.6,-17.23
AAV8-RK-PDE6B,3,5,1.9,211.8,-17.08
AAV8-RK-PDE6B,3,5,1.9,212.0,-17.32
AAV8-RK-PDE6B,3,5,1.9,212.2,-17.86
AAV8-RK-PDE6B,3,5,1.9,212.4,-18.56
AAV8-RK-PDE6B,3,5,1.9,212.6,-19.32
AAV8-RK-PDE6B,3,5,1.9,212.8,-20.04
AAV8-RK-PDE6B,3,5,1.9,213.0,-20.63
AAV8-RK-PDE6B,3,5,1.9,213.2,-21.09
AAV8-RK-PDE6B,3,5,1.9,213.4,-21.44
AAV8-RK-PDE6B,3,5,1.9,213.6,-21.76
AAV8-RK-PDE6B,3,5,1.9,213.8,-22.16
AAV8-RK-PDE6B,3,5,1.9,214.0,-22.79
AAV8-RK-PDE6B,3,5,1.9,214.2,-23.8
AAV8-RK-PDE6B,3,5,1.9,214.4,-25.3
AAV8-RK-PDE6B,3,5,1.9,214.6,-27.39
AAV8-RK-PDE6B,3,5,1.9,214.8,-30.07
AAV8-RK-PDE6B,3,5,1.9,215.0,-33.29
AAV8-RK-PDE6B,3,5,1.9,215.2,-36.9
AAV8-RK-PDE6B,3,5,1.9,215.4,-40.69
AAV8-RK-PDE6B,3,5,1.9,215.6,-44.37
AAV8-RK-PDE6B,3,5,1.9,215.8,-47.65
AAV8-RK-PDE6B,3,5,1.9,216.0,-50.21
AAV8-RK-PDE6B,3,5,1.9,216.2,-51.8
AAV8-RK-PDE6B,3,5,1.9,216.4,-52.21
AAV8-RK-PDE6B,3,5,1.9,216.6,-51.36
AAV8-RK-PDE6B,3,5,1.9,216.8,-49.26
AAV8-RK-PDE6B,3,5,1.9,217.0,-46.06
AAV8-RK-PDE6B,3,5,1.9,217.2,-42.0
AAV8-RK-PDE6B,3,5,1.9,217.4,-37.43
AAV8-RK-PDE6B,3,5,1.9,217.6,-32.75
AAV8-RK-PDE6B,3,5,1.9,217.8,-28.36
AAV8-RK-PDE6B,3,5,1.9,218.0,-24.66
AAV8-RK-PDE6B,3,5,1.9,218.2,-21.97
AAV8-RK-PDE6B,3,5,1.9,218.4,-20.49
AAV8-RK-PDE6B,3,5,1.9,218.6,-20.31
AAV8-RK-PDE6B,3,5,1.9,218.8,-21.39
AAV8-RK-PDE6B,3,5,1.9,219.0,-23.55
AAV8-RK-PDE6B,3,5,1.9,219.2,-26.5
AAV8-RK-PDE6B,3,5,1.9,219.4,-29.89
AAV8-RK-PDE6B,3,5,1.9,219.6,-33.31
AAV8-RK-PDE6B,3,5,1.9,219.8,-36.39
AAV8-RK-PDE6B,3,5,1.9,220.0,-38.79
AAV8-RK-PDE6B,3,5,1.9,220.2,-40.27
AAV8-RK-PDE6B,3,5,1.9,220.4,-40.69
AAV8-RK-PDE6B,3,5,1.9,220.6,-40.05
AAV8-RK-PDE6B,3,5,1.9,220.8,-38.45
AAV8-RK-PDE6B,3,5,1.9,221.0,-36.11
AAV8-RK-PDE6B,3,5,1.9,221.2,-33.31
AAV8-RK-PDE6B,3,5,1.9,221.4,-30.38
AAV8-RK-PDE6B,3,5,1.9,221.6,-27.63
AAV8-RK-PDE6B,3,5,1.9,221.8,-25.35
AAV8-RK-PDE6B,3,5,1.9,222.0,-23.76
AAV8-RK-PDE6B,3,5,1.9,222.2,-22.97
AAV8-RK-PDE6B,3,5,1.9,222.4,-23.03
AAV8-RK-PDE6B,3,5,1.9,222.6,-23.87
AAV8-RK-PDE6B,3,5,1.9,222.8,-25.36
AAV8-RK-PDE6B,3,5,1.9,223.0,-27.32
AAV8-RK-PDE6B,3,5,1.9,223.2,-29.53
AAV8-RK-PDE6B,3,5,1.9,223.4,-31.79
AAV8-RK-PDE6B,3,5,1.9,223.6,-33.95
AAV8-RK-PDE6B,3,5,1.9,223.8,-35.9
AAV8-RK-PDE6B,3,5,1.9,224.0,-37.59
AAV8-RK-PDE6B,3,5,1.9,224.2,-39.03
AAV8-RK-PDE6B,3,5,1.9,224.4,-40.32
AAV8-RK-PDE6B,3,5,1.9,224.6,-41.55
AAV8-RK-PDE6B,3,5,1.9,224.8,-42.85
AAV8-RK-PDE6B,3,5,1.9,225.0,-44.34
AAV8-RK-PDE6B,3,5,1.9,225.2,-46.1
AAV8-RK-PDE6B,3,5,1.9,225.4,-48.15
AAV8-RK-PDE6B,3,5,1.9,225.6,-50.46
AAV8-RK-PDE6B,3,5,1.9,225.8,-52.95
AAV8-RK-PDE6B,3,5,1.9,226.0,-55.46
AAV8-RK-PDE6B,3,5,1.9,226.2,-57.82
AAV8-RK-PDE6B,3,5,1.9,226.4,-59.84
AAV8-RK-PDE6B,3,5,1.9,226.6,-61.33
AAV8-RK-PDE6B,3,5,1.9,226.8,-62.17
AAV8-RK-PDE6B,3,5,1.9,227.0,-62.26
AAV8-RK-PDE6B,3,5,1.9,227.2,-61.58
AAV8-RK-PDE6B,3,5,1.9,227.4,-60.17
AAV8-RK-PDE6B,3,5,1.9,227.6,-58.14
AAV8-RK-PDE6B,3,5,1.9,227.8,-55.63
AAV8-RK-PDE6B,3,5,1.9,228.0,-52.84
AAV8-RK-PDE6B,3,5,1.9,228.2,-49.93
AAV8-RK-PDE6B,3,5,1.9,228.4,-47.07
AAV8-RK-PDE6B,3,5,1.9,228.6,-44.39
AAV8-RK-PDE6B,3,5,1.9,228.8,-41.96
AAV8-RK-PDE6B,3,5,1.9,229.0,-39.8
AAV8-RK-PDE6B,3,5,1.9,229.2,-37.88
AAV8-RK-PDE6B,3,5,1.9,229.4,-36.12
AAV8-RK-PDE6B,3,5,1.9,229.6,-34.42
AAV8-RK-PDE6B,3,5,1.9,229.8,-32.7
AAV8-RK-PDE6B,3,5,1.9,230.0,-30.86
AAV8-RK-PDE6B,3,5,1.9,230.2,-28.86
AAV8-RK-PDE6B,3,5,1.9,230.4,-26.68
AAV8-RK-PDE6B,3,5,1.9,230.6,-24.38
AAV8-RK-PDE6B,3,5,1.9,230.8,-22.03
AAV8-RK-PDE6B,3,5,1.9,231.0,-19.76
AAV8-RK-PDE6B,3,5,1.9,231.2,-17.7
AAV8-RK-PDE6B,3,5,1.9,231.4,-15.98
AAV8-RK-PDE6B,3,5,1.9,231.6,-14.72
AAV8-RK-PDE6B,3,5,1.9,231.8,-13.97
AAV8-RK-PDE6B,3,5,1.9,232.0,-13.76
AAV8-RK-PDE6B,3,5,1.9,232.2,-14.06
AAV8-RK-PDE6B,3,5,1.9,232.4,-14.79
AAV8-RK-PDE6B,3,5,1.9,232.6,-15.84
AAV8-RK-PDE6B,3,5,1.9,232.8,-17.08
AAV8-RK-PDE6B,3,5,1.9,233.0,-18.41
AAV8-RK-PDE6B,3,5,1.9,233.2,-19.74
AAV8-RK-PDE6B,3,5,1.9,233.4,-21.02
AAV8-RK-PDE6B,3,5,1.9,233.6,-22.26
AAV8-RK-PDE6B,3,5,1.9,233.8,-23.54
AAV8-RK-PDE6B,3,5,1.9,234.0,-24.95
AAV8-RK-PDE6B,3,5,1.9,234.2,-26.64
AAV8-RK-PDE6B,3,5,1.9,234.4,-28.73
AAV8-RK-PDE6B,3,5,1.9,234.6,-31.35
AAV8-RK-PDE6B,3,5,1.9,234.8,-34.55
AAV8-RK-PDE6B,3,5,1.9,235.0,-38.3
AAV8-RK-PDE6B,3,5,1.9,235.2,-42.48
AAV8-RK-PDE6B,3,5,1.9,235.4,-46.89
AAV8-RK-PDE6B,3,5,1.9,235.6,-51.23
AAV8-RK-PDE6B,3,5,1.9,235.8,-55.15
AAV8-RK-PDE6B,3,5,1.9,236.0,-58.28
AAV8-RK-PDE6B,3,5,1.9,236.2,-60.23
AAV8-RK-PDE6B,3,5,1.9,236.4,-60.72
AAV8-RK-PDE6B,3,5,1.9,236.6,-59.53
AAV8-RK-PDE6B,3,5,1.9,236.8,-56.58
AAV8-RK-PDE6B,3,5,1.9,237.0,-51.93
AAV8-RK-PDE6B,3,5,1.9,237.2,-45.82
AAV8-RK-PDE6B,3,5,1.9,237.4,-38.59
AAV8-RK-PDE6B,3,5,1.9,237.6,-30.71
AAV8-RK-PDE6B,3,5,1.9,237.8,-22.71
AAV8-RK-PDE6B,3,5,1.9,238.0,-15.15
AAV8-RK-PDE6B,3,5,1.9,238.2,-8.52
AAV8-RK-PDE6B,3,5,1.9,238.4,-3.26
AAV8-RK-PDE6B,3,5,1.9,238.6,0.37
AAV8-RK-PDE6B,3,5,1.9,238.8,2.22
AAV8-RK-PDE6B,3,5,1.9,239.0,2.34
AAV8-RK-PDE6B,3,5,1.9,239.2,0.92
AAV8-RK-PDE6B,3,5,1.9,239.4,-1.71
AAV8-RK-PDE6B,3,5,1.9,239.6,-5.12
AAV8-RK-PDE6B,3,5,1.9,239.8,-8.84
AAV8-RK-PDE6B,3,5,1.9,240.0,-12.41
AAV8-RK-PDE6B,3,5,1.9,240.2,-15.42
AAV8-RK-PDE6B,3,5,1.9,240.4,-17.59
AAV8-RK-PDE6B,3,5,1.9,240.6,-18.73
AAV8-RK-PDE6B,3,5,1.9,240.8,-18.81
AAV8-RK-PDE6B,3,5,1.9,241.0,-17.94
AAV8-RK-PDE6B,3,5,1.9,241.2,-16.35
AAV8-RK-PDE6B,3,5,1.9,241.4,-14.34
AAV8-RK-PDE6B,3,5,1.9,241.6,-12.26
AAV8-RK-PDE6B,3,5,1.9,241.8,-10.47
AAV8-RK-PDE6B,3,5,1.9,242.0,-9.28
AAV8-RK-PDE6B,3,5,1.9,242.2,-8.91
AAV8-RK-PDE6B,3,5,1.9,242.4,-9.5
AAV8-RK-PDE6B,3,5,1.9,242.6,-11.09
AAV8-RK-PDE6B,3,5,1.9,242.8,-13.58
AAV8-RK-PDE6B,3,5,1.9,243.0,-16.83
AAV8-RK-PDE6B,3,5,1.9,243.2,-20.61
AAV8-RK-PDE6B,3,5,1.9,243.4,-24.68
AAV8-RK-PDE6B,3,5,1.9,243.6,-28.79
AAV8-RK-PDE6B,3,5,1.9,243.8,-32.74
AAV8-RK-PDE6B,3,5,1.9,244.0,-36.36
AAV8-RK-PDE6B,3,5,1.9,244.2,-39.57
AAV8-RK-PDE6B,3,5,1.9,244.4,-42.32
AAV8-RK-PDE6B,3,5,1.9,244.6,-44.63
AAV8-RK-PDE6B,3,5,1.9,244.8,-46.56
AAV8-RK-PDE6B,3,5,1.9,245.0,-48.16
AAV8-RK-PDE6B,3,5,1.9,245.2,-49.48
AAV8-RK-PDE6B,3,5,1.9,245.4,-50.54
AAV8-RK-PDE6B,3,5,1.9,245.6,-51.33
AAV8-RK-PDE6B,3,5,1.9,245.8,-51.79
AAV8-RK-PDE6B,3,5,1.9,246.0,-51.81
AAV8-RK-PDE6B,3,5,1.9,246.2,-51.28
AAV8-RK-PDE6B,3,5,1.9,246.4,-50.09
AAV8-RK-PDE6B,3,5,1.9,246.6,-48.16
AAV8-RK-PDE6B,3,5,1.9,246.8,-45.43
AAV8-RK-PDE6B,3,5,1.9,247.0,-41.94
AAV8-RK-PDE6B,3,5,1.9,247.2,-37.79
AAV8-RK-PDE6B,3,5,1.9,247.4,-33.15
AAV8-RK-PDE6B,3,5,1.9,247.6,-28.23
AAV8-RK-PDE6B,3,5,1.9,247.8,-51.72
AAV8-RK-PDE6B,3,5,1.9,248.0,-51.73
AAV8-RK-PDE6B,3,5,1.9,248.2,-51.08
AAV8-RK-PDE6B,3,5,1.9,248.4,-49.76
AAV8-RK-PDE6B,3,5,1.9,248.6,-47.81
AAV8-RK-PDE6B,3,5,1.9,248.8,-45.28
AAV8-RK-PDE6B,3,5,1.9,249.0,-42.26
AAV8-RK-PDE6B,3,5,1.9,249.2,-38.87
AAV8-RK-PDE6B,3,5,1.9,249.4,-35.24
AAV8-RK-PDE6B,3,5,1.9,249.6,-31.51
AAV8-RK-PDE6B,3,5,1.9,249.8,-27.83
AAV8-RK-PDE6B,3,5,1.9,250.0,-24.34
AAV8-RK-PDE6B,3,5,1.9,250.2,-21.19
AAV8-RK-PDE6B,3,5,1.9,250.4,-18.5
AAV8-RK-PDE6B,3,5,1.9,250.6,-16.38
AAV8-RK-PDE6B,3,5,1.9,250.8,-14.94
AAV8-RK-PDE6B,3,5,1.9,251.0,-14.22
AAV8-RK-PDE6B,3,5,1.9,251.2,-14.29
AAV8-RK-PDE6B,3,5,1.9,251.4,-15.14
AAV8-RK-PDE6B,3,5,1.9,251.6,-16.75
AAV8-RK-PDE6B,3,5,1.9,251.8,-19.08
AAV8-RK-PDE6B,3,5,1.9,252.0,-22.05
AAV8-RK-PDE6B,3,5,1.9,252.2,-25.54
AAV8-RK-PDE6B,3,5,1.9,252.4,-29.42
AAV8-RK-PDE6B,3,5,1.9,252.6,-33.55
AAV8-RK-PDE6B,3,5,1.9,252.8,-37.77
AAV8-RK-PDE6B,3,5,1.9,253.0,-41.93
AAV8-RK-PDE6B,3,5,1.9,253.2,-45.87
AAV8-RK-PDE6B,3,5,1.9,253.4,-49.45
AAV8-RK-PDE6B,3,5,1.9,253.6,-52.55
AAV8-RK-PDE6B,3,5,1.9,253.8,-55.08
AAV8-RK-PDE6B,3,5,1.9,254.0,-56.95
AAV8-RK-PDE6B,3,5,1.9,254.2,-58.1
AAV8-RK-PDE6B,3,5,1.9,254.4,-58.52
AAV8-RK-PDE6B,3,5,1.9,254.6,-58.17
AAV8-RK-PDE6B,3,5,1.9,254.8,-57.05
AAV8-RK-PDE6B,3,5,1.9,255.0,-55.16
AAV8-RK-PDE6B,3,5,1.9,255.2,-52.51
AAV8-RK-PDE6B,3,5,1.9,255.4,-49.11
AAV8-RK-PDE6B,3,5,1.9,255.6,-44.98
AAV8-RK-PDE6B,3,5,1.9,255.8,-40.14
AAV8-RK-PDE6B,3,5,1.9,256.0,-34.62
AAV8-RK-PDE6B,3,5,1.9,256.2,-28.46
AAV8-RK-PDE6B,3,5,1.9,256.4,-21.75
AAV8-RK-PDE6B,3,5,1.9,256.6,-14.57
AAV8-RK-PDE6B,3,5,1.9,256.8,-7.04
AAV8-RK-PDE6B,3,5,1.9,257.0,0.67
AAV8-RK-PDE6B,3,5,1.9,257.2,8.4
AAV8-RK-PDE6B,3,5,1.9,257.4,15.92
AAV8-RK-PDE6B,3,5,1.9,257.6,23.04
AAV8-RK-PDE6B,3,5,1.9,257.8,29.53
AAV8-RK-PDE6B,3,5,1.9,258.0,35.18
AAV8-RK-PDE6B,3,5,1.9,258.2,39.81
AAV8-RK-PDE6B,3,5,1.9,258.4,43.26
AAV8-RK-PDE6B,3,5,1.9,258.6,45.42
AAV8-RK-PDE6B,3,5,1.9,258.8,46.25
AAV8-RK-PDE6B,3,5,1.9,259.0,45.72
AAV8-RK-PDE6B,3,5,1.9,259.2,43.89
AAV8-RK-PDE6B,3,5,1.9,259.4,40.84
AAV8-RK-PDE6B,3,5,1.9,259.6,36.71
AAV8-RK-PDE6B,3,5,1.9,259.8,31.66
AAV8-RK-PDE6B,3,5,1.9,260.0,25.86
AAV8-RK-GFP-polyA-stuffer,4,5,1.9,0.0,-4.44
AAV8-RK-GFP-polyA-stuffer,4,5,1.9,0.2,-4.03
AAV8-RK-GFP-polyA-stuffer,4,5,1.9,0.4,-3.46
AAV8-RK-GFP-polyA-stuffer,4,5,1.9,0.6,-2.74
AAV8-RK-GFP-polyA-stuffer,4,5,1.9,0.8,-1.91
AAV8-RK-GFP-polyA-stuffer,4,5,1.9,1.0,-0.99
AAV8-RK-GFP-polyA-stuffer,4,5,1.9,1.2,-0.05
AAV8-RK-GFP-polyA-stuffer,4,5,1.9,1.4,8.43
AAV8-RK-GFP-polyA-stuffer,4,5,1.9,1.6,16.46
AAV8-RK-GFP-polyA-stuffer,4,5,1.9,1.8,23.06
AAV8-RK-GFP-polyA-stuffer,4,5,1.9,2.0,27.8
AAV8-RK-GFP-polyA-stuffer,4,5,1.9,2.2,30.39
AAV8-RK-GFP-polyA-stuffer,4,5,1.9,2.4,30.72
AAV8-RK-GFP-polyA-stuffer,4,5,1.9,2.6,28.88
AAV8-RK-GFP-polyA-stuffer,4,5,1.9,2.8,25.15
AAV8-RK-GFP-polyA-stuffer,4,5,1.9,3.0,19.97
AAV8-RK-GFP-polyA-stuffer,4,5,1.9,3.2,13.88
AAV8-RK-GFP-polyA-stuffer,4,5,1.9,3.4,7.47
AAV8-RK-GFP-polyA-stuffer,4,5,1.9,3.6,1.33
AAV8-RK-GFP-polyA-stuffer,4,5,1.9,3.8,-0.42
AAV8-RK-GFP-polyA-stuffer,4,5,1.9,4.0,-0.85
AAV8-RK-GFP-polyA-stuffer,4,5,1.9,4.2,-1.15
AAV8-RK-GFP-polyA-stuffer,4,5,1.9,4.4,-1.3
AAV8-RK-GFP-polyA-stuffer,4,5,1.9,4.6,-1.33
AAV8-RK-GFP-polyA-stuffer,4,5,1.9,4.8,-1.26
AAV8-RK-GFP-polyA-stuffer,4,5,1.9,5.0,-1.14
AAV8-RK-GFP-polyA-stuffer,4,5,1.9,5.2,-1.01
AAV8-RK-GFP-polyA-stuffer,4,5,1.9,5.4,-0.92
AAV8-RK-GFP-polyA-stuffer,4,5,1.9,5.6,-0.91
AAV8-RK-GFP-polyA-stuffer,4,5,1.9,5.8,-1.0
AAV8-RK-GFP-polyA-stuffer,4,5,1.9,6.0,-1.2
AAV8-RK-GFP-polyA-stuffer,4,5,1.9,6.2,-1.52
AAV8-RK-GFP-polyA-stuffer,4,5,1.9,6.4,-1.94
AAV8-RK-GFP-polyA-stuffer,4,5,1.9,6.6,-2.43
AAV8-RK-GFP-polyA-stuffer,4,5,1.9,6.8,-2.95
AAV8-RK-GFP-polyA-stuffer,4,5,1.9,7.0,-3.45
AAV8-RK-GFP-polyA-stuffer,4,5,1.9,7.2,-3.9
AAV8-RK-GFP-polyA-stuffer,4,5,1.9,7.4,-4.26
AAV8-RK-GFP-polyA-stuffer,4,5,1.9,7.6,-4.51
AAV8-RK-GFP-polyA-stuffer,4,5,1.9,7.8,-4.62
AAV8-RK-GFP-polyA-stuffer,4,5,1.9,8.0,-4.61
AAV8-RK-GFP-polyA-stuffer,4,5,1.9,8.2,-4.47
AAV8-RK-GFP-polyA-stuffer,4,5,1.9,8.4,-4.23
AAV8-RK-GFP-polyA-stuffer,4,5,1.9,8.6,-3.93
AAV8-RK-GFP-polyA-stuffer,4,5,1.9,8.8,-3.57
AAV8-RK-GFP-polyA-stuffer,4,5,1.9,9.0,-3.21
AAV8-RK-GFP-polyA-stuffer,4,5,1.9,9.2,-2.85
AAV8-RK-GFP-polyA-stuffer,4,5,1.9,9.4,-2.52
AAV8-RK-GFP-polyA-stuffer,4,5,1.9,9.6,-2.23
AAV8-RK-GFP-polyA-stuffer,4,5,1.9,9.8,-1.98
AAV8-RK-GFP-polyA-stuffer,4,5,1.9,10.0,-1.76
AAV8-RK-GFP-polyA-stuffer,4,5,1.9,10.2,-1.57
AAV8-RK-GFP-polyA-stuffer,4,5,1.9,10.4,-1.39
AAV8-RK-GFP-polyA-stuffer,4,5,1.9,10.6,-1.2
AAV8-RK-GFP-polyA-stuffer,4,5,1.9,10.8,-1.0
AAV8-RK-GFP-polyA-stuffer,4,5,1.9,11.0,-0.77
AAV8-RK-GFP-polyA-stuffer,4,5,1.9,11.2,-0.53
AAV8-RK-GFP-polyA-stuffer,4,5,1.9,11.4,-0.26
AAV8-RK-GFP-polyA-stuffer,4,5,1.9,11.6,0.08
AAV8-RK-GFP-polyA-stuffer,4,5,1.9,11.8,2.72
AAV8-RK-GFP-polyA-stuffer,4,5,1.9,12.0,5.19
AAV8-RK-GFP-polyA-stuffer,4,5,1.9,12.2,7.37
AAV8-RK-GFP-polyA-stuffer,4,5,1.9,12.4,9.14
AAV8-RK-GFP-polyA-stuffer,4,5,1.9,12.6,10.44
AAV8-RK-GFP-polyA-stuffer,4,5,1.9,12.8,11.23
AAV8-RK-GFP-polyA-stuffer,4,5,1.9,13.0,11.5
AAV8-RK-GFP-polyA-stuffer,4,5,1.9,13.2,11.29
AAV8-RK-GFP-polyA-stuffer,4,5,1.9,13.4,10.65
AAV8-RK-GFP-polyA-stuffer,4,5,1.9,13.6,9.66
AAV8-RK-GFP-polyA-stuffer,4,5,1.9,13.8,8.36
AAV8-RK-GFP-polyA-stuffer,4,5,1.9,14.0,6.81
AAV8-RK-GFP-polyA-stuffer,4,5,1.9,14.2,5.04
AAV8-RK-GFP-polyA-stuffer,4,5,1.9,14.4,3.07
AAV8-RK-GFP-polyA-stuffer,4,5,1.9,14.6,0.9
AAV8-RK-GFP-polyA-stuffer,4,5,1.9,14.8,-0.15
AAV8-RK-GFP-polyA-stuffer,4,5,1.9,15.0,-0.4
AAV8-RK-GFP-polyA-stuffer,4,5,1.9,15.2,-0.67
AAV8-RK-GFP-polyA-stuffer,4,5,1.9,15.4,-0.94
AAV8-RK-GFP-polyA-stuffer,4,5,1.9,15.6,-1.2
AAV8-RK-GFP-polyA-stuffer,4,5,1.9,15.8,-1.43
AAV8-RK-GFP-polyA-stuffer,4,5,1.9,16.0,-1.62
AAV8-RK-GFP-polyA-stuffer,4,5,1.9,16.2,-1.75
AAV8-RK-GFP-polyA-stuffer,4,5,1.9,16.4,-1.82
AAV8-RK-GFP-polyA-stuffer,4,5,1.9,16.6,-1.82
AAV8-RK-GFP-polyA-stuffer,4,5,1.9,16.8,-1.74
AAV8-RK-GFP-polyA-stuffer,4,5,1.9,17.0,-1.6
AAV8-RK-GFP-polyA-stuffer,4,5,1.9,17.2,-1.43
AAV8-RK-GFP-polyA-stuffer,4,5,1.9,17.4,-1.24
AAV8-RK-GFP-polyA-stuffer,4,5,1.9,17.6,-1.07
AAV8-RK-GFP-polyA-stuffer,4,5,1.9,17.8,-0.96
AAV8-RK-GFP-polyA-stuffer,4,5,1.9,18.0,-0.94
AAV8-RK-GFP-polyA-stuffer,4,5,1.9,18.2,-1.02
AAV8-RK-GFP-polyA-stuffer,4,5,1.9,18.4,-1.22
AAV8-RK-GFP-polyA-stuffer,4,5,1.9,18.6,-1.54
AAV8-RK-GFP-polyA-stuffer,4,5,1.9,18.8,-1.96
AAV8-RK-GFP-polyA-stuffer,4,5,1.9,19.0,-2.45
AAV8-RK-GFP-polyA-stuffer,4,5,1.9,19.2,-2.94
AAV8-RK-GFP-polyA-stuffer,4,5,1.9,19.4,-3.39
AAV8-RK-GFP-polyA-stuffer,4,5,1.9,19.6,-3.74
AAV8-RK-GFP-polyA-stuffer,4,5,1.9,19.8,-3.94
AAV8-RK-GFP-polyA-stuffer,4,5,1.9,20.0,-3.93
AAV8-RK-GFP-polyA-stuffer,4,5,1.9,20.2,-3.7
AAV8-RK-GFP-polyA-stuffer,4,5,1.9,20.4,-3.25
AAV8-RK-GFP-polyA-stuffer,4,5,1.9,20.6,-2.6
AAV8-RK-GFP-polyA-stuffer,4,5,1.9,20.8,-1.79
AAV8-RK-GFP-polyA-stuffer,4,5,1.9,21.0,-0.91
AAV8-RK-GFP-polyA-stuffer,4,5,1.9,21.2,-0.03
AAV8-RK-GFP-polyA-stuffer,4,5,1.9,21.4,7.35
AAV8-RK-GFP-polyA-stuffer,4,5,1.9,21.6,13.12
AAV8-RK-GFP-polyA-stuffer,4,5,1.9,21.8,16.27
AAV8-RK-GFP-polyA-stuffer,4,5,1.9,22.0,16.25
AAV8-RK-GFP-polyA-stuffer,4,5,1.9,22.2,12.79
AAV8-RK-GFP-polyA-stuffer,4,5,1.9,22.4,5.93
AAV8-RK-GFP-polyA-stuffer,4,5,1.9,22.6,-0.4
AAV8-RK-GFP-polyA-stuffer,4,5,1.9,22.8,-1.65
AAV8-RK-GFP-polyA-stuffer,4,5,1.9,23.0,-3.05
AAV8-RK-GFP-polyA-stuffer,4,5,1.9,23.2,-4.47
AAV8-RK-GFP-polyA-stuffer,4,5,1.9,23.4,-5.81
AAV8-RK-GFP-polyA-stuffer,4,5,1.9,23.6,-6.95
AAV8-RK-GFP-polyA-stuffer,4,5,1.9,23.8,-7.8
AAV8-RK-GFP-polyA-stuffer,4,5,1.9,24.0,-8.3
AAV8-RK-GFP-polyA-stuffer,4,5,1.9,24.2,-8.41
AAV8-RK-GFP-polyA-stuffer,4,5,1.9,24.4,-8.14
AAV8-RK-GFP-polyA-stuffer,4,5,1.9,24.6,-7.53
AAV8-RK-GFP-polyA-stuffer,4,5,1.9,24.8,-6.64
AAV8-RK-GFP-polyA-stuffer,4,5,1.9,25.0,-5.58
AAV8-RK-GFP-polyA-stuffer,4,5,1.9,25.2,-4.44
AAV8-RK-GFP-polyA-stuffer,4,5,1.9,25.4,-3.34
AAV8-RK-GFP-polyA-stuffer,4,5,1.9,25.6,-2.37
AAV8-RK-GFP-polyA-stuffer,4,5,1.9,25.8,-1.62
AAV8-RK-GFP-polyA-stuffer,4,5,1.9,26.0,-1.14
AAV8-RK-GFP-polyA-stuffer,4,5,1.9,26.2,-0.95
AAV8-RK-GFP-polyA-stuffer,4,5,1.9,26.4,-1.04
AAV8-RK-GFP-polyA-stuffer,4,5,1.9,26.6,-1.37
AAV8-RK-GFP-polyA-stuffer,4,5,1.9,26.8,-1.89
AAV8-RK-GFP-polyA-stuffer,4,5,1.9,27.0,-2.51
AAV8-RK-GFP-polyA-stuffer,4,5,1.9,27.2,-3.15
AAV8-RK-GFP-polyA-stuffer,4,5,1.9,27.4,-3.75
AAV8-RK-GFP-polyA-stuffer,4,5,1.9,27.6,-4.22
AAV8-RK-GFP-polyA-stuffer,4,5,1.9,27.8,-4.52
AAV8-RK-GFP-polyA-stuffer,4,5,1.9,28.0,-4.63
AAV8-RK-GFP-polyA-stuffer,4,5,1.9,28.2,-4.55
AAV8-RK-GFP-polyA-stuffer,4,5,1.9,28.4,-4.3
AAV8-RK-GFP-polyA-stuffer,4,5,1.9,28.6,-3.92
AAV8-RK-GFP-polyA-stuffer,4,5,1.9,28.8,-3.47
AAV8-RK-GFP-polyA-stuffer,4,5,1.9,29.0,-2.98
AAV8-RK-GFP-polyA-stuffer,4,5,1.9,29.2,-2.53
AAV8-RK-GFP-polyA-stuffer,4,5,1.9,29.4,-2.15
AAV8-RK-GFP-polyA-stuffer,4,5,1.9,29.6,-1.88
AAV8-RK-GFP-polyA-stuffer,4,5,1.9,29.8,-1.71
AAV8-RK-GFP-polyA-stuffer,4,5,1.9,30.0,-1.66
AAV8-RK-GFP-polyA-stuffer,4,5,1.9,30.2,-1.69
AAV8-RK-GFP-polyA-stuffer,4,5,1.9,30.4,-1.78
AAV8-RK-GFP-polyA-stuffer,4,5,1.9,30.6,-1.9
AAV8-RK-GFP-polyA-stuffer,4,5,1.9,30.8,-1.99
AAV8-RK-GFP-polyA-stuffer,4,5,1.9,31.0,-2.03
AAV8-RK-GFP-polyA-stuffer,4,5,1.9,31.2,-2.0
AAV8-RK-GFP-polyA-stuffer,4,5,1.9,31.4,-1.87
AAV8-RK-GFP-polyA-stuffer,4,5,1.9,31.6,-1.65
AAV8-RK-GFP-polyA-stuffer,4,5,1.9,31.8,-1.35
AAV8-RK-GFP-polyA-stuffer,4,5,1.9,32.0,-1.01
AAV8-RK-GFP-polyA-stuffer,4,5,1.9,32.2,-0.64
AAV8-RK-GFP-polyA-stuffer,4,5,1.9,32.4,-0.29
AAV8-RK-GFP-polyA-stuffer,4,5,1.9,32.6,0.16
AAV8-RK-GFP-polyA-stuffer,4,5,1.9,32.8,2.34
AAV8-RK-GFP-polyA-stuffer,4,5,1.9,33.0,3.52
AAV8-RK-GFP-polyA-stuffer,4,5,1.9,33.2,3.57
AAV8-RK-GFP-polyA-stuffer,4,5,1.9,33.4,2.5
AAV8-RK-GFP-polyA-stuffer,4,5,1.9,33.6,0.36
AAV8-RK-GFP-polyA-stuffer,4,5,1.9,33.8,-0.27
AAV8-RK-GFP-polyA-stuffer,4,5,1.9,34.0,-0.65
AAV8-RK-GFP-polyA-stuffer,4,5,1.9,34.2,-1.08
AAV8-RK-GFP-polyA-stuffer,4,5,1.9,34.4,-1.52
AAV8-RK-GFP-polyA-stuffer,4,5,1.9,34.6,-1.96
AAV8-RK-GFP-polyA-stuffer,4,5,1.9,34.8,-2.37
AAV8-RK-GFP-polyA-stuffer,4,5,1.9,35.0,-2.74
AAV8-RK-GFP-polyA-stuffer,4,5,1.9,35.2,-3.06
AAV8-RK-GFP-polyA-stuffer,4,5,1.9,35.4,-3.31
AAV8-RK-GFP-polyA-stuffer,4,5,1.9,35.6,-3.49
AAV8-RK-GFP-polyA-stuffer,4,5,1.9,35.8,-3.6
AAV8-RK-GFP-polyA-stuffer,4,5,1.9,36.0,-3.64
AAV8-RK-GFP-polyA-stuffer,4,5,1.9,36.2,-3.61
AAV8-RK-GFP-polyA-stuffer,4,5,1.9,36.4,-3.52
AAV8-RK-GFP-polyA-stuffer,4,5,1.9,36.6,-3.36
AAV8-RK-GFP-polyA-stuffer,4,5,1.9,36.8,-3.14
AAV8-RK-GFP-polyA-stuffer,4,5,1.9,37.0,-2.89
AAV8-RK-GFP-polyA-stuffer,4,5,1.9,37.2,-2.6
AAV8-RK-GFP-polyA-stuffer,4,5,1.9,37.4,-2.31
AAV8-RK-GFP-polyA-stuffer,4,5,1.9,37.6,-2.04
AAV8-RK-GFP-polyA-stuffer,4,5,1.9,37.8,-1.81
AAV8-RK-GFP-polyA-stuffer,4,5,1.9,38.0,-1.65
AAV8-RK-GFP-polyA-stuffer,4,5,1.9,38.2,-1.58
AAV8-RK-GFP-polyA-stuffer,4,5,1.9,38.4,-1.61
AAV8-RK-GFP-polyA-stuffer,4,5,1.9,38.6,-1.74
AAV8-RK-GFP-polyA-stuffer,4,5,1.9,38.8,-1.97
AAV8-RK-GFP-polyA-stuffer,4,5,1.9,39.0,-2.27
AAV8-RK-GFP-polyA-stuffer,4,5,1.9,39.2,-2.62
AAV8-RK-GFP-polyA-stuffer,4,5,1.9,39.4,-2.97
AAV8-RK-GFP-polyA-stuffer,4,5,1.9,39.6,-3.27
AAV8-RK-GFP-polyA-stuffer,4,5,1.9,39.8,-3.47
AAV8-RK-GFP-polyA-stuffer,4,5,1.9,40.0,-3.52
AAV8-RK-GFP-polyA-stuffer,4,5,1.9,40.2,-3.4
AAV8-RK-GFP-polyA-stuffer,4,5,1.9,40.4,-3.07
AAV8-RK-GFP-polyA-stuffer,4,5,1.9,40.6,-2.54
AAV8-RK-GFP-polyA-stuffer,4,5,1.9,40.8,-1.83
AAV8-RK-GFP-polyA-stuffer,4,5,1.9,41.0,-0.99
AAV8-RK-GFP-polyA-stuffer,4,5,1.9,41.2,-0.09
AAV8-RK-GFP-polyA-stuffer,4,5,1.9,41.4,7.84
AAV8-RK-GFP-polyA-stuffer,4,5,1.9,41.6,15.6
AAV8-RK-GFP-polyA-stuffer,4,5,1.9,41.8,21.6
AAV8-RK-GFP-polyA-stuffer,4,5,1.9,42.0,25.14
AAV8-RK-GFP-polyA-stuffer,4,5,1.9,42.2,25.71
AAV8-RK-GFP-polyA-stuffer,4,5,1.9,42.4,23.05
AAV8-RK-GFP-polyA-stuffer,4,5,1.9,42.6,17.2
AAV8-RK-GFP-polyA-stuffer,4,5,1.9,42.8,8.51
AAV8-RK-GFP-polyA-stuffer,4,5,1.9,43.0,-0.24
AAV8-RK-GFP-polyA-stuffer,4,5,1.9,43.2,-1.5
AAV8-RK-GFP-polyA-stuffer,4,5,1.9,43.4,-2.78
AAV8-RK-GFP-polyA-stuffer,4,5,1.9,43.6,-3.99
AAV8-RK-GFP-polyA-stuffer,4,5,1.9,43.8,-5.01
AAV8-RK-GFP-polyA-stuffer,4,5,1.9,44.0,-5.76
AAV8-RK-GFP-polyA-stuffer,4,5,1.9,44.2,-6.17
AAV8-RK-GFP-polyA-stuffer,4,5,1.9,44.4,-6.21
AAV8-RK-GFP-polyA-stuffer,4,5,1.9,44.6,-5.89
AAV8-RK-GFP-polyA-stuffer,4,5,1.9,44.8,-5.24
AAV8-RK-GFP-polyA-stuffer,4,5,1.9,45.0,-4.34
AAV8-RK-GFP-polyA-stuffer,4,5,1.9,45.2,-3.27
AAV8-RK-GFP-polyA-stuffer,4,5,1.9,45.4,-2.15
AAV8-RK-GFP-polyA-stuffer,4,5,1.9,45.6,-1.08
AAV8-RK-GFP-polyA-stuffer,4,5,1.9,45.8,-0.17
AAV8-RK-GFP-polyA-stuffer,4,5,1.9,46.0,4.87
AAV8-RK-GFP-polyA-stuffer,4,5,1.9,46.2,8.53
AAV8-RK-GFP-polyA-stuffer,4,5,1.9,46.4,9.08
AAV8-RK-GFP-polyA-stuffer,4,5,1.9,46.6,6.63
AAV8-RK-GFP-polyA-stuffer,4,5,1.9,46.8,1.59
AAV8-RK-GFP-polyA-stuffer,4,5,1.9,47.0,-0.55
AAV8-RK-GFP-polyA-stuffer,4,5,1.9,47.2,-1.38
AAV8-RK-GFP-polyA-stuffer,4,5,1.9,47.4,-2.22
AAV8-RK-GFP-polyA-stuffer,4,5,1.9,47.6,-2.98
AAV8-RK-GFP-polyA-stuffer,4,5,1.9,47.8,-3.59
AAV8-RK-GFP-polyA-stuffer,4,5,1.9,48.0,-3.97
AAV8-RK-GFP-polyA-stuffer,4,5,1.9,48.2,-4.11
AAV8-RK-GFP-polyA-stuffer,4,5,1.9,48.4,-3.99
AAV8-RK-GFP-polyA-stuffer,4,5,1.9,48.6,-3.64
AAV8-RK-GFP-polyA-stuffer,4,5,1.9,48.8,-3.1
AAV8-RK-GFP-polyA-stuffer,4,5,1.9,49.0,-2.43
AAV8-RK-GFP-polyA-stuffer,4,5,1.9,49.2,-1.72
AAV8-RK-GFP-polyA-stuffer,4,5,1.9,49.4,-1.04
AAV8-RK-GFP-polyA-stuffer,4,5,1.9,49.6,-0.46
AAV8-RK-GFP-polyA-stuffer,4,5,1.9,49.8,-0.03
AAV8-RK-GFP-polyA-stuffer,4,5,1.9,50.0,2.07
AAV8-RK-GFP-polyA-stuffer,4,5,1.9,50.2,2.51
AAV8-RK-GFP-polyA-stuffer,4,5,1.9,50.4,1.11
AAV8-RK-GFP-polyA-stuffer,4,5,1.9,50.6,-0.18
AAV8-RK-GFP-polyA-stuffer,4,5,1.9,50.8,-0.59
AAV8-RK-GFP-polyA-stuffer,4,5,1.9,51.0,-1.04
AAV8-RK-GFP-polyA-stuffer,4,5,1.9,51.2,-1.47
AAV8-RK-GFP-polyA-stuffer,4,5,1.9,51.4,-1.84
AAV8-RK-GFP-polyA-stuffer,4,5,1.9,51.6,-2.08
AAV8-RK-GFP-polyA-stuffer,4,5,1.9,51.8,-2.16
AAV8-RK-GFP-polyA-stuffer,4,5,1.9,52.0,-2.08
AAV8-RK-GFP-polyA-stuffer,4,5,1.9,52.2,-1.83
AAV8-RK-GFP-polyA-stuffer,4,5,1.9,52.4,-1.43
AAV8-RK-GFP-polyA-stuffer,4,5,1.9,52.6,-0.92
AAV8-RK-GFP-polyA-stuffer,4,5,1.9,52.8,-0.35
AAV8-RK-GFP-polyA-stuffer,4,5,1.9,53.0,2.23
AAV8-RK-GFP-polyA-stuffer,4,5,1.9,53.2,7.44
AAV8-RK-GFP-polyA-stuffer,4,5,1.9,53.4,11.73
AAV8-RK-GFP-polyA-stuffer,4,5,1.9,53.6,14.71
AAV8-RK-GFP-polyA-stuffer,4,5,1.9,53.8,16.09
AAV8-RK-GFP-polyA-stuffer,4,5,1.9,54.0,15.76
AAV8-RK-GFP-polyA-stuffer,4,5,1.9,54.2,13.7
AAV8-RK-GFP-polyA-stuffer,4,5,1.9,54.4,10.07
AAV8-RK-GFP-polyA-stuffer,4,5,1.9,54.6,5.13
AAV8-RK-GFP-polyA-stuffer,4,5,1.9,54.8,-0.08
AAV8-RK-GFP-polyA-stuffer,4,5,1.9,55.0,-0.74
AAV8-RK-GFP-polyA-stuffer,4,5,1.9,55.2,-1.41
AAV8-RK-GFP-polyA-stuffer,4,5,1.9,55.4,-2.04
AAV8-RK-GFP-polyA-stuffer,4,5,1.9,55.6,-2.6
AAV8-RK-GFP-polyA-stuffer,4,5,1.9,55.8,-3.05
AAV8-RK-GFP-polyA-stuffer,4,5,1.9,56.0,-3.36
AAV8-RK-GFP-polyA-stuffer,4,5,1.9,56.2,-3.53
AAV8-RK-GFP-polyA-stuffer,4,5,1.9,56.4,-3.55
AAV8-RK-GFP-polyA-stuffer,4,5,1.9,56.6,-3.43
AAV8-RK-GFP-polyA-stuffer,4,5,1.9,56.8,-3.18
AAV8-RK-GFP-polyA-stuffer,4,5,1.9,57.0,-2.84
AAV8-RK-GFP-polyA-stuffer,4,5,1.9,57.2,-2.44
AAV8-RK-GFP-polyA-stuffer,4,5,1.9,57.4,-2.01
AAV8-RK-GFP-polyA-stuffer,4,5,1.9,57.6,-1.6
AAV8-RK-GFP-polyA-stuffer,4,5,1.9,57.8,-1.25
AAV8-RK-GFP-polyA-stuffer,4,5,1.9,58.0,-0.99
AAV8-RK-GFP-polyA-stuffer,4,5,1.9,58.2,-0.84
AAV8-RK-GFP-polyA-stuffer,4,5,1.9,58.4,-0.81
AAV8-RK-GFP-polyA-stuffer,4,5,1.9,58.6,-0.91
AAV8-RK-GFP-polyA-stuffer,4,5,1.9,58.8,-1.12
AAV8-RK-GFP-polyA-stuffer,4,5,1.9,59.0,-1.42
AAV8-RK-GFP-polyA-stuffer,4,5,1.9,59.2,-1.78
AAV8-RK-GFP-polyA-stuffer,4,5,1.9,59.4,-2.14
AAV8-RK-GFP-polyA-stuffer,4,5,1.9,59.6,-2.47
AAV8-RK-GFP-polyA-stuffer,4,5,1.9,59.8,-2.72
AAV8-RK-GFP-polyA-stuffer,4,5,1.9,60.0,-2.84
AAV8-RK-GFP-polyA-stuffer,4,5,1.9,60.2,-2.82
AAV8-RK-GFP-polyA-stuffer,4,5,1.9,60.4,-2.64
AAV8-RK-GFP-polyA-stuffer,4,5,1.9,60.6,-2.29
AAV8-RK-GFP-polyA-stuffer,4,5,1.9,60.8,-1.81
AAV8-RK-GFP-polyA-stuffer,4,5,1.9,61.0,-1.23
AAV8-RK-GFP-polyA-stuffer,4,5,1.9,61.2,-0.6
AAV8-RK-GFP-polyA-stuffer,4,5,1.9,61.4,0.1
AAV8-RK-GFP-polyA-stuffer,4,5,1.9,61.6,5.32
AAV8-RK-GFP-polyA-stuffer,4,5,1.9,61.8,9.18
AAV8-RK-GFP-polyA-stuffer,4,5,1.9,62.0,11.19
AAV8-RK-GFP-polyA-stuffer,4,5,1.9,62.2,11.01
AAV8-RK-GFP-polyA-stuffer,4,5,1.9,62.4,8.53
AAV8-RK-GFP-polyA-stuffer,4,5,1.9,62.6,3.85
AAV8-RK-GFP-polyA-stuffer,4,5,1.9,62.8,-0.27
AAV8-RK-GFP-polyA-stuffer,4,5,1.9,63.0,-1.07
AAV8-RK-GFP-polyA-stuffer,4,5,1.9,63.2,-1.93
AAV8-RK-GFP-polyA-stuffer,4,5,1.9,63.4,-2.77
AAV8-RK-GFP-polyA-stuffer,4,5,1.9,63.6,-3.5
AAV8-RK-GFP-polyA-stuffer,4,5,1.9,63.8,-4.04
AAV8-RK-GFP-polyA-stuffer,4,5,1.9,64.0,-4.34
AAV8-RK-GFP-polyA-stuffer,4,5,1.9,64.2,-4.35
AAV8-RK-GFP-polyA-stuffer,4,5,1.9,64.4,-4.07
AAV8-RK-GFP-polyA-stuffer,4,5,1.9,64.6,-3.51
AAV8-RK-GFP-polyA-stuffer,4,5,1.9,64.8,-2.73
AAV8-RK-GFP-polyA-stuffer,4,5,1.9,65.0,-1.79
AAV8-RK-GFP-polyA-stuffer,4,5,1.9,65.2,-0.79
AAV8-RK-GFP-polyA-stuffer,4,5,1.9,65.4,1.75
AAV8-RK-GFP-polyA-stuffer,4,5,1.9,65.6,9.96
AAV8-RK-GFP-polyA-stuffer,4,5,1.9,65.8,16.09
AAV8-RK-GFP-polyA-stuffer,4,5,1.9,66.0,19.5
AAV8-RK-GFP-polyA-stuffer,4,5,1.9,66.2,19.83
AAV8-RK-GFP-polyA-stuffer,4,5,1.9,66.4,17.01
AAV8-RK-GFP-polyA-stuffer,4,5,1.9,66.6,11.3
AAV8-RK-GFP-polyA-stuffer,4,5,1.9,66.8,3.23
AAV8-RK-GFP-polyA-stuffer,4,5,1.9,67.0,-0.66
AAV8-RK-GFP-polyA-stuffer,4,5,1.9,67.2,-1.71
AAV8-RK-GFP-polyA-stuffer,4,5,1.9,67.4,-2.73
AAV8-RK-GFP-polyA-stuffer,4,5,1.9,67.6,-3.62
AAV8-RK-GFP-polyA-stuffer,4,5,1.9,67.8,-4.3
AAV8-RK-GFP-polyA-stuffer,4,5,1.9,68.0,-4.71
AAV8-RK-GFP-polyA-stuffer,4,5,1.9,68.2,-4.82
AAV8-RK-GFP-polyA-stuffer,4,5,1.9,68.4,-4.62
AAV8-RK-GFP-polyA-stuffer,4,5,1.9,68.6,-4.14
AAV8-RK-GFP-polyA-stuffer,4,5,1.9,68.8,-3.46
AAV8-RK-GFP-polyA-stuffer,4,5,1.9,69.0,-2.63
AAV8-RK-GFP-polyA-stuffer,4,5,1.9,69.2,-1.74
AAV8-RK-GFP-polyA-stuffer,4,5,1.9,69.4,-0.9
AAV8-RK-GFP-polyA-stuffer,4,5,1.9,69.6,-0.18
AAV8-RK-GFP-polyA-stuffer,4,5,1.9,69.8,3.56
AAV8-RK-GFP-polyA-stuffer,4,5,1.9,70.0,6.63
AAV8-RK-GFP-polyA-stuffer,4,5,1.9,70.2,7.35
AAV8-RK-GFP-polyA-stuffer,4,5,1.9,70.4,5.85
AAV8-RK-GFP-polyA-stuffer,4,5,1.9,70.6,2.53
AAV8-RK-GFP-polyA-stuffer,4,5,1.9,70.8,-0.21
AAV8-RK-GFP-polyA-stuffer,4,5,1.9,71.0,-0.73
AAV8-RK-GFP-polyA-stuffer,4,5,1.9,71.2,-1.22
AAV8-RK-GFP-polyA-stuffer,4,5,1.9,71.4,-1.6
AAV8-RK-GFP-polyA-stuffer,4,5,1.9,71.6,-1.81
AAV8-RK-GFP-polyA-stuffer,4,5,1.9,71.8,-1.79
AAV8-RK-GFP-polyA-stuffer,4,5,1.9,72.0,-1.54
AAV8-RK-GFP-polyA-stuffer,4,5,1.9,72.2,-1.04
AAV8-RK-GFP-polyA-stuffer,4,5,1.9,72.4,-0.34
AAV8-RK-GFP-polyA-stuffer,4,5,1.9,72.6,5.18
AAV8-RK-GFP-polyA-stuffer,4,5,1.9,72.8,14.49
AAV8-RK-GFP-polyA-stuffer,4,5,1.9,73.0,23.87
AAV8-RK-GFP-polyA-stuffer,4,5,1.9,73.2,32.49
AAV8-RK-GFP-polyA-stuffer,4,5,1.9,73.4,39.58
AAV8-RK-GFP-polyA-stuffer,4,5,1.9,73.6,44.49
AAV8-RK-GFP-polyA-stuffer,4,5,1.9,73.8,46.75
AAV8-RK-GFP-polyA-stuffer,4,5,1.9,74.0,46.13
AAV8-RK-GFP-polyA-stuffer,4,5,1.9,74.2,42.63
AAV8-RK-GFP-polyA-stuffer,4,5,1.9,74.4,36.52
AAV8-RK-GFP-polyA-stuffer,4,5,1.9,74.6,28.26
AAV8-RK-GFP-polyA-stuffer,4,5,1.9,74.8,18.48
AAV8-RK-GFP-polyA-stuffer,4,5,1.9,75.0,7.95
AAV8-RK-GFP-polyA-stuffer,4,5,1.9,75.2,-2.53
AAV8-RK-GFP-polyA-stuffer,4,5,1.9,75.4,-12.2
AAV8-RK-GFP-polyA-stuffer,4,5,1.9,75.6,-20.36
AAV8-RK-GFP-polyA-stuffer,4,5,1.9,75.8,-26.49
AAV8-RK-GFP-polyA-stuffer,4,5,1.9,76.0,-30.22
AAV8-RK-GFP-polyA-stuffer,4,5,1.9,76.2,-31.42
AAV8-RK-GFP-polyA-stuffer,4,5,1.9,76.4,-30.17
AAV8-RK-GFP-polyA-stuffer,4,5,1.9,76.6,-26.75
AAV8-RK-GFP-polyA-stuffer,4,5,1.9,76.8,-21.59
AAV8-RK-GFP-polyA-stuffer,4,5,1.9,77.0,-15.29
AAV8-RK-GFP-polyA-stuffer,4,5,1.9,77.2,-8.47
AAV8-RK-GFP-polyA-stuffer,4,5,1.9,77.4,-1.81
AAV8-RK-GFP-polyA-stuffer,4,5,1.9,77.6,4.08
AAV8-RK-GFP-polyA-stuffer,4,5,1.9,77.8,8.68
AAV8-RK-GFP-polyA-stuffer,4,5,1.9,78.0,11.61
AAV8-RK-GFP-polyA-stuffer,4,5,1.9,78.2,12.64
AAV8-RK-GFP-polyA-stuffer,4,5,1.9,78.4,11.74
AAV8-RK-GFP-polyA-stuffer,4,5,1.9,78.6,9.04
AAV8-RK-GFP-polyA-stuffer,4,5,1.9,78.8,4.85
AAV8-RK-GFP-polyA-stuffer,4,5,1.9,79.0,-0.41
AAV8-RK-GFP-polyA-stuffer,4,5,1.9,79.2,-6.22
AAV8-RK-GFP-polyA-stuffer,4,5,1.9,79.4,-12.03
AAV8-RK-GFP-polyA-stuffer,4,5,1.9,79.6,-17.3
AAV8-RK-GFP-polyA-stuffer,4,5,1.9,79.8,-21.55
AAV8-RK-GFP-polyA-stuffer,4,5,1.9,80.0,-24.42
AAV8-RK-GFP-polyA-stuffer,4,5,1.9,80.2,-25.67
AAV8-RK-GFP-polyA-stuffer,4,5,1.9,80.4,-25.22
AAV8-RK-GFP-polyA-stuffer,4,5,1.9,80.6,-23.15
AAV8-RK-GFP-polyA-stuffer,4,5,1.9,80.8,-19.68
AAV8-RK-GFP-polyA-stuffer,4,5,1.9,81.0,-15.17
AAV8-RK-GFP-polyA-stuffer,4,5,1.9,81.2,-10.05
AAV8-RK-GFP-polyA-stuffer,4,5,1.9,81.4,-4.8
AAV8-RK-GFP-polyA-stuffer,4,5,1.9,81.6,0.12
AAV8-RK-GFP-polyA-stuffer,4,5,1.9,81.8,4.27
AAV8-RK-GFP-polyA-stuffer,4,5,1.9,82.0,7.34
AAV8-RK-GFP-polyA-stuffer,4,5,1.9,82.2,9.12
AAV8-RK-GFP-polyA-stuffer,4,5,1.9,82.4,9.55
AAV8-RK-GFP-polyA-stuffer,4,5,1.9,82.6,8.71
AAV8-RK-GFP-polyA-stuffer,4,5,1.9,82.8,6.8
AAV8-RK-GFP-polyA-stuffer,4,5,1.9,83.0,4.15
AAV8-RK-GFP-polyA-stuffer,4,5,1.9,83.2,1.15
AAV8-RK-GFP-polyA-stuffer,4,5,1.9,83.4,-1.8
AAV8-RK-GFP-polyA-stuffer,4,5,1.9,83.6,-4.31
AAV8-RK-GFP-polyA-stuffer,4,5,1.9,83.8,-6.03
AAV8-RK-GFP-polyA-stuffer,4,5,1.9,84.0,-6.76
AAV8-RK-GFP-polyA-stuffer,4,5,1.9,84.2,-6.36
AAV8-RK-GFP-polyA-stuffer,4,5,1.9,84.4,-4.88
AAV8-RK-GFP-polyA-stuffer,4,5,1.9,84.6,-2.48
AAV8-RK-GFP-polyA-stuffer,4,5,1.9,84.8,0.58
AAV8-RK-GFP-polyA-stuffer,4,5,1.9,85.0,3.94
AAV8-RK-GFP-polyA-stuffer,4,5,1.9,85.2,7.19
AAV8-RK-GFP-polyA-stuffer,4,5,1.9,85.4,9.94
AAV8-RK-GFP-polyA-stuffer,4,5,1.9,85.6,11.84
AAV8-RK-GFP-polyA-stuffer,4,5,1.9,85.8,12.6
AAV8-RK-GFP-polyA-stuffer,4,5,1.9,86.0,12.08
AAV8-RK-GFP-polyA-stuffer,4,5,1.9,86.2,10.24
AAV8-RK-GFP-polyA-stuffer,4,5,1.9,86.4,7.2
AAV8-RK-GFP-polyA-stuffer,4,5,1.9,86.6,3.18
AAV8-RK-GFP-polyA-stuffer,4,5,1.9,86.8,-1.47
AAV8-RK-GFP-polyA-stuffer,4,5,1.9,87.0,-6.37
AAV8-RK-GFP-polyA-stuffer,4,5,1.9,87.2,-11.08
AAV8-RK-GFP-polyA-stuffer,4,5,1.9,87.4,-15.2
AAV8-RK-GFP-polyA-stuffer,4,5,1.9,87.6,-18.36
AAV8-RK-GFP-polyA-stuffer,4,5,1.9,87.8,-20.31
AAV8-RK-GFP-polyA-stuffer,4,5,1.9,88.0,-20.91
AAV8-RK-GFP-polyA-stuffer,4,5,1.9,88.2,-20.13
AAV8-RK-GFP-polyA-stuffer,4,5,1.9,88.4,-18.08
AAV8-RK-GFP-polyA-stuffer,4,5,1.9,88.6,-14.99
AAV8-RK-GFP-polyA-stuffer,4,5,1.9,88.8,-11.17
AAV8-RK-GFP-polyA-stuffer,4,5,1.9,89.0,-6.99
AAV8-RK-GFP-polyA-stuffer,4,5,1.9,89.2,-2.85
AAV8-RK-GFP-polyA-stuffer,4,5,1.9,89.4,0.86
AAV8-RK-GFP-polyA-stuffer,4,5,1.9,89.6,3.84
AAV8-RK-GFP-polyA-stuffer,4,5,1.9,89.8,5.82
AAV8-RK-GFP-polyA-stuffer,4,5,1.9,90.0,6.65
AAV8-RK-GFP-polyA-stuffer,4,5,1.9,90.2,6.31
AAV8-RK-GFP-polyA-stuffer,4,5,1.9,90.4,4.86
AAV8-RK-GFP-polyA-stuffer,4,5,1.9,90.6,2.47
AAV8-RK-GFP-polyA-stuffer,4,5,1.9,90.8,-0.59
AAV8-RK-GFP-polyA-stuffer,4,5,1.9,91.0,-4.01
AAV8-RK-GFP-polyA-stuffer,4,5,1.9,91.2,-7.45
AAV8-RK-GFP-polyA-stuffer,4,5,1.9,91.4,-10.56
AAV8-RK-GFP-polyA-stuffer,4,5,1.9,91.6,-13.02
AAV8-RK-GFP-polyA-stuffer,4,5,1.9,91.8,-14.57
AAV8-RK-GFP-polyA-stuffer,4,5,1.9,92.0,-15.04
AAV8-RK-GFP-polyA-stuffer,4,5,1.9,92.2,-14.33
AAV8-RK-GFP-polyA-stuffer,4,5,1.9,92.4,-12.44
AAV8-RK-GFP-polyA-stuffer,4,5,1.9,92.6,-9.5
AAV8-RK-GFP-polyA-stuffer,4,5,1.9,92.8,-5.7
AAV8-RK-GFP-polyA-stuffer,4,5,1.9,93.0,-1.31
AAV8-RK-GFP-polyA-stuffer,4,5,1.9,93.2,3.32
AAV8-RK-GFP-polyA-stuffer,4,5,1.9,93.4,7.83
AAV8-RK-GFP-polyA-stuffer,4,5,1.9,93.6,11.84
AAV8-RK-GFP-polyA-stuffer,4,5,1.9,93.8,15.02
AAV8-RK-GFP-polyA-stuffer,4,5,1.9,94.0,17.07
AAV8-RK-GFP-polyA-stuffer,4,5,1.9,94.2,17.77
AAV8-RK-GFP-polyA-stuffer,4,5,1.9,94.4,17.02
AAV8-RK-GFP-polyA-stuffer,4,5,1.9,94.6,14.83
AAV8-RK-GFP-polyA-stuffer,4,5,1.9,94.8,11.31
AAV8-RK-GFP-polyA-stuffer,4,5,1.9,95.0,6.72
AAV8-RK-GFP-polyA-stuffer,4,5,1.9,95.2,1.4
AAV8-RK-GFP-polyA-stuffer,4,5,1.9,95.4,-4.24
AAV8-RK-GFP-polyA-stuffer,4,5,1.9,95.6,-9.73
AAV8-RK-GFP-polyA-stuffer,4,5,1.9,95.8,-14.61
AAV8-RK-GFP-polyA-stuffer,4,5,1.9,96.0,-18.45
AAV8-RK-GFP-polyA-stuffer,4,5,1.9,96.2,-20.91
AAV8-RK-GFP-polyA-stuffer,4,5,1.9,96.4,-21.76
AAV8-RK-GFP-polyA-stuffer,4,5,1.9,96.6,-20.94
AAV8-RK-GFP-polyA-stuffer,4,5,1.9,96.8,-18.51
AAV8-RK-GFP-polyA-stuffer,4,5,1.9,97.0,-14.73
AAV8-RK-GFP-polyA-stuffer,4,5,1.9,97.2,-9.98
AAV8-RK-GFP-polyA-stuffer,4,5,1.9,97.4,-4.75
AAV8-RK-GFP-polyA-stuffer,4,5,1.9,97.6,0.38
AAV8-RK-GFP-polyA-stuffer,4,5,1.9,97.8,4.86
AAV8-RK-GFP-polyA-stuffer,4,5,1.9,98.0,8.17
AAV8-RK-GFP-polyA-stuffer,4,5,1.9,98.2,9.88
AAV8-RK-GFP-polyA-stuffer,4,5,1.9,98.4,9.75
AAV8-RK-GFP-polyA-stuffer,4,5,1.9,98.6,7.71
AAV8-RK-GFP-polyA-stuffer,4,5,1.9,98.8,3.9
AAV8-RK-GFP-polyA-stuffer,4,5,1.9,99.0,-1.33
AAV8-RK-GFP-polyA-stuffer,4,5,1.9,99.2,-7.46
AAV8-RK-GFP-polyA-stuffer,4,5,1.9,99.4,-13.87
AAV8-RK-GFP-polyA-stuffer,4,5,1.9,99.6,-19.86
AAV8-RK-GFP-polyA-stuffer,4,5,1.9,99.8,-24.75
AAV8-RK-GFP-polyA-stuffer,4,5,1.9,100.0,-27.98
AAV8-RK-GFP-polyA-stuffer,4,5,1.9,100.2,-29.11
AAV8-RK-GFP-polyA-stuffer,4,5,1.9,100.4,-27.95
AAV8-RK-GFP-polyA-stuffer,4,5,1.9,100.6,-24.54
AAV8-RK-GFP-polyA-stuffer,4,5,1.9,100.8,-19.19
AAV8-RK-GFP-polyA-stuffer,4,5,1.9,101.0,-12.43
AAV8-RK-GFP-polyA-stuffer,4,5,1.9,101.2,-4.97
AAV8-RK-GFP-polyA-stuffer,4,5,1.9,101.4,2.37
AAV8-RK-GFP-polyA-stuffer,4,5,1.9,101.6,8.73
AAV8-RK-GFP-polyA-stuffer,4,5,1.9,101.8,13.36
AAV8-RK-GFP-polyA-stuffer,4,5,1.9,102.0,15.62
AAV8-RK-GFP-polyA-stuffer,4,5,1.9,102.2,15.13
AAV8-RK-GFP-polyA-stuffer,4,5,1.9,102.4,11.79
AAV8-RK-GFP-polyA-stuffer,4,5,1.9,102.6,5.81
AAV8-RK-GFP-polyA-stuffer,4,5,1.9,102.8,-2.34
AAV8-RK-GFP-polyA-stuffer,4,5,1.9,103.0,-11.92
AAV8-RK-GFP-polyA-stuffer,4,5,1.9,103.2,-22.02
AAV8-RK-GFP-polyA-stuffer,4,5,1.9,103.4,-31.67
AAV8-RK-GFP-polyA-stuffer,4,5,1.9,103.6,-39.9
AAV8-RK-GFP-polyA-stuffer,4,5,1.9,103.8,-45.88
AAV8-RK-GFP-polyA-stuffer,4,5,1.9,104.0,-49.02
AAV8-RK-GFP-polyA-stuffer,4,5,1.9,104.2,-48.99
AAV8-RK-GFP-polyA-stuffer,4,5,1.9,104.4,-45.8
AAV8-RK-GFP-polyA-stuffer,4,5,1.9,104.6,-39.77
AAV8-RK-GFP-polyA-stuffer,4,5,1.9,104.8,-31.54
AAV8-RK-GFP-polyA-stuffer,4,5,1.9,105.0,-21.96
AAV8-RK-GFP-polyA-stuffer,4,5,1.9,105.2,-12.01
AAV8-RK-GFP-polyA-stuffer,4,5,1.9,105.4,-2.71
AAV8-RK-GFP-polyA-stuffer,4,5,1.9,105.6,5.02
AAV8-RK-GFP-polyA-stuffer,4,5,1.9,105.8,10.44
AAV8-RK-GFP-polyA-stuffer,4,5,1.9,106.0,13.06
AAV8-RK-GFP-polyA-stuffer,4,5,1.9,106.2,12.72
AAV8-RK-GFP-polyA-stuffer,4,5,1.9,106.4,9.59
AAV8-RK-GFP-polyA-stuffer,4,5,1.9,106.6,4.14
AAV8-RK-GFP-polyA-stuffer,4,5,1.9,106.8,-2.91
AAV8-RK-GFP-polyA-stuffer,4,5,1.9,107.0,-10.66
AAV8-RK-GFP-polyA-stuffer,4,5,1.9,107.2,-18.15
AAV8-RK-GFP-polyA-stuffer,4,5,1.9,107.4,-24.47
AAV8-RK-GFP-polyA-stuffer,4,5,1.9,107.6,-28.85
AAV8-RK-GFP-polyA-stuffer,4,5,1.9,107.8,-30.75
AAV8-RK-GFP-polyA-stuffer,4,5,1.9,108.0,-29.94
AAV8-RK-GFP-polyA-stuffer,4,5,1.9,108.2,-26.46
AAV8-RK-GFP-polyA-stuffer,4,5,1.9,108.4,-20.71
AAV8-RK-GFP-polyA-stuffer,4,5,1.9,108.6,-13.3
AAV8-RK-GFP-polyA-stuffer,4,5,1.9,108.8,-5.05
AAV8-RK-GFP-polyA-stuffer,4,5,1.9,109.0,3.14
AAV8-RK-GFP-polyA-stuffer,4,5,1.9,109.2,10.38
AAV8-RK-GFP-polyA-stuffer,4,5,1.9,109.4,15.89
AAV8-RK-GFP-polyA-stuffer,4,5,1.9,109.6,19.09
AAV8-RK-GFP-polyA-stuffer,4,5,1.9,109.8,19.67
AAV8-RK-GFP-polyA-stuffer,4,5,1.9,110.0,17.6
AAV8-RK-GFP-polyA-stuffer,4,5,1.9,110.2,13.11
AAV8-RK-GFP-polyA-stuffer,4,5,1.9,110.4,6.74
AAV8-RK-GFP-polyA-stuffer,4,5,1.9,110.6,-0.84
AAV8-RK-GFP-polyA-stuffer,4,5,1.9,110.8,-8.82
AAV8-RK-GFP-polyA-stuffer,4,5,1.9,111.0,-16.38
AAV8-RK-GFP-polyA-stuffer,4,5,1.9,111.2,-22.79
AAV8-RK-GFP-polyA-stuffer,4,5,1.9,111.4,-27.45
AAV8-RK-GFP-polyA-stuffer,4,5,1.9,111.6,-30.0
AAV8-RK-GFP-polyA-stuffer,4,5,1.9,111.8,-30.33
AAV8-RK-GFP-polyA-stuffer,4,5,1.9,112.0,-28.58
AAV8-RK-GFP-polyA-stuffer,4,5,1.9,112.2,-25.11
AAV8-RK-GFP-polyA-stuffer,4,5,1.9,112.4,-20.48
AAV8-RK-GFP-polyA-stuffer,4,5,1.9,112.6,-15.34
AAV8-RK-GFP-polyA-stuffer,4,5,1.9,112.8,-10.41
AAV8-RK-GFP-polyA-stuffer,4,5,1.9,113.0,-6.33
AAV8-RK-GFP-polyA-stuffer,4,5,1.9,113.2,-3.63
AAV8-RK-GFP-polyA-stuffer,4,5,1.9,113.4,-2.67
AAV8-RK-GFP-polyA-stuffer,4,5,1.9,113.6,-3.62
AAV8-RK-GFP-polyA-stuffer,4,5,1.9,113.8,-6.41
AAV8-RK-GFP-polyA-stuffer,4,5,1.9,114.0,-10.76
AAV8-RK-GFP-polyA-stuffer,4,5,1.9,114.2,-16.26
AAV8-RK-GFP-polyA-stuffer,4,5,1.9,114.4,-22.35
AAV8-RK-GFP-polyA-stuffer,4,5,1.9,114.6,-28.44
AAV8-RK-GFP-polyA-stuffer,4,5,1.9,114.8,-33.92
AAV8-RK-GFP-polyA-stuffer,4,5,1.9,115.0,-38.29
AAV8-RK-GFP-polyA-stuffer,4,5,1.9,115.2,-41.14
AAV8-RK-GFP-polyA-stuffer,4,5,1.9,115.4,-42.22
AAV8-RK-GFP-polyA-stuffer,4,5,1.9,115.6,-41.45
AAV8-RK-GFP-polyA-stuffer,4,5,1.9,115.8,-38.89
AAV8-RK-GFP-polyA-stuffer,4,5,1.9,116.0,-34.77
AAV8-RK-GFP-polyA-stuffer,4,5,1.9,116.2,-29.42
AAV8-RK-GFP-polyA-stuffer,4,5,1.9,116.4,-23.23
AAV8-RK-GFP-polyA-stuffer,4,5,1.9,116.6,-16.64
AAV8-RK-GFP-polyA-stuffer,4,5,1.9,116.8,-10.05
AAV8-RK-GFP-polyA-stuffer,4,5,1.9,117.0,-3.84
AAV8-RK-GFP-polyA-stuffer,4,5,1.9,117.2,1.68
AAV8-RK-GFP-polyA-stuffer,4,5,1.9,117.4,6.29
AAV8-RK-GFP-polyA-stuffer,4,5,1.9,117.6,9.86
AAV8-RK-GFP-polyA-stuffer,4,5,1.9,117.8,12.31
AAV8-RK-GFP-polyA-stuffer,4,5,1.9,118.0,13.67
AAV8-RK-GFP-polyA-stuffer,4,5,1.9,118.2,13.98
AAV8-RK-GFP-polyA-stuffer,4,5,1.9,118.4,13.36
AAV8-RK-GFP-polyA-stuffer,4,5,1.9,118.6,11.92
AAV8-RK-GFP-polyA-stuffer,4,5,1.9,118.8,9.81
AAV8-RK-GFP-polyA-stuffer,4,5,1.9,119.0,7.18
AAV8-RK-GFP-polyA-stuffer,4,5,1.9,119.2,4.19
AAV8-RK-GFP-polyA-stuffer,4,5,1.9,119.4,1.01
AAV8-RK-GFP-polyA-stuffer,4,5,1.9,119.6,-2.19
AAV8-RK-GFP-polyA-stuffer,4,5,1.9,119.8,-5.19
AAV8-RK-GFP-polyA-stuffer,4,5,1.9,120.0,-7.81
AAV8-RK-GFP-polyA-stuffer,4,5,1.9,120.2,-9.86
AAV8-RK-GFP-polyA-stuffer,4,5,1.9,120.4,-11.14
AAV8-RK-GFP-polyA-stuffer,4,5,1.9,120.6,-11.51
AAV8-RK-GFP-polyA-stuffer,4,5,1.9,120.8,-10.86
AAV8-RK-GFP-polyA-stuffer,4,5,1.9,121.0,-9.18
AAV8-RK-GFP-polyA-stuffer,4,5,1.9,121.2,-6.51
AAV8-RK-GFP-polyA-stuffer,4,5,1.9,121.4,-2.98
AAV8-RK-GFP-polyA-stuffer,4,5,1.9,121.6,1.18
AAV8-RK-GFP-polyA-stuffer,4,5,1.9,121.8,5.67
AAV8-RK-GFP-polyA-stuffer,4,5,1.9,122.0,10.15
AAV8-RK-GFP-polyA-stuffer,4,5,1.9,122.2,14.23
AAV8-RK-GFP-polyA-stuffer,4,5,1.9,122.4,17.56
AAV8-RK-GFP-polyA-stuffer,4,5,1.9,122.6,19.85
AAV8-RK-GFP-polyA-stuffer,4,5,1.9,122.8,20.87
AAV8-RK-GFP-polyA-stuffer,4,5,1.9,123.0,20.53
AAV8-RK-GFP-polyA-stuffer,4,5,1.9,123.2,18.88
AAV8-RK-GFP-polyA-stuffer,4,5,1.9,123.4,16.09
AAV8-RK-GFP-polyA-stuffer,4,5,1.9,123.6,12.47
AAV8-RK-GFP-polyA-stuffer,4,5,1.9,123.8,8.42
AAV8-RK-GFP-polyA-stuffer,4,5,1.9,124.0,4.4
AAV8-RK-GFP-polyA-stuffer,4,5,1.9,124.2,0.89
AAV8-RK-GFP-polyA-stuffer,4,5,1.9,124.4,-1.71
AAV8-RK-GFP-polyA-stuffer,4,5,1.9,124.6,-3.05
AAV8-RK-GFP-polyA-stuffer,4,5,1.9,124.8,-2.96
AAV8-RK-GFP-polyA-stuffer,4,5,1.9,125.0,-1.39
AAV8-RK-GFP-polyA-stuffer,4,5,1.9,125.2,1.49
AAV8-RK-GFP-polyA-stuffer,4,5,1.9,125.4,5.38
AAV8-RK-GFP-polyA-stuffer,4,5,1.9,125.6,9.83
AAV8-RK-GFP-polyA-stuffer,4,5,1.9,125.8,14.32
AAV8-RK-GFP-polyA-stuffer,4,5,1.9,126.0,18.27
AAV8-RK-GFP-polyA-stuffer,4,5,1.9,126.2,21.16
AAV8-RK-GFP-polyA-stuffer,4,5,1.9,126.4,22.57
AAV8-RK-GFP-polyA-stuffer,4,5,1.9,126.6,22.2
AAV8-RK-GFP-polyA-stuffer,4,5,1.9,126.8,19.96
AAV8-RK-GFP-polyA-stuffer,4,5,1.9,127.0,15.96
AAV8-RK-GFP-polyA-stuffer,4,5,1.9,127.2,10.51
AAV8-RK-GFP-polyA-stuffer,4,5,1.9,127.4,4.08
AAV8-RK-GFP-polyA-stuffer,4,5,1.9,127.6,-2.74
AAV8-RK-GFP-polyA-stuffer,4,5,1.9,127.8,-9.29
AAV8-RK-GFP-polyA-stuffer,4,5,1.9,128.0,-14.92
AAV8-RK-GFP-polyA-stuffer,4,5,1.9,128.2,-19.07
AAV8-RK-GFP-polyA-stuffer,4,5,1.9,128.4,-21.33
AAV8-RK-GFP-polyA-stuffer,4,5,1.9,128.6,-21.5
AAV8-RK-GFP-polyA-stuffer,4,5,1.9,128.8,-19.57
AAV8-RK-GFP-polyA-stuffer,4,5,1.9,129.0,-15.78
AAV8-RK-GFP-polyA-stuffer,4,5,1.9,129.2,-10.58
AAV8-RK-GFP-polyA-stuffer,4,5,1.9,129.4,-4.56
AAV8-RK-GFP-polyA-stuffer,4,5,1.9,129.6,1.57
AAV8-RK-GFP-polyA-stuffer,4,5,1.9,129.8,7.11
AAV8-RK-GFP-polyA-stuffer,4,5,1.9,130.0,11.38
AAV8-RK-GFP-polyA-stuffer,4,5,1.9,130.2,13.87
AAV8-RK-GFP-polyA-stuffer,4,5,1.9,130.4,14.23
AAV8-RK-GFP-polyA-stuffer,4,5,1.9,130.6,12.34
AAV8-RK-GFP-polyA-stuffer,4,5,1.9,130.8,8.34
AAV8-RK-GFP-polyA-stuffer,4,5,1.9,131.0,2.59
AAV8-RK-GFP-polyA-stuffer,4,5,1.9,131.2,-4.37
AAV8-RK-GFP-polyA-stuffer,4,5,1.9,131.4,-11.84
AAV8-RK-GFP-polyA-stuffer,4,5,1.9,131.6,-19.09
AAV8-RK-GFP-polyA-stuffer,4,5,1.9,131.8,-25.37
AAV8-RK-GFP-polyA-stuffer,4,5,1.9,132.0,-30.07
AAV8-RK-GFP-polyA-stuffer,4,5,1.9,132.2,-32.7
AAV8-RK-GFP-polyA-stuffer,4,5,1.9,132.4,-33.02
AAV8-RK-GFP-polyA-stuffer,4,5,1.9,132.6,-31.01
AAV8-RK-GFP-polyA-stuffer,4,5,1.9,132.8,-26.88
AAV8-RK-GFP-polyA-stuffer,4,5,1.9,133.0,-21.07
AAV8-RK-GFP-polyA-stuffer,4,5,1.9,133.2,-14.17
AAV8-RK-GFP-polyA-stuffer,4,5,1.9,133.4,-6.86
AAV8-RK-GFP-polyA-stuffer,4,5,1.9,133.6,0.14
AAV8-RK-GFP-polyA-stuffer,4,5,1.9,133.8,6.18
AAV8-RK-GFP-polyA-stuffer,4,5,1.9,134.0,10.74
AAV8-RK-GFP-polyA-stuffer,4,5,1.9,134.2,13.46
AAV8-RK-GFP-polyA-stuffer,4,5,1.9,134.4,14.22
AAV8-RK-GFP-polyA-stuffer,4,5,1.9,134.6,13.11
AAV8-RK-GFP-polyA-stuffer,4,5,1.9,134.8,10.43
AAV8-RK-GFP-polyA-stuffer,4,5,1.9,135.0,6.65
AAV8-RK-GFP-polyA-stuffer,4,5,1.9,135.2,2.37
AAV8-RK-GFP-polyA-stuffer,4,5,1.9,135.4,-1.8
AAV8-RK-GFP-polyA-stuffer,4,5,1.9,135.6,-5.26
AAV8-RK-GFP-polyA-stuffer,4,5,1.9,135.8,-7.49
AAV8-RK-GFP-polyA-stuffer,4,5,1.9,136.0,-8.17
AAV8-RK-GFP-polyA-stuffer,4,5,1.9,136.2,-7.13
AAV8-RK-GFP-polyA-stuffer,4,5,1.9,136.4,-4.44
AAV8-RK-GFP-polyA-stuffer,4,5,1.9,136.6,-0.36
AAV8-RK-GFP-polyA-stuffer,4,5,1.9,136.8,4.66
AAV8-RK-GFP-polyA-stuffer,4,5,1.9,137.0,10.08
AAV8-RK-GFP-polyA-stuffer,4,5,1.9,137.2,15.27
AAV8-RK-GFP-polyA-stuffer,4,5,1.9,137.4,19.61
AAV8-RK-GFP-polyA-stuffer,4,5,1.9,137.6,22.58
AAV8-RK-GFP-polyA-stuffer,4,5,1.9,137.8,23.78
AAV8-RK-GFP-polyA-stuffer,4,5,1.9,138.0,22.99
AAV8-RK-GFP-polyA-stuffer,4,5,1.9,138.2,20.2
AAV8-RK-GFP-polyA-stuffer,4,5,1.9,138.4,15.6
AAV8-RK-GFP-polyA-stuffer,4,5,1.9,138.6,9.59
AAV8-RK-GFP-polyA-stuffer,4,5,1.9,138.8,2.69
AAV8-RK-GFP-polyA-stuffer,4,5,1.9,139.0,-4.49
AAV8-RK-GFP-polyA-stuffer,4,5,1.9,139.2,-11.32
AAV8-RK-GFP-polyA-stuffer,4,5,1.9,139.4,-17.21
AAV8-RK-GFP-polyA-stuffer,4,5,1.9,139.6,-21.67
AAV8-RK-GFP-polyA-stuffer,4,5,1.9,139.8,-24.37
AAV8-RK-GFP-polyA-stuffer,4,5,1.9,140.0,-25.19
AAV8-RK-GFP-polyA-stuffer,4,5,1.9,140.2,-24.19
AAV8-RK-GFP-polyA-stuffer,4,5,1.9,140.4,-21.62
AAV8-RK-GFP-polyA-stuffer,4,5,1.9,140.6,-17.9
AAV8-RK-GFP-polyA-stuffer,4,5,1.9,140.8,-13.56
AAV8-RK-GFP-polyA-stuffer,4,5,1.9,141.0,-9.19
AAV8-RK-GFP-polyA-stuffer,4,5,1.9,141.2,-5.38
AAV8-RK-GFP-polyA-stuffer,4,5,1.9,141.4,-2.64
AAV8-RK-GFP-polyA-stuffer,4,5,1.9,141.6,-1.37
AAV8-RK-GFP-polyA-stuffer,4,5,1.9,141.8,-1.82
AAV8-RK-GFP-polyA-stuffer,4,5,1.9,142.0,-4.02
AAV8-RK-GFP-polyA-stuffer,4,5,1.9,142.2,-7.85
AAV8-RK-GFP-polyA-stuffer,4,5,1.9,142.4,-13.0
AAV8-RK-GFP-polyA-stuffer,4,5,1.9,142.6,-19.01
AAV8-RK-GFP-polyA-stuffer,4,5,1.9,142.8,-25.34
AAV8-RK-GFP-polyA-stuffer,4,5,1.9,143.0,-31.38
AAV8-RK-GFP-polyA-stuffer,4,5,1.9,143.2,-36.57
AAV8-RK-GFP-polyA-stuffer,4,5,1.9,143.4,-40.37
AAV8-RK-GFP-polyA-stuffer,4,5,1.9,143.6,-42.38
AAV8-RK-GFP-polyA-stuffer,4,5,1.9,143.8,-42.32
AAV8-RK-GFP-polyA-stuffer,4,5,1.9,144.0,-40.11
AAV8-RK-GFP-polyA-stuffer,4,5,1.9,144.2,-35.8
AAV8-RK-GFP-polyA-stuffer,4,5,1.9,144.4,-29.62
AAV8-RK-GFP-polyA-stuffer,4,5,1.9,144.6,-21.93
AAV8-RK-GFP-polyA-stuffer,4,5,1.9,144.8,-13.2
AAV8-RK-GFP-polyA-stuffer,4,5,1.9,145.0,-3.96
AAV8-RK-GFP-polyA-stuffer,4,5,1.9,145.2,5.25
AAV8-RK-GFP-polyA-stuffer,4,5,1.9,145.4,13.89
AAV8-RK-GFP-polyA-stuffer,4,5,1.9,145.6,21.49
AAV8-RK-GFP-polyA-stuffer,4,5,1.9,145.8,27.65
AAV8-RK-GFP-polyA-stuffer,4,5,1.9,146.0,32.1
AAV8-RK-GFP-polyA-stuffer,4,5,1.9,146.2,34.67
AAV8-RK-GFP-polyA-stuffer,4,5,1.9,146.4,35.33
AAV8-RK-GFP-polyA-stuffer,4,5,1.9,146.6,34.15
AAV8-RK-GFP-polyA-stuffer,4,5,1.9,146.8,31.33
AAV8-RK-GFP-polyA-stuffer,4,5,1.9,147.0,27.12
AAV8-RK-GFP-polyA-stuffer,4,5,1.9,147.2,21.88
AAV8-RK-GFP-polyA-stuffer,4,5,1.9,147.4,16.0
AAV8-RK-GFP-polyA-stuffer,4,5,1.9,147.6,9.88
AAV8-RK-GFP-polyA-stuffer,4,5,1.9,147.8,3.92
AAV8-RK-GFP-polyA-stuffer,4,5,1.9,148.0,-1.5
AAV8-RK-GFP-polyA-stuffer,4,5,1.9,148.2,-6.06
AAV8-RK-GFP-polyA-stuffer,4,5,1.9,148.4,-9.5
AAV8-RK-GFP-polyA-stuffer,4,5,1.9,148.6,-11.67
AAV8-RK-GFP-polyA-stuffer,4,5,1.9,148.8,-12.5
AAV8-RK-GFP-polyA-stuffer,4,5,1.9,149.0,-12.01
AAV8-RK-GFP-polyA-stuffer,4,5,1.9,149.2,-10.36
AAV8-RK-GFP-polyA-stuffer,4,5,1.9,149.4,-7.77
AAV8-RK-GFP-polyA-stuffer,4,5,1.9,149.6,-4.57
AAV8-RK-GFP-polyA-stuffer,4,5,1.9,149.8,-1.15
AAV8-RK-GFP-polyA-stuffer,4,5,1.9,150.0,2.09
AAV8-RK-GFP-polyA-stuffer,4,5,1.9,150.2,4.73
AAV8-RK-GFP-polyA-stuffer,4,5,1.9,150.4,6.38
AAV8-RK-GFP-polyA-stuffer,4,5,1.9,150.6,6.75
AAV8-RK-GFP-polyA-stuffer,4,5,1.9,150.8,5.61
AAV8-RK-GFP-polyA-stuffer,4,5,1.9,151.0,2.88
AAV8-RK-GFP-polyA-stuffer,4,5,1.9,151.2,-1.37
AAV8-RK-GFP-polyA-stuffer,4,5,1.9,151.4,-6.94
AAV8-RK-GFP-polyA-stuffer,4,5,1.9,151.6,-13.5
AAV8-RK-GFP-polyA-stuffer,4,5,1.9,151.8,-20.6
AAV8-RK-GFP-polyA-stuffer,4,5,1.9,152.0,-27.71
AAV8-RK-GFP-polyA-stuffer,4,5,1.9,152.2,-34.28
AAV8-RK-GFP-polyA-stuffer,4,5,1.9,152.4,-39.78
AAV8-RK-GFP-polyA-stuffer,4,5,1.9,152.6,-43.74
AAV8-RK-GFP-polyA-stuffer,4,5,1.9,152.8,-45.81
AAV8-RK-GFP-polyA-stuffer,4,5,1.9,153.0,-45.81
AAV8-RK-GFP-polyA-stuffer,4,5,1.9,153.2,-43.71
AAV8-RK-GFP-polyA-stuffer,4,5,1.9,153.4,-39.66
AAV8-RK-GFP-polyA-stuffer,4,5,1.9,153.6,-34.01
AAV8-RK-GFP-polyA-stuffer,4,5,1.9,153.8,-27.21
AAV8-RK-GFP-polyA-stuffer,4,5,1.9,154.0,-19.82
AAV8-RK-GFP-polyA-stuffer,4,5,1.9,154.2,-12.45
AAV8-RK-GFP-polyA-stuffer,4,5,1.9,154.4,-5.68
AAV8-RK-GFP-polyA-stuffer,4,5,1.9,154.6,0.0
AAV8-RK-GFP-polyA-stuffer,4,5,1.9,154.8,4.21
AAV8-RK-GFP-polyA-stuffer,4,5,1.9,155.0,6.74
AAV8-RK-GFP-polyA-stuffer,4,5,1.9,155.2,7.56
AAV8-RK-GFP-polyA-stuffer,4,5,1.9,155.4,6.8
AAV8-RK-GFP-polyA-stuffer,4,5,1.9,155.6,4.8
AAV8-RK-GFP-polyA-stuffer,4,5,1.9,155.8,1.96
AAV8-RK-GFP-polyA-stuffer,4,5,1.9,156.0,-1.22
AAV8-RK-GFP-polyA-stuffer,4,5,1.9,156.2,-4.22
AAV8-RK-GFP-polyA-stuffer,4,5,1.9,156.4,-6.62
AAV8-RK-GFP-polyA-stuffer,4,5,1.9,156.6,-8.05
AAV8-RK-GFP-polyA-stuffer,4,5,1.9,156.8,-8.33
AAV8-RK-GFP-polyA-stuffer,4,5,1.9,157.0,-7.41
AAV8-RK-GFP-polyA-stuffer,4,5,1.9,157.2,-5.44
AAV8-RK-GFP-polyA-stuffer,4,5,1.9,157.4,-2.71
AAV8-RK-GFP-polyA-stuffer,4,5,1.9,157.6,0.38
AAV8-RK-GFP-polyA-stuffer,4,5,1.9,157.8,3.38
AAV8-RK-GFP-polyA-stuffer,4,5,1.9,158.0,5.8
AAV8-RK-GFP-polyA-stuffer,4,5,1.9,158.2,7.26
AAV8-RK-GFP-polyA-stuffer,4,5,1.9,158.4,7.46
AAV8-RK-GFP-polyA-stuffer,4,5,1.9,158.6,6.25
AAV8-RK-GFP-polyA-stuffer,4,5,1.9,158.8,3.67
AAV8-RK-GFP-polyA-stuffer,4,5,1.9,159.0,-0.07
AAV8-RK-GFP-polyA-stuffer,4,5,1.9,159.2,-4.61
AAV8-RK-GFP-polyA-stuffer,4,5,1.9,159.4,-9.48
AAV8-RK-GFP-polyA-stuffer,4,5,1.9,159.6,-14.16
AAV8-RK-GFP-polyA-stuffer,4,5,1.9,159.8,-18.12
AAV8-RK-GFP-polyA-stuffer,4,5,1.9,160.0,-20.94
AAV8-RK-GFP-polyA-stuffer,4,5,1.9,160.2,-22.3
AAV8-RK-GFP-polyA-stuffer,4,5,1.9,160.4,-22.08
AAV8-RK-GFP-polyA-stuffer,4,5,1.9,160.6,-20.35
AAV8-RK-GFP-polyA-stuffer,4,5,1.9,160.8,-17.37
AAV8-RK-GFP-polyA-stuffer,4,5,1.9,161.0,-13.58
AAV8-RK-GFP-polyA-stuffer,4,5,1.9,161.2,-9.56
AAV8-RK-GFP-polyA-stuffer,4,5,1.9,161.4,-5.92
AAV8-RK-GFP-polyA-stuffer,4,5,1.9,161.6,-3.3
AAV8-RK-GFP-polyA-stuffer,4,5,1.9,161.8,-2.22
AAV8-RK-GFP-polyA-stuffer,4,5,1.9,162.0,-3.08
AAV8-RK-GFP-polyA-stuffer,4,5,1.9,162.2,-6.08
AAV8-RK-GFP-polyA-stuffer,4,5,1.9,162.4,-11.16
AAV8-RK-GFP-polyA-stuffer,4,5,1.9,162.6,-18.05
AAV8-RK-GFP-polyA-stuffer,4,5,1.9,162.8,-26.27
AAV8-RK-GFP-polyA-stuffer,4,5,1.9,163.0,-35.17
AAV8-RK-GFP-polyA-stuffer,4,5,1.9,163.2,-43.98
AAV8-RK-GFP-polyA-stuffer,4,5,1.9,163.4,-51.91
AAV8-RK-GFP-polyA-stuffer,4,5,1.9,163.6,-58.26
AAV8-RK-GFP-polyA-stuffer,4,5,1.9,163.8,-62.4
AAV8-RK-GFP-polyA-stuffer,4,5,1.9,164.0,-63.94
AAV8-RK-GFP-polyA-stuffer,4,5,1.9,164.2,-62.72
AAV8-RK-GFP-polyA-stuffer,4,5,1.9,164.4,-58.81
AAV8-RK-GFP-polyA-stuffer,4,5,1.9,164.6,-52.56
AAV8-RK-GFP-polyA-stuffer,4,5,1.9,164.8,-44.5
AAV8-RK-GFP-polyA-stuffer,4,5,1.9,165.0,-35.35
AAV8-RK-GFP-polyA-stuffer,4,5,1.9,165.2,-25.89
AAV8-RK-GFP-polyA-stuffer,4,5,1.9,165.4,-16.93
AAV8-RK-GFP-polyA-stuffer,4,5,1.9,165.6,-9.2
AAV8-RK-GFP-polyA-stuffer,4,5,1.9,165.8,-3.29
AAV8-RK-GFP-polyA-stuffer,4,5,1.9,166.0,0.39
AAV8-RK-GFP-polyA-stuffer,4,5,1.9,166.2,1.68
AAV8-RK-GFP-polyA-stuffer,4,5,1.9,166.4,0.62
AAV8-RK-GFP-polyA-stuffer,4,5,1.9,166.6,-2.5
AAV8-RK-GFP-polyA-stuffer,4,5,1.9,166.8,-7.21
AAV8-RK-GFP-polyA-stuffer,4,5,1.9,167.0,-12.92
AAV8-RK-GFP-polyA-stuffer,4,5,1.9,167.2,-18.96
AAV8-RK-GFP-polyA-stuffer,4,5,1.9,167.4,-24.66
AAV8-RK-GFP-polyA-stuffer,4,5,1.9,167.6,-29.43
AAV8-RK-GFP-polyA-stuffer,4,5,1.9,167.8,-32.76
AAV8-RK-GFP-polyA-stuffer,4,5,1.9,168.0,-34.34
AAV8-RK-GFP-polyA-stuffer,4,5,1.9,168.2,-34.02
AAV8-RK-GFP-polyA-stuffer,4,5,1.9,168.4,-31.85
AAV8-RK-GFP-polyA-stuffer,4,5,1.9,168.6,-28.05
AAV8-RK-GFP-polyA-stuffer,4,5,1.9,168.8,-22.97
AAV8-RK-GFP-polyA-stuffer,4,5,1.9,169.0,-17.1
AAV8-RK-GFP-polyA-stuffer,4,5,1.9,169.2,-10.95
AAV8-RK-GFP-polyA-stuffer,4,5,1.9,169.4,-5.05
AAV8-RK-GFP-polyA-stuffer,4,5,1.9,169.6,0.1
AAV8-RK-GFP-polyA-stuffer,4,5,1.9,169.8,4.09
AAV8-RK-GFP-polyA-stuffer,4,5,1.9,170.0,6.61
AAV8-RK-GFP-polyA-stuffer,4,5,1.9,170.2,7.47
AAV8-RK-GFP-polyA-stuffer,4,5,1.9,170.4,6.63
AAV8-RK-GFP-polyA-stuffer,4,5,1.9,170.6,4.15
AAV8-RK-GFP-polyA-stuffer,4,5,1.9,170.8,0.19
AAV8-RK-GFP-polyA-stuffer,4,5,1.9,171.0,-4.98
AAV8-RK-GFP-polyA-stuffer,4,5,1.9,171.2,-11.06
AAV8-RK-GFP-polyA-stuffer,4,5,1.9,171.4,-17.7
AAV8-RK-GFP-polyA-stuffer,4,5,1.9,171.6,-24.57
AAV8-RK-GFP-polyA-stuffer,4,5,1.9,171.8,-31.34
AAV8-RK-GFP-polyA-stuffer,4,5,1.9,172.0,-37.74
AAV8-RK-GFP-polyA-stuffer,4,5,1.9,172.2,-43.54
AAV8-RK-GFP-polyA-stuffer,4,5,1.9,172.4,-48.56
AAV8-RK-GFP-polyA-stuffer,4,5,1.9,172.6,-52.69
AAV8-RK-GFP-polyA-stuffer,4,5,1.9,172.8,-55.89
AAV8-RK-GFP-polyA-stuffer,4,5,1.9,173.0,-58.15
AAV8-RK-GFP-polyA-stuffer,4,5,1.9,173.2,-59.51
AAV8-RK-GFP-polyA-stuffer,4,5,1.9,173.4,-60.04
AAV8-RK-GFP-polyA-stuffer,4,5,1.9,173.6,-59.85
AAV8-RK-GFP-polyA-stuffer,4,5,1.9,173.8,-59.03
AAV8-RK-GFP-polyA-stuffer,4,5,1.9,174.0,-57.7
AAV8-RK-GFP-polyA-stuffer,4,5,1.9,174.2,-55.96
AAV8-RK-GFP-polyA-stuffer,4,5,1.9,174.4,-53.88
AAV8-RK-GFP-polyA-stuffer,4,5,1.9,174.6,-51.54
AAV8-RK-GFP-polyA-stuffer,4,5,1.9,174.8,-48.99
AAV8-RK-GFP-polyA-stuffer,4,5,1.9,175.0,-46.23
AAV8-RK-GFP-polyA-stuffer,4,5,1.9,175.2,-43.28
AAV8-RK-GFP-polyA-stuffer,4,5,1.9,175.4,-40.12
AAV8-RK-GFP-polyA-stuffer,4,5,1.9,175.6,-36.75
AAV8-RK-GFP-polyA-stuffer,4,5,1.9,175.8,-33.14
AAV8-RK-GFP-polyA-stuffer,4,5,1.9,176.0,-29.31
AAV8-RK-GFP-polyA-stuffer,4,5,1.9,176.2,-25.28
AAV8-RK-GFP-polyA-stuffer,4,5,1.9,176.4,-21.11
AAV8-RK-GFP-polyA-stuffer,4,5,1.9,176.6,-16.89
AAV8-RK-GFP-polyA-stuffer,4,5,1.9,176.8,-12.75
AAV8-RK-GFP-polyA-stuffer,4,5,1.9,177.0,-8.85
AAV8-RK-GFP-polyA-stuffer,4,5,1.9,177.2,-5.36
AAV8-RK-GFP-polyA-stuffer,4,5,1.9,177.4,-2.46
AAV8-RK-GFP-polyA-stuffer,4,5,1.9,177.6,-0.31
AAV8-RK-GFP-polyA-stuffer,4,5,1.9,177.8,0.95
AAV8-RK-GFP-polyA-stuffer,4,5,1.9,178.0,1.25
AAV8-RK-GFP-polyA-stuffer,4,5,1.9,178.2,0.58
AAV8-RK-GFP-polyA-stuffer,4,5,1.9,178.4,-0.99
AAV8-RK-GFP-polyA-stuffer,4,5,1.9,178.6,-3.31
AAV8-RK-GFP-polyA-stuffer,4,5,1.9,178.8,-6.16
AAV8-RK-GFP-polyA-stuffer,4,5,1.9,179.0,-9.27
AAV8-RK-GFP-polyA-stuffer,4,5,1.9,179.2,-12.32
AAV8-RK-GFP-polyA-stuffer,4,5,1.9,179.4,-15.0
AAV8-RK-GFP-polyA-stuffer,4,5,1.9,179.6,-17.05
AAV8-RK-GFP-polyA-stuffer,4,5,1.9,179.8,-18.24
AAV8-RK-GFP-polyA-stuffer,4,5,1.9,180.0,-18.46
AAV8-RK-GFP-polyA-stuffer,4,5,1.9,180.2,-17.7
AAV8-RK-GFP-polyA-stuffer,4,5,1.9,180.4,-16.1
AAV8-RK-GFP-polyA-stuffer,4,5,1.9,180.6,-13.9
AAV8-RK-GFP-polyA-stuffer,4,5,1.9,180.8,-11.45
AAV8-RK-GFP-polyA-stuffer,4,5,1.9,181.0,-9.16
AAV8-RK-GFP-polyA-stuffer,4,5,1.9,181.2,-7.51
AAV8-RK-GFP-polyA-stuffer,4,5,1.9,181.4,-6.92
AAV8-RK-GFP-polyA-stuffer,4,5,1.9,181.6,-7.76
AAV8-RK-GFP-polyA-stuffer,4,5,1.9,181.8,-10.31
AAV8-RK-GFP-polyA-stuffer,4,5,1.9,182.0,-14.67
AAV8-RK-GFP-polyA-stuffer,4,5,1.9,182.2,-20.78
AAV8-RK-GFP-polyA-stuffer,4,5,1.9,182.4,-28.39
AAV8-RK-GFP-polyA-stuffer,4,5,1.9,182.6,-37.1
AAV8-RK-GFP-polyA-stuffer,4,5,1.9,182.8,-46.34
AAV8-RK-GFP-polyA-stuffer,4,5,1.9,183.0,-55.47
AAV8-RK-GFP-polyA-stuffer,4,5,1.9,183.2,-63.8
AAV8-RK-GFP-polyA-stuffer,4,5,1.9,183.4,-70.67
AAV8-RK-GFP-polyA-stuffer,4,5,1.9,183.6,-75.5
AAV8-RK-GFP-polyA-stuffer,4,5,1.9,183.8,-77.86
AAV8-RK-GFP-polyA-stuffer,4,5,1.9,184.0,-77.51
AAV8-RK-GFP-polyA-stuffer,4,5,1.9,184.2,-74.44
AAV8-RK-GFP-polyA-stuffer,4,5,1.9,184.4,-68.84
AAV8-RK-GFP-polyA-stuffer,4,5,1.9,184.6,-61.14
AAV8-RK-GFP-polyA-stuffer,4,5,1.9,184.8,-51.93
AAV8-RK-GFP-polyA-stuffer,4,5,1.9,185.0,-41.92
AAV8-RK-GFP-polyA-stuffer,4,5,1.9,185.2,-31.88
AAV8-RK-GFP-polyA-stuffer,4,5,1.9,185.4,-22.59
AAV8-RK-GFP-polyA-stuffer,4,5,1.9,185.6,-14.74
AAV8-RK-GFP-polyA-stuffer,4,5,1.9,185.8,-8.86
AAV8-RK-GFP-polyA-stuffer,4,5,1.9,186.0,-5.33
AAV8-RK-GFP-polyA-stuffer,4,5,1.9,186.2,-4.29
AAV8-RK-GFP-polyA-stuffer,4,5,1.9,186.4,-5.65
AAV8-RK-GFP-polyA-stuffer,4,5,1.9,186.6,-9.12
AAV8-RK-GFP-polyA-stuffer,4,5,1.9,186.8,-14.22
AAV8-RK-GFP-polyA-stuffer,4,5,1.9,187.0,-20.34
AAV8-RK-GFP-polyA-stuffer,4,5,1.9,187.2,-26.79
AAV8-RK-GFP-polyA-stuffer,4,5,1.9,187.4,-32.86
AAV8-RK-GFP-polyA-stuffer,4,5,1.9,187.6,-37.93
AAV8-RK-GFP-polyA-stuffer,4,5,1.9,187.8,-41.44
AAV8-RK-GFP-polyA-stuffer,4,5,1.9,188.0,-43.03
AAV8-RK-GFP-polyA-stuffer,4,5,1.9,188.2,-42.5
AAV8-RK-GFP-polyA-stuffer,4,5,1.9,188.4,-39.85
AAV8-RK-GFP-polyA-stuffer,4,5,1.9,188.6,-35.29
AAV8-RK-GFP-polyA-stuffer,4,5,1.9,188.8,-29.17
AAV8-RK-GFP-polyA-stuffer,4,5,1.9,189.0,-22.01
AAV8-RK-GFP-polyA-stuffer,4,5,1.9,189.2,-14.37
AAV8-RK-GFP-polyA-stuffer,4,5,1.9,189.4,-6.88
AAV8-RK-GFP-polyA-stuffer,4,5,1.9,189.6,-0.13
AAV8-RK-GFP-polyA-stuffer,4,5,1.9,189.8,5.34
AAV8-RK-GFP-polyA-stuffer,4,5,1.9,190.0,9.12
AAV8-RK-GFP-polyA-stuffer,4,5,1.9,190.2,10.91
AAV8-RK-GFP-polyA-stuffer,4,5,1.9,190.4,10.6
AAV8-RK-GFP-polyA-stuffer,4,5,1.9,190.6,8.2
AAV8-RK-GFP-polyA-stuffer,4,5,1.9,190.8,3.89
AAV8-RK-GFP-polyA-stuffer,4,5,1.9,191.0,-2.03
AAV8-RK-GFP-polyA-stuffer,4,5,1.9,191.2,-9.17
AAV8-RK-GFP-polyA-stuffer,4,5,1.9,191.4,-17.06
AAV8-RK-GFP-polyA-stuffer,4,5,1.9,191.6,-25.23
AAV8-RK-GFP-polyA-stuffer,4,5,1.9,191.8,-33.22
AAV8-RK-GFP-polyA-stuffer,4,5,1.9,192.0,-40.61
AAV8-RK-GFP-polyA-stuffer,4,5,1.9,192.2,-47.07
AAV8-RK-GFP-polyA-stuffer,4,5,1.9,192.4,-52.34
AAV8-RK-GFP-polyA-stuffer,4,5,1.9,192.6,-56.31
AAV8-RK-GFP-polyA-stuffer,4,5,1.9,192.8,-58.93
AAV8-RK-GFP-polyA-stuffer,4,5,1.9,193.0,-60.28
AAV8-RK-GFP-polyA-stuffer,4,5,1.9,193.2,-60.52
AAV8-RK-GFP-polyA-stuffer,4,5,1.9,193.4,-59.84
AAV8-RK-GFP-polyA-stuffer,4,5,1.9,193.6,-58.5
AAV8-RK-GFP-polyA-stuffer,4,5,1.9,193.8,-56.74
AAV8-RK-GFP-polyA-stuffer,4,5,1.9,194.0,-54.78
AAV8-RK-GFP-polyA-stuffer,4,5,1.9,194.2,-52.8
AAV8-RK-GFP-polyA-stuffer,4,5,1.9,194.4,-50.92
AAV8-RK-GFP-polyA-stuffer,4,5,1.9,194.6,-49.17
AAV8-RK-GFP-polyA-stuffer,4,5,1.9,194.8,-47.53
AAV8-RK-GFP-polyA-stuffer,4,5,1.9,195.0,-45.9
AAV8-RK-GFP-polyA-stuffer,4,5,1.9,195.2,-44.13
AAV8-RK-GFP-polyA-stuffer,4,5,1.9,195.4,-42.07
AAV8-RK-GFP-polyA-stuffer,4,5,1.9,195.6,-39.54
AAV8-RK-GFP-polyA-stuffer,4,5,1.9,195.8,-36.41
AAV8-RK-GFP-polyA-stuffer,4,5,1.9,196.0,-32.6
AAV8-RK-GFP-polyA-stuffer,4,5,1.9,196.2,-28.11
AAV8-RK-GFP-polyA-stuffer,4,5,1.9,196.4,-23.02
AAV8-RK-GFP-polyA-stuffer,4,5,1.9,196.6,-17.51
AAV8-RK-GFP-polyA-stuffer,4,5,1.9,196.8,-11.85
AAV8-RK-GFP-polyA-stuffer,4,5,1.9,197.0,-6.37
AAV8-RK-GFP-polyA-stuffer,4,5,1.9,197.2,-1.43
AAV8-RK-GFP-polyA-stuffer,4,5,1.9,197.4,2.6
AAV8-RK-GFP-polyA-stuffer,4,5,1.9,197.6,5.4
AAV8-RK-GFP-polyA-stuffer,4,5,1.9,197.8,6.71
AAV8-RK-GFP-polyA-stuffer,4,5,1.9,198.0,6.39
AAV8-RK-GFP-polyA-stuffer,4,5,1.9,198.2,4.44
AAV8-RK-GFP-polyA-stuffer,4,5,1.9,198.4,0.98
AAV8-RK-GFP-polyA-stuffer,4,5,1.9,198.6,-3.7
AAV8-RK-GFP-polyA-stuffer,4,5,1.9,198.8,-9.21
AAV8-RK-GFP-polyA-stuffer,4,5,1.9,199.0,-15.04
AAV8-RK-GFP-polyA-stuffer,4,5,1.9,199.2,-20.67
AAV8-RK-GFP-polyA-stuffer,4,5,1.9,199.4,-25.57
AAV8-RK-GFP-polyA-stuffer,4,5,1.9,199.6,-29.27
AAV8-RK-GFP-polyA-stuffer,4,5,1.9,199.8,-31.41
AAV8-RK-GFP-polyA-stuffer,4,5,1.9,200.0,-31.77
AAV8-RK-GFP-polyA-stuffer,4,5,1.9,200.2,-30.34
AAV8-RK-GFP-polyA-stuffer,4,5,1.9,200.4,-27.25
AAV8-RK-GFP-polyA-stuffer,4,5,1.9,200.6,-22.84
AAV8-RK-GFP-polyA-stuffer,4,5,1.9,200.8,-17.57
AAV8-RK-GFP-polyA-stuffer,4,5,1.9,201.0,-12.04
AAV8-RK-GFP-polyA-stuffer,4,5,1.9,201.2,-6.84
AAV8-RK-GFP-polyA-stuffer,4,5,1.9,201.4,-2.57
AAV8-RK-GFP-polyA-stuffer,4,5,1.9,201.6,0.27
AAV8-RK-GFP-polyA-stuffer,4,5,1.9,201.8,1.3
AAV8-RK-GFP-polyA-stuffer,4,5,1.9,202.0,0.36
AAV8-RK-GFP-polyA-stuffer,4,5,1.9,202.2,-2.54
AAV8-RK-GFP-polyA-stuffer,4,5,1.9,202.4,-7.14
AAV8-RK-GFP-polyA-stuffer,4,5,1.9,202.6,-13.03
AAV8-RK-GFP-polyA-stuffer,4,5,1.9,202.8,-19.61
AAV8-RK-GFP-polyA-stuffer,4,5,1.9,203.0,-26.21
AAV8-RK-GFP-polyA-stuffer,4,5,1.9,203.2,-32.13
AAV8-RK-GFP-polyA-stuffer,4,5,1.9,203.4,-36.72
AAV8-RK-GFP-polyA-stuffer,4,5,1.9,203.6,-39.42
AAV8-RK-GFP-polyA-stuffer,4,5,1.9,203.8,-39.88
AAV8-RK-GFP-polyA-stuffer,4,5,1.9,204.0,-37.94
AAV8-RK-GFP-polyA-stuffer,4,5,1.9,204.2,-33.67
AAV8-RK-GFP-polyA-stuffer,4,5,1.9,204.4,-27.37
AAV8-RK-GFP-polyA-stuffer,4,5,1.9,204.6,-19.54
AAV8-RK-GFP-polyA-stuffer,4,5,1.9,204.8,-10.85
AAV8-RK-GFP-polyA-stuffer,4,5,1.9,205.0,-2.05
AAV8-RK-GFP-polyA-stuffer,4,5,1.9,205.2,6.11
AAV8-RK-GFP-polyA-stuffer,4,5,1.9,205.4,12.89
AAV8-RK-GFP-polyA-stuffer,4,5,1.9,205.6,17.7
AAV8-RK-GFP-polyA-stuffer,4,5,1.9,205.8,20.11
AAV8-RK-GFP-polyA-stuffer,4,5,1.9,206.0,19.92
AAV8-RK-GFP-polyA-stuffer,4,5,1.9,206.2,17.14
AAV8-RK-GFP-polyA-stuffer,4,5,1.9,206.4,12.01
AAV8-RK-GFP-polyA-stuffer,4,5,1.9,206.6,4.98
AAV8-RK-GFP-polyA-stuffer,4,5,1.9,206.8,-3.35
AAV8-RK-GFP-polyA-stuffer,4,5,1.9,207.0,-12.3
AAV8-RK-GFP-polyA-stuffer,4,5,1.9,207.2,-21.12
AAV8-RK-GFP-polyA-stuffer,4,5,1.9,207.4,-29.12
AAV8-RK-GFP-polyA-stuffer,4,5,1.9,207.6,-35.68
AAV8-RK-GFP-polyA-stuffer,4,5,1.9,207.8,-40.32
AAV8-RK-GFP-polyA-stuffer,4,5,1.9,208.0,-42.76
AAV8-RK-GFP-polyA-stuffer,4,5,1.9,208.2,-42.87
AAV8-RK-GFP-polyA-stuffer,4,5,1.9,208.4,-40.75
AAV8-RK-GFP-polyA-stuffer,4,5,1.9,208.6,-36.66
AAV8-RK-GFP-polyA-stuffer,4,5,1.9,208.8,-31.0
AAV8-RK-GFP-polyA-stuffer,4,5,1.9,209.0,-24.3
AAV8-RK-GFP-polyA-stuffer,4,5,1.9,209.2,-17.13
AAV8-RK-GFP-polyA-stuffer,4,5,1.9,209.4,-10.07
AAV8-RK-GFP-polyA-stuffer,4,5,1.9,209.6,-3.66
AAV8-RK-GFP-polyA-stuffer,4,5,1.9,209.8,1.61
AAV8-RK-GFP-polyA-stuffer,4,5,1.9,210.0,5.41
AAV8-RK-GFP-polyA-stuffer,4,5,1.9,210.2,7.5
AAV8-RK-GFP-polyA-stuffer,4,5,1.9,210.4,7.8
AAV8-RK-GFP-polyA-stuffer,4,5,1.9,210.6,6.38
AAV8-RK-GFP-polyA-stuffer,4,5,1.9,210.8,3.43
AAV8-RK-GFP-polyA-stuffer,4,5,1.9,211.0,-0.77
AAV8-RK-GFP-polyA-stuffer,4,5,1.9,211.2,-5.83
AAV8-RK-GFP-polyA-stuffer,4,5,1.9,211.4,-11.34
AAV8-RK-GFP-polyA-stuffer,4,5,1.9,211.6,-16.87
AAV8-RK-GFP-polyA-stuffer,4,5,1.9,211.8,-22.0
AAV8-RK-GFP-polyA-stuffer,4,5,1.9,212.0,-26.39
AAV8-RK-GFP-polyA-stuffer,4,5,1.9,212.2,-29.75
AAV8-RK-GFP-polyA-stuffer,4,5,1.9,212.4,-31.92
AAV8-RK-GFP-polyA-stuffer,4,5,1.9,212.6,-32.82
AAV8-RK-GFP-polyA-stuffer,4,5,1.9,212.8,-32.48
AAV8-RK-GFP-polyA-stuffer,4,5,1.9,213.0,-31.06
AAV8-RK-GFP-polyA-stuffer,4,5,1.9,213.2,-28.76
AAV8-RK-GFP-polyA-stuffer,4,5,1.9,213.4,-25.88
AAV8-RK-GFP-polyA-stuffer,4,5,1.9,213.6,-22.73
AAV8-RK-GFP-polyA-stuffer,4,5,1.9,213.8,-19.64
AAV8-RK-GFP-polyA-stuffer,4,5,1.9,214.0,-16.9
AAV8-RK-GFP-polyA-stuffer,4,5,1.9,214.2,-14.73
AAV8-RK-GFP-polyA-stuffer,4,5,1.9,214.4,-13.3
AAV8-RK-GFP-polyA-stuffer,4,5,1.9,214.6,-12.67
AAV8-RK-GFP-polyA-stuffer,4,5,1.9,214.8,-12.79
AAV8-RK-GFP-polyA-stuffer,4,5,1.9,215.0,-13.53
AAV8-RK-GFP-polyA-stuffer,4,5,1.9,215.2,-14.68
AAV8-RK-GFP-polyA-stuffer,4,5,1.9,215.4,-15.99
AAV8-RK-GFP-polyA-stuffer,4,5,1.9,215.6,-17.17
AAV8-RK-GFP-polyA-stuffer,4,5,1.9,215.8,-17.97
AAV8-RK-GFP-polyA-stuffer,4,5,1.9,216.0,-18.17
AAV8-RK-GFP-polyA-stuffer,4,5,1.9,216.2,-17.66
AAV8-RK-GFP-polyA-stuffer,4,5,1.9,216.4,-16.42
AAV8-RK-GFP-polyA-stuffer,4,5,1.9,216.6,-14.53
AAV8-RK-GFP-polyA-stuffer,4,5,1.9,216.8,-12.2
AAV8-RK-GFP-polyA-stuffer,4,5,1.9,217.0,-9.72
AAV8-RK-GFP-polyA-stuffer,4,5,1.9,217.2,-7.44
AAV8-RK-GFP-polyA-stuffer,4,5,1.9,217.4,-5.72
AAV8-RK-GFP-polyA-stuffer,4,5,1.9,217.6,-4.91
AAV8-RK-GFP-polyA-stuffer,4,5,1.9,217.8,-5.27
AAV8-RK-GFP-polyA-stuffer,4,5,1.9,218.0,-6.95
AAV8-RK-GFP-polyA-stuffer,4,5,1.9,218.2,-9.96
AAV8-RK-GFP-polyA-stuffer,4,5,1.9,218.4,-14.14
AAV8-RK-GFP-polyA-stuffer,4,5,1.9,218.6,-19.2
AAV8-RK-GFP-polyA-stuffer,4,5,1.9,218.8,-24.69
AAV8-RK-GFP-polyA-stuffer,4,5,1.9,219.0,-30.1
AAV8-RK-GFP-polyA-stuffer,4,5,1.9,219.2,-34.87
AAV8-RK-GFP-polyA-stuffer,4,5,1.9,219.4,-38.45
AAV8-RK-GFP-polyA-stuffer,4,5,1.9,219.6,-40.4
AAV8-RK-GFP-polyA-stuffer,4,5,1.9,219.8,-40.42
AAV8-RK-GFP-polyA-stuffer,4,5,1.9,220.0,-38.37
AAV8-RK-GFP-polyA-stuffer,4,5,1.9,220.2,-34.36
AAV8-RK-GFP-polyA-stuffer,4,5,1.9,220.4,-28.68
AAV8-RK-GFP-polyA-stuffer,4,5,1.9,220.6,-21.8
AAV8-RK-GFP-polyA-stuffer,4,5,1.9,220.8,-14.35
AAV8-RK-GFP-polyA-stuffer,4,5,1.9,221.0,-7.03
AAV8-RK-GFP-polyA-stuffer,4,5,1.9,221.2,-0.54
AAV8-RK-GFP-polyA-stuffer,4,5,1.9,221.4,4.51
AAV8-RK-GFP-polyA-stuffer,4,5,1.9,221.6,7.65
AAV8-RK-GFP-polyA-stuffer,4,5,1.9,221.8,8.61
AAV8-RK-GFP-polyA-stuffer,4,5,1.9,222.0,7.37
AAV8-RK-GFP-polyA-stuffer,4,5,1.9,222.2,4.17
AAV8-RK-GFP-polyA-stuffer,4,5,1.9,222.4,-0.53
AAV8-RK-GFP-polyA-stuffer,4,5,1.9,222.6,-6.07
AAV8-RK-GFP-polyA-stuffer,4,5,1.9,222.8,-11.67
AAV8-RK-GFP-polyA-stuffer,4,5,1.9,223.0,-16.54
AAV8-RK-GFP-polyA-stuffer,4,5,1.9,223.2,-19.91
AAV8-RK-GFP-polyA-stuffer,4,5,1.9,223.4,-21.18
AAV8-RK-GFP-polyA-stuffer,4,5,1.9,223.6,-19.95
AAV8-RK-GFP-polyA-stuffer,4,5,1.9,223.8,-16.08
AAV8-RK-GFP-polyA-stuffer,4,5,1.9,224.0,-9.74
AAV8-RK-GFP-polyA-stuffer,4,5,1.9,224.2,-1.35
AAV8-RK-GFP-polyA-stuffer,4,5,1.9,224.4,8.41
AAV8-RK-GFP-polyA-stuffer,4,5,1.9,224.6,18.7
AAV8-RK-GFP-polyA-stuffer,4,5,1.9,224.8,28.59
AAV8-RK-GFP-polyA-stuffer,4,5,1.9,225.0,37.16
AAV8-RK-GFP-polyA-stuffer,4,5,1.9,225.2,43.58
AAV8-RK-GFP-polyA-stuffer,4,5,1.9,225.4,47.22
AAV8-RK-GFP-polyA-stuffer,4,5,1.9,225.6,47.7
AAV8-RK-GFP-polyA-stuffer,4,5,1.9,225.8,44.9
AAV8-RK-GFP-polyA-stuffer,4,5,1.9,226.0,39.04
AAV8-RK-GFP-polyA-stuffer,4,5,1.9,226.2,30.57
AAV8-RK-GFP-polyA-stuffer,4,5,1.9,226.4,20.18
AAV8-RK-GFP-polyA-stuffer,4,5,1.9,226.6,8.7
AAV8-RK-GFP-polyA-stuffer,4,5,1.9,226.8,-2.98
AAV8-RK-GFP-polyA-stuffer,4,5,1.9,227.0,-13.98
AAV8-RK-GFP-polyA-stuffer,4,5,1.9,227.2,-23.54
AAV8-RK-GFP-polyA-stuffer,4,5,1.9,227.4,-31.08
AAV8-RK-GFP-polyA-stuffer,4,5,1.9,227.6,-36.24
AAV8-RK-GFP-polyA-stuffer,4,5,1.9,227.8,-38.88
AAV8-RK-GFP-polyA-stuffer,4,5,1.9,228.0,-39.11
AAV8-RK-GFP-polyA-stuffer,4,5,1.9,228.2,-37.25
AAV8-RK-GFP-polyA-stuffer,4,5,1.9,228.4,-33.75
AAV8-RK-GFP-polyA-stuffer,4,5,1.9,228.6,-29.17
AAV8-RK-GFP-polyA-stuffer,4,5,1.9,228.8,-24.09
AAV8-RK-GFP-polyA-stuffer,4,5,1.9,229.0,-19.05
AAV8-RK-GFP-polyA-stuffer,4,5,1.9,229.2,-14.51
AAV8-RK-GFP-polyA-stuffer,4,5,1.9,229.4,-10.78
AAV8-RK-GFP-polyA-stuffer,4,5,1.9,229.6,-8.07
AAV8-RK-GFP-polyA-stuffer,4,5,1.9,229.8,-6.41
AAV8-RK-GFP-polyA-stuffer,4,5,1.9,230.0,-5.73
AAV8-RK-GFP-polyA-stuffer,4,5,1.9,230.2,-5.86
AAV8-RK-GFP-polyA-stuffer,4,5,1.9,230.4,-6.58
AAV8-RK-GFP-polyA-stuffer,4,5,1.9,230.6,-7.66
AAV8-RK-GFP-polyA-stuffer,4,5,1.9,230.8,-8.88
AAV8-RK-GFP-polyA-stuffer,4,5,1.9,231.0,-10.08
AAV8-RK-GFP-polyA-stuffer,4,5,1.9,231.2,-11.18
AAV8-RK-GFP-polyA-stuffer,4,5,1.9,231.4,-12.15
AAV8-RK-GFP-polyA-stuffer,4,5,1.9,231.6,-13.01
AAV8-RK-GFP-polyA-stuffer,4,5,1.9,231.8,-13.83
AAV8-RK-GFP-polyA-stuffer,4,5,1.9,232.0,-14.71
AAV8-RK-GFP-polyA-stuffer,4,5,1.9,232.2,-15.7
AAV8-RK-GFP-polyA-stuffer,4,5,1.9,232.4,-16.84
AAV8-RK-GFP-polyA-stuffer,4,5,1.9,232.6,-18.12
AAV8-RK-GFP-polyA-stuffer,4,5,1.9,232.8,-19.45
AAV8-RK-GFP-polyA-stuffer,4,5,1.9,233.0,-20.73
AAV8-RK-GFP-polyA-stuffer,4,5,1.9,233.2,-21.77
AAV8-RK-GFP-polyA-stuffer,4,5,1.9,233.4,-22.42
AAV8-RK-GFP-polyA-stuffer,4,5,1.9,233.6,-22.5
AAV8-RK-GFP-polyA-stuffer,4,5,1.9,233.8,-21.9
AAV8-RK-GFP-polyA-stuffer,4,5,1.9,234.0,-20.55
AAV8-RK-GFP-polyA-stuffer,4,5,1.9,234.2,-18.47
AAV8-RK-GFP-polyA-stuffer,4,5,1.9,234.4,-15.76
AAV8-RK-GFP-polyA-stuffer,4,5,1.9,234.6,-12.59
AAV8-RK-GFP-polyA-stuffer,4,5,1.9,234.8,-9.19
AAV8-RK-GFP-polyA-stuffer,4,5,1.9,235.0,-5.82
AAV8-RK-GFP-polyA-stuffer,4,5,1.9,235.2,-2.77
AAV8-RK-GFP-polyA-stuffer,4,5,1.9,235.4,-0.28
AAV8-RK-GFP-polyA-stuffer,4,5,1.9,235.6,1.46
AAV8-RK-GFP-polyA-stuffer,4,5,1.9,235.8,2.33
AAV8-RK-GFP-polyA-stuffer,4,5,1.9,236.0,2.26
AAV8-RK-GFP-polyA-stuffer,4,5,1.9,236.2,1.31
AAV8-RK-GFP-polyA-stuffer,4,5,1.9,236.4,-0.44
AAV8-RK-GFP-polyA-stuffer,4,5,1.9,236.6,-2.81
AAV8-RK-GFP-polyA-stuffer,4,5,1.9,236.8,-5.63
AAV8-RK-GFP-polyA-stuffer,4,5,1.9,237.0,-8.72
AAV8-RK-GFP-polyA-stuffer,4,5,1.9,237.2,-11.91
AAV8-RK-GFP-polyA-stuffer,4,5,1.9,237.4,-15.06
AAV8-RK-GFP-polyA-stuffer,4,5,1.9,237.6,-18.11
AAV8-RK-GFP-polyA-stuffer,4,5,1.9,237.8,-21.0
AAV8-RK-GFP-polyA-stuffer,4,5,1.9,238.0,-23.74
AAV8-RK-GFP-polyA-stuffer,4,5,1.9,238.2,-26.34
AAV8-RK-GFP-polyA-stuffer,4,5,1.9,238.4,-28.81
AAV8-RK-GFP-polyA-stuffer,4,5,1.9,238.6,-31.15
AAV8-RK-GFP-polyA-stuffer,4,5,1.9,238.8,-33.31
AAV8-RK-GFP-polyA-stuffer,4,5,1.9,239.0,-35.2
AAV8-RK-GFP-polyA-stuffer,4,5,1.9,239.2,-36.66
AAV8-RK-GFP-polyA-stuffer,4,5,1.9,239.4,-37.52
AAV8-RK-GFP-polyA-stuffer,4,5,1.9,239.6,-37.59
AAV8-RK-GFP-polyA-stuffer,4,5,1.9,239.8,-36.68
AAV8-RK-GFP-polyA-stuffer,4,5,1.9,240.0,-34.66
AAV8-RK-GFP-polyA-stuffer,4,5,1.9,240.2,-31.45
AAV8-RK-GFP-polyA-stuffer,4,5,1.9,240.4,-27.09
AAV8-RK-GFP-polyA-stuffer,4,5,1.9,240.6,-21.74
AAV8-RK-GFP-polyA-stuffer,4,5,1.9,240.8,-15.65
AAV8-RK-GFP-polyA-stuffer,4,5,1.9,241.0,-9.21
AAV8-RK-GFP-polyA-stuffer,4,5,1.9,241.2,-2.84
AAV8-RK-GFP-polyA-stuffer,4,5,1.9,241.4,2.97
AAV8-RK-GFP-polyA-stuffer,4,5,1.9,241.6,7.75
AAV8-RK-GFP-polyA-stuffer,4,5,1.9,241.8,11.11
AAV8-RK-GFP-polyA-stuffer,4,5,1.9,242.0,12.76
AAV8-RK-GFP-polyA-stuffer,4,5,1.9,242.2,12.56
AAV8-RK-GFP-polyA-stuffer,4,5,1.9,242.4,10.55
AAV8-RK-GFP-polyA-stuffer,4,5,1.9,242.6,6.92
AAV8-RK-GFP-polyA-stuffer,4,5,1.9,242.8,2.04
AAV8-RK-GFP-polyA-stuffer,4,5,1.9,243.0,-3.58
AAV8-RK-GFP-polyA-stuffer,4,5,1.9,243.2,-9.38
AAV8-RK-GFP-polyA-stuffer,4,5,1.9,243.4,-14.76
AAV8-RK-GFP-polyA-stuffer,4,5,1.9,243.6,-19.18
AAV8-RK-GFP-polyA-stuffer,4,5,1.9,243.8,-22.18
AAV8-RK-GFP-polyA-stuffer,4,5,1.9,244.0,-23.47
AAV8-RK-GFP-polyA-stuffer,4,5,1.9,244.2,-22.92
AAV8-RK-GFP-polyA-stuffer,4,5,1.9,244.4,-20.6
AAV8-RK-GFP-polyA-stuffer,4,5,1.9,244.6,-16.77
AAV8-RK-GFP-polyA-stuffer,4,5,1.9,244.8,-11.82
AAV8-RK-GFP-polyA-stuffer,4,5,1.9,245.0,-6.28
AAV8-RK-GFP-polyA-stuffer,4,5,1.9,245.2,-0.7
AAV8-RK-GFP-polyA-stuffer,4,5,1.9,245.4,4.36
AAV8-RK-GFP-polyA-stuffer,4,5,1.9,245.6,8.41
AAV8-RK-GFP-polyA-stuffer,4,5,1.9,245.8,11.08
AAV8-RK-GFP-polyA-stuffer,4,5,1.9,246.0,12.15
AAV8-RK-GFP-polyA-stuffer,4,5,1.9,246.2,11.56
AAV8-RK-GFP-polyA-stuffer,4,5,1.9,246.4,9.41
AAV8-RK-GFP-polyA-stuffer,4,5,1.9,246.6,5.96
AAV8-RK-GFP-polyA-stuffer,4,5,1.9,246.8,1.56
AAV8-RK-GFP-polyA-stuffer,4,5,1.9,247.0,-3.38
AAV8-RK-GFP-polyA-stuffer,4,5,1.9,247.2,-8.42
AAV8-RK-GFP-polyA-stuffer,4,5,1.9,247.4,-13.17
AAV8-RK-GFP-polyA-stuffer,4,5,1.9,247.6,-17.3
AAV8-RK-GFP-polyA-stuffer,4,5,1.9,247.8,-20.59
AAV8-RK-GFP-polyA-stuffer,4,5,1.9,248.0,-22.91
AAV8-RK-GFP-polyA-stuffer,4,5,1.9,248.2,-24.25
AAV8-RK-GFP-polyA-stuffer,4,5,1.9,248.4,-24.7
AAV8-RK-GFP-polyA-stuffer,4,5,1.9,248.6,-24.42
AAV8-RK-GFP-polyA-stuffer,4,5,1.9,248.8,-23.59
AAV8-RK-GFP-polyA-stuffer,4,5,1.9,249.0,-22.4
AAV8-RK-GFP-polyA-stuffer,4,5,1.9,249.2,-21.05
AAV8-RK-GFP-polyA-stuffer,4,5,1.9,249.4,-19.67
AAV8-RK-GFP-polyA-stuffer,4,5,1.9,249.6,-18.35
AAV8-RK-GFP-polyA-stuffer,4,5,1.9,249.8,-17.12
AAV8-RK-GFP-polyA-stuffer,4,5,1.9,250.0,-16.0
AAV8-RK-GFP-polyA-stuffer,4,5,1.9,250.2,-14.94
AAV8-RK-GFP-polyA-stuffer,4,5,1.9,250.4,-13.91
AAV8-RK-GFP-polyA-stuffer,4,5,1.9,250.6,-12.89
AAV8-RK-GFP-polyA-stuffer,4,5,1.9,250.8,-11.87
AAV8-RK-GFP-polyA-stuffer,4,5,1.9,251.0,-10.9
AAV8-RK-GFP-polyA-stuffer,4,5,1.9,251.2,-10.03
AAV8-RK-GFP-polyA-stuffer,4,5,1.9,251.4,-9.35
AAV8-RK-GFP-polyA-stuffer,4,5,1.9,251.6,-8.97
AAV8-RK-GFP-polyA-stuffer,4,5,1.9,251.8,-8.98
AAV8-RK-GFP-polyA-stuffer,4,5,1.9,252.0,-9.42
AAV8-RK-GFP-polyA-stuffer,4,5,1.9,252.2,-10.31
AAV8-RK-GFP-polyA-stuffer,4,5,1.9,252.4,-11.57
AAV8-RK-GFP-polyA-stuffer,4,5,1.9,252.6,-13.08
AAV8-RK-GFP-polyA-stuffer,4,5,1.9,252.8,-14.65
AAV8-RK-GFP-polyA-stuffer,4,5,1.9,253.0,-16.06
AAV8-RK-GFP-polyA-stuffer,4,5,1.9,253.2,-17.06
AAV8-RK-GFP-polyA-stuffer,4,5,1.9,253.4,-17.41
AAV8-RK-GFP-polyA-stuffer,4,5,1.9,253.6,-16.95
AAV8-RK-GFP-polyA-stuffer,4,5,1.9,253.8,-15.57
AAV8-RK-GFP-polyA-stuffer,4,5,1.9,254.0,-13.26
AAV8-RK-GFP-polyA-stuffer,4,5,1.9,254.2,-10.14
AAV8-RK-GFP-polyA-stuffer,4,5,1.9,254.4,-6.42
AAV8-RK-GFP-polyA-stuffer,4,5,1.9,254.6,-2.39
AAV8-RK-GFP-polyA-stuffer,4,5,1.9,254.8,1.57
AAV8-RK-GFP-polyA-stuffer,4,5,1.9,255.0,5.09
AAV8-RK-GFP-polyA-stuffer,4,5,1.9,255.2,7.8
AAV8-RK-GFP-polyA-stuffer,4,5,1.9,255.4,9.4
AAV8-RK-GFP-polyA-stuffer,4,5,1.9,255.6,9.67
AAV8-RK-GFP-polyA-stuffer,4,5,1.9,255.8,8.52
AAV8-RK-GFP-polyA-stuffer,4,5,1.9,256.0,5.98
AAV8-RK-GFP-polyA-stuffer,4,5,1.9,256.2,2.23
AAV8-RK-GFP-polyA-stuffer,4,5,1.9,256.4,-2.5
AAV8-RK-GFP-polyA-stuffer,4,5,1.9,256.6,-7.85
AAV8-RK-GFP-polyA-stuffer,4,5,1.9,256.8,-13.48
AAV8-RK-GFP-polyA-stuffer,4,5,1.9,257.0,-19.04
AAV8-RK-GFP-polyA-stuffer,4,5,1.9,257.2,-24.21
AAV8-RK-GFP-polyA-stuffer,4,5,1.9,257.4,-28.79
AAV8-RK-GFP-polyA-stuffer,4,5,1.9,257.6,-32.64
AAV8-RK-GFP-polyA-stuffer,4,5,1.9,257.8,-35.76
AAV8-RK-GFP-polyA-stuffer,4,5,1.9,258.0,-38.21
AAV8-RK-GFP-polyA-stuffer,4,5,1.9,258.2,-40.12
AAV8-RK-GFP-polyA-stuffer,4,5,1.9,258.4,-41.66
AAV8-RK-GFP-polyA-stuffer,4,5,1.9,258.6,-43.0
AAV8-RK-GFP-polyA-stuffer,4,5,1.9,258.8,-44.23
AAV8-RK-GFP-polyA-stuffer,4,5,1.9,259.0,-45.42
AAV8-RK-GFP-polyA-stuffer,4,5,1.9,259.2,-46.51
AAV8-RK-GFP-polyA-stuffer,4,5,1.9,259.4,-47.35
AAV8-RK-GFP-polyA-stuffer,4,5,1.9,259.6,-47.74
AAV8-RK-GFP-polyA-stuffer,4,5,1.9,259.8,-47.39
AAV8-RK-GFP-polyA-stuffer,4,5,1.9,260.0,-46.02
AAV8-CMV-GFP,5,5,1.9,0.0,2.96
AAV8-CMV-GFP,5,5,1.9,0.2,7.75
AAV8-CMV-GFP,5,5,1.9,0.4,12.3
AAV8-CMV-GFP,5,5,1.9,0.6,16.24
AAV8-CMV-GFP,5,5,1.9,0.8,19.26
AAV8-CMV-GFP,5,5,1.9,1.0,21.13
AAV8-CMV-GFP,5,5,1.9,1.2,21.71
AAV8-CMV-GFP,5,5,1.9,1.4,20.99
AAV8-CMV-GFP,5,5,1.9,1.6,19.07
AAV8-CMV-GFP,5,5,1.9,1.8,16.13
AAV8-CMV-GFP,5,5,1.9,2.0,12.42
AAV8-CMV-GFP,5,5,1.9,2.2,8.26
AAV8-CMV-GFP,5,5,1.9,2.4,3.91
AAV8-CMV-GFP,5,5,1.9,2.6,-0.06
AAV8-CMV-GFP,5,5,1.9,2.8,-0.72
AAV8-CMV-GFP,5,5,1.9,3.0,-1.31
AAV8-CMV-GFP,5,5,1.9,3.2,-1.83
AAV8-CMV-GFP,5,5,1.9,3.4,-2.28
AAV8-CMV-GFP,5,5,1.9,3.6,-2.67
AAV8-CMV-GFP,5,5,1.9,3.8,-3.02
AAV8-CMV-GFP,5,5,1.9,4.0,-3.35
AAV8-CMV-GFP,5,5,1.9,4.2,-3.67
AAV8-CMV-GFP,5,5,1.9,4.4,-3.99
AAV8-CMV-GFP,5,5,1.9,4.6,-4.3
AAV8-CMV-GFP,5,5,1.9,4.8,-4.61
AAV8-CMV-GFP,5,5,1.9,5.0,-4.88
AAV8-CMV-GFP,5,5,1.9,5.2,-5.09
AAV8-CMV-GFP,5,5,1.9,5.4,-5.22
AAV8-CMV-GFP,5,5,1.9,5.6,-5.25
AAV8-CMV-GFP,5,5,1.9,5.8,-5.17
AAV8-CMV-GFP,5,5,1.9,6.0,-4.98
AAV8-CMV-GFP,5,5,1.9,6.2,-4.7
AAV8-CMV-GFP,5,5,1.9,6.4,-4.34
AAV8-CMV-GFP,5,5,1.9,6.6,-3.94
AAV8-CMV-GFP,5,5,1.9,6.8,-3.56
AAV8-CMV-GFP,5,5,1.9,7.0,-3.23
AAV8-CMV-GFP,5,5,1.9,7.2,-2.99
AAV8-CMV-GFP,5,5,1.9,7.4,-2.87
AAV8-CMV-GFP,5,5,1.9,7.6,-2.89
AAV8-CMV-GFP,5,5,1.9,7.8,-3.05
AAV8-CMV-GFP,5,5,1.9,8.0,-3.33
AAV8-CMV-GFP,5,5,1.9,8.2,-3.68
AAV8-CMV-GFP,5,5,1.9,8.4,-4.05
AAV8-CMV-GFP,5,5,1.9,8.6,-4.37
AAV8-CMV-GFP,5,5,1.9,8.8,-4.6
AAV8-CMV-GFP,5,5,1.9,9.0,-4.65
AAV8-CMV-GFP,5,5,1.9,9.2,-4.5
AAV8-CMV-GFP,5,5,1.9,9.4,-4.12
AAV8-CMV-GFP,5,5,1.9,9.6,-3.5
AAV8-CMV-GFP,5,5,1.9,9.8,-2.66
AAV8-CMV-GFP,5,5,1.9,10.0,-1.65
AAV8-CMV-GFP,5,5,1.9,10.2,-0.54
AAV8-CMV-GFP,5,5,1.9,10.4,3.63
AAV8-CMV-GFP,5,5,1.9,10.6,10.11
AAV8-CMV-GFP,5,5,1.9,10.8,15.69
AAV8-CMV-GFP,5,5,1.9,11.0,19.9
AAV8-CMV-GFP,5,5,1.9,11.2,22.37
AAV8-CMV-GFP,5,5,1.9,11.4,22.88
AAV8-CMV-GFP,5,5,1.9,11.6,21.35
AAV8-CMV-GFP,5,5,1.9,11.8,17.87
AAV8-CMV-GFP,5,5,1.9,12.0,12.67
AAV8-CMV-GFP,5,5,1.9,12.2,6.12
AAV8-CMV-GFP,5,5,1.9,12.4,-0.22
AAV8-CMV-GFP,5,5,1.9,12.6,-1.51
AAV8-CMV-GFP,5,5,1.9,12.8,-2.78
AAV8-CMV-GFP,5,5,1.9,13.0,-3.95
AAV8-CMV-GFP,5,5,1.9,13.2,-4.93
AAV8-CMV-GFP,5,5,1.9,13.4,-5.68
AAV8-CMV-GFP,5,5,1.9,13.6,-6.16
AAV8-CMV-GFP,5,5,1.9,13.8,-6.36
AAV8-CMV-GFP,5,5,1.9,14.0,-6.27
AAV8-CMV-GFP,5,5,1.9,14.2,-5.92
AAV8-CMV-GFP,5,5,1.9,14.4,-5.35
AAV8-CMV-GFP,5,5,1.9,14.6,-4.61
AAV8-CMV-GFP,5,5,1.9,14.8,-3.76
AAV8-CMV-GFP,5,5,1.9,15.0,-2.86
AAV8-CMV-GFP,5,5,1.9,15.2,-1.99
AAV8-CMV-GFP,5,5,1.9,15.4,-1.19
AAV8-CMV-GFP,5,5,1.9,15.6,-0.53
AAV8-CMV-GFP,5,5,1.9,15.8,-0.06
AAV8-CMV-GFP,5,5,1.9,16.0,1.22
AAV8-CMV-GFP,5,5,1.9,16.2,1.35
AAV8-CMV-GFP,5,5,1.9,16.4,0.03
AAV8-CMV-GFP,5,5,1.9,16.6,-0.44
AAV8-CMV-GFP,5,5,1.9,16.8,-1.08
AAV8-CMV-GFP,5,5,1.9,17.0,-1.88
AAV8-CMV-GFP,5,5,1.9,17.2,-2.77
AAV8-CMV-GFP,5,5,1.9,17.4,-3.68
AAV8-CMV-GFP,5,5,1.9,17.6,-4.55
AAV8-CMV-GFP,5,5,1.9,17.8,-5.29
AAV8-CMV-GFP,5,5,1.9,18.0,-5.84
AAV8-CMV-GFP,5,5,1.9,18.2,-6.13
AAV8-CMV-GFP,5,5,1.9,18.4,-6.13
AAV8-CMV-GFP,5,5,1.9,18.6,-5.81
AAV8-CMV-GFP,5,5,1.9,18.8,-5.19
AAV8-CMV-GFP,5,5,1.9,19.0,-4.29
AAV8-CMV-GFP,5,5,1.9,19.2,-3.16
AAV8-CMV-GFP,5,5,1.9,19.4,-1.9
AAV8-CMV-GFP,5,5,1.9,19.6,-0.58
AAV8-CMV-GFP,5,5,1.9,19.8,4.16
AAV8-CMV-GFP,5,5,1.9,20.0,10.97
AAV8-CMV-GFP,5,5,1.9,20.2,16.38
AAV8-CMV-GFP,5,5,1.9,20.4,20.0
AAV8-CMV-GFP,5,5,1.9,20.6,21.57
AAV8-CMV-GFP,5,5,1.9,20.8,21.03
AAV8-CMV-GFP,5,5,1.9,21.0,18.52
AAV8-CMV-GFP,5,5,1.9,21.2,14.35
AAV8-CMV-GFP,5,5,1.9,21.4,8.98
AAV8-CMV-GFP,5,5,1.9,21.6,2.99
AAV8-CMV-GFP,5,5,1.9,21.8,-0.5
AAV8-CMV-GFP,5,5,1.9,22.0,-1.39
AAV8-CMV-GFP,5,5,1.9,22.2,-2.09
AAV8-CMV-GFP,5,5,1.9,22.4,-2.53
AAV8-CMV-GFP,5,5,1.9,22.6,-2.68
AAV8-CMV-GFP,5,5,1.9,22.8,-2.53
AAV8-CMV-GFP,5,5,1.9,23.0,-2.11
AAV8-CMV-GFP,5,5,1.9,23.2,-1.47
AAV8-CMV-GFP,5,5,1.9,23.4,-0.68
AAV8-CMV-GFP,5,5,1.9,23.6,0.99
AAV8-CMV-GFP,5,5,1.9,23.8,5.83
AAV8-CMV-GFP,5,5,1.9,24.0,9.9
AAV8-CMV-GFP,5,5,1.9,24.2,12.75
AAV8-CMV-GFP,5,5,1.9,24.4,14.1
AAV8-CMV-GFP,5,5,1.9,24.6,13.8
AAV8-CMV-GFP,5,5,1.9,24.8,11.9
AAV8-CMV-GFP,5,5,1.9,25.0,8.58
AAV8-CMV-GFP,5,5,1.9,25.2,4.17
AAV8-CMV-GFP,5,5,1.9,25.4,-0.15
AAV8-CMV-GFP,5,5,1.9,25.6,-1.04
AAV8-CMV-GFP,5,5,1.9,25.8,-1.89
AAV8-CMV-GFP,5,5,1.9,26.0,-2.65
AAV8-CMV-GFP,5,5,1.9,26.2,-3.28
AAV8-CMV-GFP,5,5,1.9,26.4,-3.74
AAV8-CMV-GFP,5,5,1.9,26.6,-4.05
AAV8-CMV-GFP,5,5,1.9,26.8,-4.22
AAV8-CMV-GFP,5,5,1.9,27.0,-4.27
AAV8-CMV-GFP,5,5,1.9,27.2,-4.25
AAV8-CMV-GFP,5,5,1.9,27.4,-4.19
AAV8-CMV-GFP,5,5,1.9,27.6,-4.14
AAV8-CMV-GFP,5,5,1.9,27.8,-4.12
AAV8-CMV-GFP,5,5,1.9,28.0,-4.15
AAV8-CMV-GFP,5,5,1.9,28.2,-4.21
AAV8-CMV-GFP,5,5,1.9,28.4,-4.29
AAV8-CMV-GFP,5,5,1.9,28.6,-4.36
AAV8-CMV-GFP,5,5,1.9,28.8,-4.38
AAV8-CMV-GFP,5,5,1.9,29.0,-4.32
AAV8-CMV-GFP,5,5,1.9,29.2,-4.13
AAV8-CMV-GFP,5,5,1.9,29.4,-3.77
AAV8-CMV-GFP,5,5,1.9,29.6,-3.36
AAV8-CMV-GFP,5,5,1.9,29.8,-2.75
AAV8-CMV-GFP,5,5,1.9,30.0,-1.98
AAV8-CMV-GFP,5,5,1.9,30.2,-1.09
AAV8-CMV-GFP,5,5,1.9,30.4,-0.16
AAV8-CMV-GFP,5,5,1.9,30.6,4.58
AAV8-CMV-GFP,5,5,1.9,30.8,9.49
AAV8-CMV-GFP,5,5,1.9,31.0,13.35
AAV8-CMV-GFP,5,5,1.9,31.2,15.82
AAV8-CMV-GFP,5,5,1.9,31.4,16.67
AAV8-CMV-GFP,5,5,1.9,31.6,15.8
AAV8-CMV-GFP,5,5,1.9,31.8,13.27
AAV8-CMV-GFP,5,5,1.9,32.0,9.27
AAV8-CMV-GFP,5,5,1.9,32.2,4.12
AAV8-CMV-GFP,5,5,1.9,32.4,-0.3
AAV8-CMV-GFP,5,5,1.9,32.6,-1.32
AAV8-CMV-GFP,5,5,1.9,32.8,-2.33
AAV8-CMV-GFP,5,5,1.9,33.0,-3.24
AAV8-CMV-GFP,5,5,1.9,33.2,-4.01
AAV8-CMV-GFP,5,5,1.9,33.4,-4.59
AAV8-CMV-GFP,5,5,1.9,33.6,-4.97
AAV8-CMV-GFP,5,5,1.9,33.8,-5.13
AAV8-CMV-GFP,5,5,1.9,34.0,-5.08
AAV8-CMV-GFP,5,5,1.9,34.2,-4.87
AAV8-CMV-GFP,5,5,1.9,34.4,-4.5
AAV8-CMV-GFP,5,5,1.9,34.6,-4.04
AAV8-CMV-GFP,5,5,1.9,34.8,-3.51
AAV8-CMV-GFP,5,5,1.9,35.0,-2.96
AAV8-CMV-GFP,5,5,1.9,35.2,-2.42
AAV8-CMV-GFP,5,5,1.9,35.4,-1.93
AAV8-CMV-GFP,5,5,1.9,35.6,-1.51
AAV8-CMV-GFP,5,5,1.9,35.8,-1.17
AAV8-CMV-GFP,5,5,1.9,36.0,-0.94
AAV8-CMV-GFP,5,5,1.9,36.2,-0.82
AAV8-CMV-GFP,5,5,1.9,36.4,-0.82
AAV8-CMV-GFP,5,5,1.9,36.6,-0.93
AAV8-CMV-GFP,5,5,1.9,36.8,-1.16
AAV8-CMV-GFP,5,5,1.9,37.0,-1.49
AAV8-CMV-GFP,5,5,1.9,37.2,-1.91
AAV8-CMV-GFP,5,5,1.9,37.4,-2.39
AAV8-CMV-GFP,5,5,1.9,37.6,-2.9
AAV8-CMV-GFP,5,5,1.9,37.8,-3.39
AAV8-CMV-GFP,5,5,1.9,38.0,-3.84
AAV8-CMV-GFP,5,5,1.9,38.2,-4.18
AAV8-CMV-GFP,5,5,1.9,38.4,-4.4
AAV8-CMV-GFP,5,5,1.9,38.6,-4.44
AAV8-CMV-GFP,5,5,1.9,38.8,-4.29
AAV8-CMV-GFP,5,5,1.9,39.0,-3.93
AAV8-CMV-GFP,5,5,1.9,39.2,-3.39
AAV8-CMV-GFP,5,5,1.9,39.4,-2.69
AAV8-CMV-GFP,5,5,1.9,39.6,-1.87
AAV8-CMV-GFP,5,5,1.9,39.8,-1.0
AAV8-CMV-GFP,5,5,1.9,40.0,-0.15
AAV8-CMV-GFP,5,5,1.9,40.2,3.75
AAV8-CMV-GFP,5,5,1.9,40.4,7.45
AAV8-CMV-GFP,5,5,1.9,40.6,9.88
AAV8-CMV-GFP,5,5,1.9,40.8,10.84
AAV8-CMV-GFP,5,5,1.9,41.0,10.25
AAV8-CMV-GFP,5,5,1.9,41.2,8.2
AAV8-CMV-GFP,5,5,1.9,41.4,4.93
AAV8-CMV-GFP,5,5,1.9,41.6,0.81
AAV8-CMV-GFP,5,5,1.9,41.8,-0.61
AAV8-CMV-GFP,5,5,1.9,42.0,-1.34
AAV8-CMV-GFP,5,5,1.9,42.2,-1.95
AAV8-CMV-GFP,5,5,1.9,42.4,-2.39
AAV8-CMV-GFP,5,5,1.9,42.6,-2.6
AAV8-CMV-GFP,5,5,1.9,42.8,-2.54
AAV8-CMV-GFP,5,5,1.9,43.0,-2.21
AAV8-CMV-GFP,5,5,1.9,43.2,-1.65
AAV8-CMV-GFP,5,5,1.9,43.4,-0.9
AAV8-CMV-GFP,5,5,1.9,43.6,-0.03
AAV8-CMV-GFP,5,5,1.9,43.8,5.2
AAV8-CMV-GFP,5,5,1.9,44.0,10.24
AAV8-CMV-GFP,5,5,1.9,44.2,14.45
AAV8-CMV-GFP,5,5,1.9,44.4,17.43
AAV8-CMV-GFP,5,5,1.9,44.6,18.92
AAV8-CMV-GFP,5,5,1.9,44.8,18.8
AAV8-CMV-GFP,5,5,1.9,45.0,17.14
AAV8-CMV-GFP,5,5,1.9,45.2,14.12
AAV8-CMV-GFP,5,5,1.9,45.4,10.06
AAV8-CMV-GFP,5,5,1.9,45.6,5.34
AAV8-CMV-GFP,5,5,1.9,45.8,0.37
AAV8-CMV-GFP,5,5,1.9,46.0,-0.74
AAV8-CMV-GFP,5,5,1.9,46.2,-1.47
AAV8-CMV-GFP,5,5,1.9,46.4,-2.09
AAV8-CMV-GFP,5,5,1.9,46.6,-2.59
AAV8-CMV-GFP,5,5,1.9,46.8,-2.96
AAV8-CMV-GFP,5,5,1.9,47.0,-3.22
AAV8-CMV-GFP,5,5,1.9,47.2,-3.4
AAV8-CMV-GFP,5,5,1.9,47.4,-3.54
AAV8-CMV-GFP,5,5,1.9,47.6,-3.66
AAV8-CMV-GFP,5,5,1.9,47.8,-3.78
AAV8-CMV-GFP,5,5,1.9,48.0,-3.91
AAV8-CMV-GFP,5,5,1.9,48.2,-4.05
AAV8-CMV-GFP,5,5,1.9,48.4,-4.18
AAV8-CMV-GFP,5,5,1.9,48.6,-4.27
AAV8-CMV-GFP,5,5,1.9,48.8,-4.28
AAV8-CMV-GFP,5,5,1.9,49.0,-4.17
AAV8-CMV-GFP,5,5,1.9,49.2,-3.93
AAV8-CMV-GFP,5,5,1.9,49.4,-3.53
AAV8-CMV-GFP,5,5,1.9,49.6,-2.98
AAV8-CMV-GFP,5,5,1.9,49.8,-2.31
AAV8-CMV-GFP,5,5,1.9,50.0,-1.56
AAV8-CMV-GFP,5,5,1.9,50.2,-0.78
AAV8-CMV-GFP,5,5,1.9,50.4,-0.06
AAV8-CMV-GFP,5,5,1.9,50.6,3.22
AAV8-CMV-GFP,5,5,1.9,50.8,5.66
AAV8-CMV-GFP,5,5,1.9,51.0,6.61
AAV8-CMV-GFP,5,5,1.9,51.2,5.92
AAV8-CMV-GFP,5,5,1.9,51.4,3.55
AAV8-CMV-GFP,5,5,1.9,51.6,-0.05
AAV8-CMV-GFP,5,5,1.9,51.8,-0.89
AAV8-CMV-GFP,5,5,1.9,52.0,-1.84
AAV8-CMV-GFP,5,5,1.9,52.2,-2.81
AAV8-CMV-GFP,5,5,1.9,52.4,-3.72
AAV8-CMV-GFP,5,5,1.9,52.6,-4.47
AAV8-CMV-GFP,5,5,1.9,52.8,-4.98
AAV8-CMV-GFP,5,5,1.9,53.0,-5.21
AAV8-CMV-GFP,5,5,1.9,53.2,-5.13
AAV8-CMV-GFP,5,5,1.9,53.4,-4.77
AAV8-CMV-GFP,5,5,1.9,53.6,-4.16
AAV8-CMV-GFP,5,5,1.9,53.8,-3.37
AAV8-CMV-GFP,5,5,1.9,54.0,-2.5
AAV8-CMV-GFP,5,5,1.9,54.2,-1.62
AAV8-CMV-GFP,5,5,1.9,54.4,-0.85
AAV8-CMV-GFP,5,5,1.9,54.6,-0.25
AAV8-CMV-GFP,5,5,1.9,54.8,0.66
AAV8-CMV-GFP,5,5,1.9,55.0,1.24
AAV8-CMV-GFP,5,5,1.9,55.2,0.2
AAV8-CMV-GFP,5,5,1.9,55.4,-0.38
AAV8-CMV-GFP,5,5,1.9,55.6,-0.99
AAV8-CMV-GFP,5,5,1.9,55.8,-1.73
AAV8-CMV-GFP,5,5,1.9,56.0,-2.53
AAV8-CMV-GFP,5,5,1.9,56.2,-3.31
AAV8-CMV-GFP,5,5,1.9,56.4,-4.01
AAV8-CMV-GFP,5,5,1.9,56.6,-4.59
AAV8-CMV-GFP,5,5,1.9,56.8,-5.02
AAV8-CMV-GFP,5,5,1.9,57.0,-5.3
AAV8-CMV-GFP,5,5,1.9,57.2,-5.44
AAV8-CMV-GFP,5,5,1.9,57.4,-5.48
AAV8-CMV-GFP,5,5,1.9,57.6,-5.44
AAV8-CMV-GFP,5,5,1.9,57.8,-5.37
AAV8-CMV-GFP,5,5,1.9,58.0,-5.31
AAV8-CMV-GFP,5,5,1.9,58.2,-5.27
AAV8-CMV-GFP,5,5,1.9,58.4,-5.26
AAV8-CMV-GFP,5,5,1.9,58.6,-5.28
AAV8-CMV-GFP,5,5,1.9,58.8,-5.31
AAV8-CMV-GFP,5,5,1.9,59.0,-5.31
AAV8-CMV-GFP,5,5,1.9,59.2,-5.25
AAV8-CMV-GFP,5,5,1.9,59.4,-5.1
AAV8-CMV-GFP,5,5,1.9,59.6,-4.85
AAV8-CMV-GFP,5,5,1.9,59.8,-4.47
AAV8-CMV-GFP,5,5,1.9,60.0,-4.0
AAV8-CMV-GFP,5,5,1.9,60.2,-3.46
AAV8-CMV-GFP,5,5,1.9,60.4,-2.91
AAV8-CMV-GFP,5,5,1.9,60.6,-2.4
AAV8-CMV-GFP,5,5,1.9,60.8,-2.0
AAV8-CMV-GFP,5,5,1.9,61.0,-1.78
AAV8-CMV-GFP,5,5,1.9,61.2,-1.78
AAV8-CMV-GFP,5,5,1.9,61.4,-2.04
AAV8-CMV-GFP,5,5,1.9,61.6,-2.56
AAV8-CMV-GFP,5,5,1.9,61.8,-3.31
AAV8-CMV-GFP,5,5,1.9,62.0,-4.23
AAV8-CMV-GFP,5,5,1.9,62.2,-5.24
AAV8-CMV-GFP,5,5,1.9,62.4,-6.26
AAV8-CMV-GFP,5,5,1.9,62.6,-7.16
AAV8-CMV-GFP,5,5,1.9,62.8,-7.86
AAV8-CMV-GFP,5,5,1.9,63.0,-8.26
AAV8-CMV-GFP,5,5,1.9,63.2,-8.3
AAV8-CMV-GFP,5,5,1.9,63.4,-7.96
AAV8-CMV-GFP,5,5,1.9,63.6,-7.24
AAV8-CMV-GFP,5,5,1.9,63.8,-6.18
AAV8-CMV-GFP,5,5,1.9,64.0,-4.87
AAV8-CMV-GFP,5,5,1.9,64.2,-3.39
AAV8-CMV-GFP,5,5,1.9,64.4,-1.88
AAV8-CMV-GFP,5,5,1.9,64.6,-0.44
AAV8-CMV-GFP,5,5,1.9,64.8,4.94
AAV8-CMV-GFP,5,5,1.9,65.0,10.83
AAV8-CMV-GFP,5,5,1.9,65.2,14.66
AAV8-CMV-GFP,5,5,1.9,65.4,16.24
AAV8-CMV-GFP,5,5,1.9,65.6,15.62
AAV8-CMV-GFP,5,5,1.9,65.8,13.03
AAV8-CMV-GFP,5,5,1.9,66.0,8.85
AAV8-CMV-GFP,5,5,1.9,66.2,3.6
AAV8-CMV-GFP,5,5,1.9,66.4,-0.36
AAV8-CMV-GFP,5,5,1.9,66.6,-1.3
AAV8-CMV-GFP,5,5,1.9,66.8,-2.16
AAV8-CMV-GFP,5,5,1.9,67.0,-2.88
AAV8-CMV-GFP,5,5,1.9,67.2,-3.42
AAV8-CMV-GFP,5,5,1.9,67.4,-3.77
AAV8-CMV-GFP,5,5,1.9,67.6,-3.95
AAV8-CMV-GFP,5,5,1.9,67.8,-4.0
AAV8-CMV-GFP,5,5,1.9,68.0,-3.97
AAV8-CMV-GFP,5,5,1.9,68.2,-3.93
AAV8-CMV-GFP,5,5,1.9,68.4,-3.93
AAV8-CMV-GFP,5,5,1.9,68.6,-4.01
AAV8-CMV-GFP,5,5,1.9,68.8,-4.22
AAV8-CMV-GFP,5,5,1.9,69.0,-4.55
AAV8-CMV-GFP,5,5,1.9,69.2,-5.01
AAV8-CMV-GFP,5,5,1.9,69.4,-6.94
AAV8-CMV-GFP,5,5,1.9,69.6,-7.48
AAV8-CMV-GFP,5,5,1.9,69.8,-7.95
AAV8-CMV-GFP,5,5,1.9,70.0,-8.29
AAV8-CMV-GFP,5,5,1.9,70.2,-8.47
AAV8-CMV-GFP,5,5,1.9,70.4,-8.47
AAV8-CMV-GFP,5,5,1.9,70.6,-8.29
AAV8-CMV-GFP,5,5,1.9,70.8,-7.94
AAV8-CMV-GFP,5,5,1.9,71.0,-7.46
AAV8-CMV-GFP,5,5,1.9,71.2,-6.9
AAV8-CMV-GFP,5,5,1.9,71.4,-6.32
AAV8-CMV-GFP,5,5,1.9,71.6,-5.77
AAV8-CMV-GFP,5,5,1.9,71.8,-5.31
AAV8-CMV-GFP,5,5,1.9,72.0,-4.99
AAV8-CMV-GFP,5,5,1.9,72.2,-4.85
AAV8-CMV-GFP,5,5,1.9,72.4,-4.89
AAV8-CMV-GFP,5,5,1.9,72.6,-5.1
AAV8-CMV-GFP,5,5,1.9,72.8,-5.47
AAV8-CMV-GFP,5,5,1.9,73.0,-5.96
AAV8-CMV-GFP,5,5,1.9,73.2,-6.51
AAV8-CMV-GFP,5,5,1.9,73.4,-7.07
AAV8-CMV-GFP,5,5,1.9,73.6,-7.57
AAV8-CMV-GFP,5,5,1.9,73.8,-7.98
AAV8-CMV-GFP,5,5,1.9,74.0,-8.24
AAV8-CMV-GFP,5,5,1.9,74.2,-8.32
AAV8-CMV-GFP,5,5,1.9,74.4,-8.22
AAV8-CMV-GFP,5,5,1.9,74.6,-7.93
AAV8-CMV-GFP,5,5,1.9,74.8,-7.48
AAV8-CMV-GFP,5,5,1.9,75.0,-6.89
AAV8-CMV-GFP,5,5,1.9,75.2,-6.2
AAV8-CMV-GFP,5,5,1.9,75.4,-5.46
AAV8-CMV-GFP,5,5,1.9,75.6,-4.71
AAV8-CMV-GFP,5,5,1.9,75.8,-4.01
AAV8-CMV-GFP,5,5,1.9,76.0,-3.4
AAV8-CMV-GFP,5,5,1.9,76.2,-2.91
AAV8-CMV-GFP,5,5,1.9,76.4,-2.57
AAV8-CMV-GFP,5,5,1.9,76.6,-2.38
AAV8-CMV-GFP,5,5,1.9,76.8,-2.35
AAV8-CMV-GFP,5,5,1.9,77.0,-2.47
AAV8-CMV-GFP,5,5,1.9,77.2,-2.73
AAV8-CMV-GFP,5,5,1.9,77.4,-3.09
AAV8-CMV-GFP,5,5,1.9,77.6,-3.52
AAV8-CMV-GFP,5,5,1.9,77.8,-3.99
AAV8-CMV-GFP,5,5,1.9,78.0,-4.46
AAV8-CMV-GFP,5,5,1.9,78.2,-4.89
AAV8-CMV-GFP,5,5,1.9,78.4,-5.25
AAV8-CMV-GFP,5,5,1.9,78.6,-5.51
AAV8-CMV-GFP,5,5,1.9,78.8,-5.64
AAV8-CMV-GFP,5,5,1.9,79.0,-5.65
AAV8-CMV-GFP,5,5,1.9,79.2,-5.53
AAV8-CMV-GFP,5,5,1.9,79.4,-5.28
AAV8-CMV-GFP,5,5,1.9,79.6,-4.93
AAV8-CMV-GFP,5,5,1.9,79.8,-4.51
AAV8-CMV-GFP,5,5,1.9,80.0,-4.05
AAV8-CMV-GFP,5,5,1.9,80.2,-3.58
AAV8-CMV-GFP,5,5,1.9,80.4,-3.14
AAV8-CMV-GFP,5,5,1.9,80.6,-2.77
AAV8-CMV-GFP,5,5,1.9,80.8,-2.5
AAV8-CMV-GFP,5,5,1.9,81.0,-2.35
AAV8-CMV-GFP,5,5,1.9,81.2,-2.32
AAV8-CMV-GFP,5,5,1.9,81.4,-2.41
AAV8-CMV-GFP,5,5,1.9,81.6,-2.62
AAV8-CMV-GFP,5,5,1.9,81.8,-2.92
AAV8-CMV-GFP,5,5,1.9,82.0,-3.27
AAV8-CMV-GFP,5,5,1.9,82.2,-3.66
AAV8-CMV-GFP,5,5,1.9,82.4,-4.03
AAV8-CMV-GFP,5,5,1.9,82.6,-4.36
AAV8-CMV-GFP,5,5,1.9,82.8,-4.63
AAV8-CMV-GFP,5,5,1.9,83.0,-4.83
AAV8-CMV-GFP,5,5,1.9,83.2,-4.95
AAV8-CMV-GFP,5,5,1.9,83.4,-5.0
AAV8-CMV-GFP,5,5,1.9,83.6,-4.99
AAV8-CMV-GFP,5,5,1.9,83.8,-4.97
AAV8-CMV-GFP,5,5,1.9,84.0,-4.95
AAV8-CMV-GFP,5,5,1.9,84.2,-4.96
AAV8-CMV-GFP,5,5,1.9,84.4,-5.02
AAV8-CMV-GFP,5,5,1.9,84.6,-5.15
AAV8-CMV-GFP,5,5,1.9,84.8,-5.36
AAV8-CMV-GFP,5,5,1.9,85.0,-5.62
AAV8-CMV-GFP,5,5,1.9,85.2,-5.92
AAV8-CMV-GFP,5,5,1.9,85.4,-6.21
AAV8-CMV-GFP,5,5,1.9,85.6,-6.46
AAV8-CMV-GFP,5,5,1.9,85.8,-6.63
AAV8-CMV-GFP,5,5,1.9,86.0,-6.67
AAV8-CMV-GFP,5,5,1.9,86.2,-6.56
AAV8-CMV-GFP,5,5,1.9,86.4,-6.27
AAV8-CMV-GFP,5,5,1.9,86.6,-5.82
AAV8-CMV-GFP,5,5,1.9,86.8,-5.22
AAV8-CMV-GFP,5,5,1.9,87.0,-4.52
AAV8-CMV-GFP,5,5,1.9,87.2,-3.77
AAV8-CMV-GFP,5,5,1.9,87.4,-3.05
AAV8-CMV-GFP,5,5,1.9,87.6,-2.44
AAV8-CMV-GFP,5,5,1.9,87.8,-2.01
AAV8-CMV-GFP,5,5,1.9,88.0,-1.81
AAV8-CMV-GFP,5,5,1.9,88.2,-1.9
AAV8-CMV-GFP,5,5,1.9,88.4,-2.3
AAV8-CMV-GFP,5,5,1.9,88.6,-2.99
AAV8-CMV-GFP,5,5,1.9,88.8,-3.94
AAV8-CMV-GFP,5,5,1.9,89.0,-5.08
AAV8-CMV-GFP,5,5,1.9,89.2,-6.34
AAV8-CMV-GFP,5,5,1.9,89.4,-7.59
AAV8-CMV-GFP,5,5,1.9,89.6,-8.74
AAV8-CMV-GFP,5,5,1.9,89.8,-9.68
AAV8-CMV-GFP,5,5,1.9,90.0,-10.32
AAV8-CMV-GFP,5,5,1.9,90.2,-10.59
AAV8-CMV-GFP,5,5,1.9,90.4,-10.46
AAV8-CMV-GFP,5,5,1.9,90.6,-9.93
AAV8-CMV-GFP,5,5,1.9,90.8,-9.03
AAV8-CMV-GFP,5,5,1.9,91.0,-7.82
AAV8-CMV-GFP,5,5,1.9,91.2,-6.42
AAV8-CMV-GFP,5,5,1.9,91.4,-4.92
AAV8-CMV-GFP,5,5,1.9,91.6,-3.45
AAV8-CMV-GFP,5,5,1.9,91.8,-2.12
AAV8-CMV-GFP,5,5,1.9,92.0,-1.05
AAV8-CMV-GFP,5,5,1.9,92.2,-0.31
AAV8-CMV-GFP,5,5,1.9,92.4,0.3
AAV8-CMV-GFP,5,5,1.9,92.6,0.16
AAV8-CMV-GFP,5,5,1.9,92.8,-0.36
AAV8-CMV-GFP,5,5,1.9,93.0,-1.04
AAV8-CMV-GFP,5,5,1.9,93.2,-1.93
AAV8-CMV-GFP,5,5,1.9,93.4,-2.93
AAV8-CMV-GFP,5,5,1.9,93.6,-3.91
AAV8-CMV-GFP,5,5,1.9,93.8,-4.78
AAV8-CMV-GFP,5,5,1.9,94.0,-5.43
AAV8-CMV-GFP,5,5,1.9,94.2,-5.79
AAV8-CMV-GFP,5,5,1.9,94.4,-5.84
AAV8-CMV-GFP,5,5,1.9,94.6,-5.56
AAV8-CMV-GFP,5,5,1.9,94.8,-4.98
AAV8-CMV-GFP,5,5,1.9,95.0,-4.18
AAV8-CMV-GFP,5,5,1.9,95.2,-3.23
AAV8-CMV-GFP,5,5,1.9,95.4,-2.24
AAV8-CMV-GFP,5,5,1.9,95.6,-1.32
AAV8-CMV-GFP,5,5,1.9,95.8,-0.55
AAV8-CMV-GFP,5,5,1.9,96.0,-0.02
AAV8-CMV-GFP,5,5,1.9,96.2,1.29
AAV8-CMV-GFP,5,5,1.9,96.4,0.84
AAV8-CMV-GFP,5,5,1.9,96.6,-0.23
AAV8-CMV-GFP,5,5,1.9,96.8,-0.86
AAV8-CMV-GFP,5,5,1.9,97.0,-1.68
AAV8-CMV-GFP,5,5,1.9,97.2,-2.6
AAV8-CMV-GFP,5,5,1.9,97.4,-3.52
AAV8-CMV-GFP,5,5,1.9,97.6,-4.35
AAV8-CMV-GFP,5,5,1.9,97.8,-5.02
AAV8-CMV-GFP,5,5,1.9,98.0,-5.47
AAV8-CMV-GFP,5,5,1.9,98.2,-5.67
AAV8-CMV-GFP,5,5,1.9,98.4,-5.62
AAV8-CMV-GFP,5,5,1.9,98.6,-5.35
AAV8-CMV-GFP,5,5,1.9,98.8,-4.92
AAV8-CMV-GFP,5,5,1.9,99.0,-4.42
AAV8-CMV-GFP,5,5,1.9,99.2,-3.92
AAV8-CMV-GFP,5,5,1.9,99.4,-3.52
AAV8-CMV-GFP,5,5,1.9,99.6,-3.3
AAV8-CMV-GFP,5,5,1.9,99.8,-3.31
AAV8-CMV-GFP,5,5,1.9,100.0,-3.58
AAV8-CMV-GFP,5,5,1.9,100.2,-4.11
AAV8-CMV-GFP,5,5,1.9,100.4,-4.87
AAV8-CMV-GFP,5,5,1.9,100.6,-5.79
AAV8-CMV-GFP,5,5,1.9,100.8,-6.78
AAV8-CMV-GFP,5,5,1.9,101.0,-7.76
AAV8-CMV-GFP,5,5,1.9,101.2,-8.62
AAV8-CMV-GFP,5,5,1.9,101.4,-9.27
AAV8-CMV-GFP,5,5,1.9,101.6,-9.64
AAV8-CMV-GFP,5,5,1.9,101.8,-9.68
AAV8-CMV-GFP,5,5,1.9,102.0,-9.37
AAV8-CMV-GFP,5,5,1.9,102.2,-8.73
AAV8-CMV-GFP,5,5,1.9,102.4,-7.81
AAV8-CMV-GFP,5,5,1.9,102.6,-6.69
AAV8-CMV-GFP,5,5,1.9,102.8,-5.45
AAV8-CMV-GFP,5,5,1.9,103.0,-4.2
AAV8-CMV-GFP,5,5,1.9,103.2,-3.03
AAV8-CMV-GFP,5,5,1.9,103.4,-2.03
AAV8-CMV-GFP,5,5,1.9,103.6,-1.27
AAV8-CMV-GFP,5,5,1.9,103.8,-0.78
AAV8-CMV-GFP,5,5,1.9,104.0,-0.57
AAV8-CMV-GFP,5,5,1.9,104.2,-0.62
AAV8-CMV-GFP,5,5,1.9,104.4,-0.89
AAV8-CMV-GFP,5,5,1.9,104.6,-1.31
AAV8-CMV-GFP,5,5,1.9,104.8,-1.82
AAV8-CMV-GFP,5,5,1.9,105.0,-2.34
AAV8-CMV-GFP,5,5,1.9,105.2,-2.8
AAV8-CMV-GFP,5,5,1.9,105.4,-3.16
AAV8-CMV-GFP,5,5,1.9,105.6,-3.37
AAV8-CMV-GFP,5,5,1.9,105.8,-3.44
AAV8-CMV-GFP,5,5,1.9,106.0,-3.37
AAV8-CMV-GFP,5,5,1.9,106.2,-3.19
AAV8-CMV-GFP,5,5,1.9,106.4,-2.95
AAV8-CMV-GFP,5,5,1.9,106.6,-2.7
AAV8-CMV-GFP,5,5,1.9,106.8,-2.48
AAV8-CMV-GFP,5,5,1.9,107.0,-2.34
AAV8-CMV-GFP,5,5,1.9,107.2,-2.3
AAV8-CMV-GFP,5,5,1.9,107.4,-2.37
AAV8-CMV-GFP,5,5,1.9,107.6,-2.55
AAV8-CMV-GFP,5,5,1.9,107.8,-2.82
AAV8-CMV-GFP,5,5,1.9,108.0,-3.14
AAV8-CMV-GFP,5,5,1.9,108.2,-3.48
AAV8-CMV-GFP,5,5,1.9,108.4,-3.79
AAV8-CMV-GFP,5,5,1.9,108.6,-4.05
AAV8-CMV-GFP,5,5,1.9,108.8,-4.22
AAV8-CMV-GFP,5,5,1.9,109.0,-4.32
AAV8-CMV-GFP,5,5,1.9,109.2,-4.33
AAV8-CMV-GFP,5,5,1.9,109.4,-4.04
AAV8-CMV-GFP,5,5,1.9,109.6,-4.19
AAV8-CMV-GFP,5,5,1.9,109.8,-4.35
AAV8-CMV-GFP,5,5,1.9,110.0,-4.56
AAV8-CMV-GFP,5,5,1.9,110.2,-4.81
AAV8-CMV-GFP,5,5,1.9,110.4,-5.1
AAV8-CMV-GFP,5,5,1.9,110.6,-5.43
AAV8-CMV-GFP,5,5,1.9,110.8,-5.77
AAV8-CMV-GFP,5,5,1.9,111.0,-6.07
AAV8-CMV-GFP,5,5,1.9,111.2,-6.28
AAV8-CMV-GFP,5,5,1.9,111.4,-6.36
AAV8-CMV-GFP,5,5,1.9,111.6,-6.24
AAV8-CMV-GFP,5,5,1.9,111.8,-5.9
AAV8-CMV-GFP,5,5,1.9,112.0,-5.3
AAV8-CMV-GFP,5,5,1.9,112.2,-4.45
AAV8-CMV-GFP,5,5,1.9,112.4,-3.36
AAV8-CMV-GFP,5,5,1.9,112.6,-2.1
AAV8-CMV-GFP,5,5,1.9,112.8,-0.73
AAV8-CMV-GFP,5,5,1.9,113.0,3.97
AAV8-CMV-GFP,5,5,1.9,113.2,11.9
AAV8-CMV-GFP,5,5,1.9,113.4,18.78
AAV8-CMV-GFP,5,5,1.9,113.6,24.07
AAV8-CMV-GFP,5,5,1.9,113.8,27.37
AAV8-CMV-GFP,5,5,1.9,114.0,28.44
AAV8-CMV-GFP,5,5,1.9,114.2,27.22
AAV8-CMV-GFP,5,5,1.9,114.4,23.87
AAV8-CMV-GFP,5,5,1.9,114.6,18.72
AAV8-CMV-GFP,5,5,1.9,114.8,12.27
AAV8-CMV-GFP,5,5,1.9,115.0,5.13
AAV8-CMV-GFP,5,5,1.9,115.2,-0.34
AAV8-CMV-GFP,5,5,1.9,115.4,-1.43
AAV8-CMV-GFP,5,5,1.9,115.6,-2.32
AAV8-CMV-GFP,5,5,1.9,115.8,-2.96
AAV8-CMV-GFP,5,5,1.9,116.0,-3.3
AAV8-CMV-GFP,5,5,1.9,116.2,-3.33
AAV8-CMV-GFP,5,5,1.9,116.4,-3.07
AAV8-CMV-GFP,5,5,1.9,116.6,-2.59
AAV8-CMV-GFP,5,5,1.9,116.8,-1.96
AAV8-CMV-GFP,5,5,1.9,117.0,-1.25
AAV8-CMV-GFP,5,5,1.9,117.2,-0.57
AAV8-CMV-GFP,5,5,1.9,117.4,0.02
AAV8-CMV-GFP,5,5,1.9,117.6,2.48
AAV8-CMV-GFP,5,5,1.9,117.8,3.65
AAV8-CMV-GFP,5,5,1.9,118.0,3.46
AAV8-CMV-GFP,5,5,1.9,118.2,1.97
AAV8-CMV-GFP,5,5,1.9,118.4,-0.1
AAV8-CMV-GFP,5,5,1.9,118.6,-0.64
AAV8-CMV-GFP,5,5,1.9,118.8,-1.23
AAV8-CMV-GFP,5,5,1.9,119.0,-1.81
AAV8-CMV-GFP,5,5,1.9,119.2,-2.3
AAV8-CMV-GFP,5,5,1.9,119.4,-2.65
AAV8-CMV-GFP,5,5,1.9,119.6,-2.83
AAV8-CMV-GFP,5,5,1.9,119.8,-2.84
AAV8-CMV-GFP,5,5,1.9,120.0,-2.67
AAV8-CMV-GFP,5,5,1.9,120.2,-2.35
AAV8-CMV-GFP,5,5,1.9,120.4,-1.94
AAV8-CMV-GFP,5,5,1.9,120.6,-1.48
AAV8-CMV-GFP,5,5,1.9,120.8,-1.02
AAV8-CMV-GFP,5,5,1.9,121.0,-0.6
AAV8-CMV-GFP,5,5,1.9,121.2,-0.25
AAV8-CMV-GFP,5,5,1.9,121.4,0.1
AAV8-CMV-GFP,5,5,1.9,121.6,1.22
AAV8-CMV-GFP,5,5,1.9,121.8,2.02
AAV8-CMV-GFP,5,5,1.9,122.0,2.72
AAV8-CMV-GFP,5,5,1.9,122.2,3.6
AAV8-CMV-GFP,5,5,1.9,122.4,4.96
AAV8-CMV-GFP,5,5,1.9,122.6,7.04
AAV8-CMV-GFP,5,5,1.9,122.8,10.02
AAV8-CMV-GFP,5,5,1.9,123.0,13.98
AAV8-CMV-GFP,5,5,1.9,123.2,18.86
AAV8-CMV-GFP,5,5,1.9,123.4,24.48
AAV8-CMV-GFP,5,5,1.9,123.6,30.55
AAV8-CMV-GFP,5,5,1.9,123.8,36.67
AAV8-CMV-GFP,5,5,1.9,124.0,42.41
AAV8-CMV-GFP,5,5,1.9,124.2,47.3
AAV8-CMV-GFP,5,5,1.9,124.4,50.95
AAV8-CMV-GFP,5,5,1.9,124.6,53.0
AAV8-CMV-GFP,5,5,1.9,124.8,53.23
AAV8-CMV-GFP,5,5,1.9,125.0,51.57
AAV8-CMV-GFP,5,5,1.9,125.2,48.08
AAV8-CMV-GFP,5,5,1.9,125.4,42.96
AAV8-CMV-GFP,5,5,1.9,125.6,36.54
AAV8-CMV-GFP,5,5,1.9,125.8,29.23
AAV8-CMV-GFP,5,5,1.9,126.0,21.51
AAV8-CMV-GFP,5,5,1.9,126.2,13.85
AAV8-CMV-GFP,5,5,1.9,126.4,6.71
AAV8-CMV-GFP,5,5,1.9,126.6,0.47
AAV8-CMV-GFP,5,5,1.9,126.8,-0.76
AAV8-CMV-GFP,5,5,1.9,127.0,-1.36
AAV8-CMV-GFP,5,5,1.9,127.2,-1.73
AAV8-CMV-GFP,5,5,1.9,127.4,-1.86
AAV8-CMV-GFP,5,5,1.9,127.6,-1.78
AAV8-CMV-GFP,5,5,1.9,127.8,-1.52
AAV8-CMV-GFP,5,5,1.9,128.0,-1.13
AAV8-CMV-GFP,5,5,1.9,128.2,-0.65
AAV8-CMV-GFP,5,5,1.9,128.4,-0.12
AAV8-CMV-GFP,5,5,1.9,128.6,2.5
AAV8-CMV-GFP,5,5,1.9,128.8,5.53
AAV8-CMV-GFP,5,5,1.9,129.0,8.2
AAV8-CMV-GFP,5,5,1.9,129.2,10.42
AAV8-CMV-GFP,5,5,1.9,129.4,12.14
AAV8-CMV-GFP,5,5,1.9,129.6,13.37
AAV8-CMV-GFP,5,5,1.9,129.8,14.15
AAV8-CMV-GFP,5,5,1.9,130.0,14.57
AAV8-CMV-GFP,5,5,1.9,130.2,14.76
AAV8-CMV-GFP,5,5,1.9,130.4,14.86
AAV8-CMV-GFP,5,5,1.9,130.6,15.01
AAV8-CMV-GFP,5,5,1.9,130.8,15.38
AAV8-CMV-GFP,5,5,1.9,131.0,16.11
AAV8-CMV-GFP,5,5,1.9,131.2,17.33
AAV8-CMV-GFP,5,5,1.9,131.4,19.15
AAV8-CMV-GFP,5,5,1.9,131.6,21.63
AAV8-CMV-GFP,5,5,1.9,131.8,24.79
AAV8-CMV-GFP,5,5,1.9,132.0,28.59
AAV8-CMV-GFP,5,5,1.9,132.2,32.93
AAV8-CMV-GFP,5,5,1.9,132.4,37.64
AAV8-CMV-GFP,5,5,1.9,132.6,42.5
AAV8-CMV-GFP,5,5,1.9,132.8,47.24
AAV8-CMV-GFP,5,5,1.9,133.0,51.55
AAV8-CMV-GFP,5,5,1.9,133.2,55.12
AAV8-CMV-GFP,5,5,1.9,133.4,57.64
AAV8-CMV-GFP,5,5,1.9,133.6,58.85
AAV8-CMV-GFP,5,5,1.9,133.8,58.57
AAV8-CMV-GFP,5,5,1.9,134.0,56.69
AAV8-CMV-GFP,5,5,1.9,134.2,53.22
AAV8-CMV-GFP,5,5,1.9,134.4,48.27
AAV8-CMV-GFP,5,5,1.9,134.6,42.05
AAV8-CMV-GFP,5,5,1.9,134.8,34.9
AAV8-CMV-GFP,5,5,1.9,135.0,27.2
AAV8-CMV-GFP,5,5,1.9,135.2,19.37
AAV8-CMV-GFP,5,5,1.9,135.4,11.86
AAV8-CMV-GFP,5,5,1.9,135.6,5.05
AAV8-CMV-GFP,5,5,1.9,135.8,-0.71
AAV8-CMV-GFP,5,5,1.9,136.0,-5.2
AAV8-CMV-GFP,5,5,1.9,136.2,-8.28
AAV8-CMV-GFP,5,5,1.9,136.4,-9.95
AAV8-CMV-GFP,5,5,1.9,136.6,-10.32
AAV8-CMV-GFP,5,5,1.9,136.8,-9.58
AAV8-CMV-GFP,5,5,1.9,137.0,-8.02
AAV8-CMV-GFP,5,5,1.9,137.2,-5.94
AAV8-CMV-GFP,5,5,1.9,137.4,-3.65
AAV8-CMV-GFP,5,5,1.9,137.6,-1.44
AAV8-CMV-GFP,5,5,1.9,137.8,0.49
AAV8-CMV-GFP,5,5,1.9,138.0,1.99
AAV8-CMV-GFP,5,5,1.9,138.2,3.01
AAV8-CMV-GFP,5,5,1.9,138.4,3.58
AAV8-CMV-GFP,5,5,1.9,138.6,3.8
AAV8-CMV-GFP,5,5,1.9,138.8,3.83
AAV8-CMV-GFP,5,5,1.9,139.0,3.84
AAV8-CMV-GFP,5,5,1.9,139.2,3.98
AAV8-CMV-GFP,5,5,1.9,139.4,4.38
AAV8-CMV-GFP,5,5,1.9,139.6,5.12
AAV8-CMV-GFP,5,5,1.9,139.8,6.2
AAV8-CMV-GFP,5,5,1.9,140.0,7.56
AAV8-CMV-GFP,5,5,1.9,140.2,9.07
AAV8-CMV-GFP,5,5,1.9,140.4,10.59
AAV8-CMV-GFP,5,5,1.9,140.6,11.94
AAV8-CMV-GFP,5,5,1.9,140.8,12.99
AAV8-CMV-GFP,5,5,1.9,141.0,13.62
AAV8-CMV-GFP,5,5,1.9,141.2,13.79
AAV8-CMV-GFP,5,5,1.9,141.4,13.56
AAV8-CMV-GFP,5,5,1.9,141.6,13.03
AAV8-CMV-GFP,5,5,1.9,141.8,12.42
AAV8-CMV-GFP,5,5,1.9,142.0,11.97
AAV8-CMV-GFP,5,5,1.9,142.2,11.95
AAV8-CMV-GFP,5,5,1.9,142.4,12.6
AAV8-CMV-GFP,5,5,1.9,142.6,14.14
AAV8-CMV-GFP,5,5,1.9,142.8,16.69
AAV8-CMV-GFP,5,5,1.9,143.0,20.26
AAV8-CMV-GFP,5,5,1.9,143.2,24.73
AAV8-CMV-GFP,5,5,1.9,143.4,29.88
AAV8-CMV-GFP,5,5,1.9,143.6,35.35
AAV8-CMV-GFP,5,5,1.9,143.8,40.74
AAV8-CMV-GFP,5,5,1.9,144.0,45.58
AAV8-CMV-GFP,5,5,1.9,144.2,49.41
AAV8-CMV-GFP,5,5,1.9,144.4,51.82
AAV8-CMV-GFP,5,5,1.9,144.6,52.51
AAV8-CMV-GFP,5,5,1.9,144.8,51.3
AAV8-CMV-GFP,5,5,1.9,145.0,48.15
AAV8-CMV-GFP,5,5,1.9,145.2,43.21
AAV8-CMV-GFP,5,5,1.9,145.4,36.76
AAV8-CMV-GFP,5,5,1.9,145.6,29.22
AAV8-CMV-GFP,5,5,1.9,145.8,21.11
AAV8-CMV-GFP,5,5,1.9,146.0,12.97
AAV8-CMV-GFP,5,5,1.9,146.2,5.37
AAV8-CMV-GFP,5,5,1.9,146.4,-1.19
AAV8-CMV-GFP,5,5,1.9,146.6,-6.31
AAV8-CMV-GFP,5,5,1.9,146.8,-9.71
AAV8-CMV-GFP,5,5,1.9,147.0,-11.26
AAV8-CMV-GFP,5,5,1.9,147.2,-11.02
AAV8-CMV-GFP,5,5,1.9,147.4,-9.14
AAV8-CMV-GFP,5,5,1.9,147.6,-5.95
AAV8-CMV-GFP,5,5,1.9,147.8,-1.84
AAV8-CMV-GFP,5,5,1.9,148.0,2.75
AAV8-CMV-GFP,5,5,1.9,148.2,7.35
AAV8-CMV-GFP,5,5,1.9,148.4,11.57
AAV8-CMV-GFP,5,5,1.9,148.6,15.04
AAV8-CMV-GFP,5,5,1.9,148.8,17.54
AAV8-CMV-GFP,5,5,1.9,149.0,18.94
AAV8-CMV-GFP,5,5,1.9,149.2,19.24
AAV8-CMV-GFP,5,5,1.9,149.4,20.45
AAV8-CMV-GFP,5,5,1.9,149.6,20.16
AAV8-CMV-GFP,5,5,1.9,149.8,19.27
AAV8-CMV-GFP,5,5,1.9,150.0,18.01
AAV8-CMV-GFP,5,5,1.9,150.2,16.64
AAV8-CMV-GFP,5,5,1.9,150.4,15.39
AAV8-CMV-GFP,5,5,1.9,150.6,14.48
AAV8-CMV-GFP,5,5,1.9,150.8,14.09
AAV8-CMV-GFP,5,5,1.9,151.0,14.32
AAV8-CMV-GFP,5,5,1.9,151.2,15.24
AAV8-CMV-GFP,5,5,1.9,151.4,16.85
AAV8-CMV-GFP,5,5,1.9,151.6,19.07
AAV8-CMV-GFP,5,5,1.9,151.8,21.8
AAV8-CMV-GFP,5,5,1.9,152.0,24.88
AAV8-CMV-GFP,5,5,1.9,152.2,28.12
AAV8-CMV-GFP,5,5,1.9,152.4,31.33
AAV8-CMV-GFP,5,5,1.9,152.6,34.28
AAV8-CMV-GFP,5,5,1.9,152.8,36.8
AAV8-CMV-GFP,5,5,1.9,153.0,38.68
AAV8-CMV-GFP,5,5,1.9,153.2,39.79
AAV8-CMV-GFP,5,5,1.9,153.4,40.02
AAV8-CMV-GFP,5,5,1.9,153.6,39.29
AAV8-CMV-GFP,5,5,1.9,153.8,37.59
AAV8-CMV-GFP,5,5,1.9,154.0,34.98
AAV8-CMV-GFP,5,5,1.9,154.2,31.54
AAV8-CMV-GFP,5,5,1.9,154.4,27.41
AAV8-CMV-GFP,5,5,1.9,154.6,22.79
AAV8-CMV-GFP,5,5,1.9,154.8,17.87
AAV8-CMV-GFP,5,5,1.9,155.0,12.89
AAV8-CMV-GFP,5,5,1.9,155.2,8.07
AAV8-CMV-GFP,5,5,1.9,155.4,3.62
AAV8-CMV-GFP,5,5,1.9,155.6,-0.3
AAV8-CMV-GFP,5,5,1.9,155.8,-3.55
AAV8-CMV-GFP,5,5,1.9,156.0,-6.08
AAV8-CMV-GFP,5,5,1.9,156.2,-7.86
AAV8-CMV-GFP,5,5,1.9,156.4,-8.95
AAV8-CMV-GFP,5,5,1.9,156.6,-9.44
AAV8-CMV-GFP,5,5,1.9,156.8,-9.46
AAV8-CMV-GFP,5,5,1.9,157.0,-9.18
AAV8-CMV-GFP,5,5,1.9,157.2,-8.75
AAV8-CMV-GFP,5,5,1.9,157.4,-8.33
AAV8-CMV-GFP,5,5,1.9,157.6,-8.03
AAV8-CMV-GFP,5,5,1.9,157.8,-7.94
AAV8-CMV-GFP,5,5,1.9,158.0,-8.1
AAV8-CMV-GFP,5,5,1.9,158.2,-8.52
AAV8-CMV-GFP,5,5,1.9,158.4,-9.14
AAV8-CMV-GFP,5,5,1.9,158.6,-9.91
AAV8-CMV-GFP,5,5,1.9,158.8,-10.74
AAV8-CMV-GFP,5,5,1.9,159.0,-11.53
AAV8-CMV-GFP,5,5,1.9,159.2,-12.23
AAV8-CMV-GFP,5,5,1.9,159.4,-12.76
AAV8-CMV-GFP,5,5,1.9,159.6,-13.11
AAV8-CMV-GFP,5,5,1.9,159.8,-13.27
AAV8-CMV-GFP,5,5,1.9,160.0,-13.27
AAV8-CMV-GFP,5,5,1.9,160.2,-13.17
AAV8-CMV-GFP,5,5,1.9,160.4,-13.0
AAV8-CMV-GFP,5,5,1.9,160.6,-12.81
AAV8-CMV-GFP,5,5,1.9,160.8,-12.63
AAV8-CMV-GFP,5,5,1.9,161.0,-12.47
AAV8-CMV-GFP,5,5,1.9,161.2,-12.31
AAV8-CMV-GFP,5,5,1.9,161.4,-12.09
AAV8-CMV-GFP,5,5,1.9,161.6,-11.75
AAV8-CMV-GFP,5,5,1.9,161.8,-11.23
AAV8-CMV-GFP,5,5,1.9,162.0,-10.46
AAV8-CMV-GFP,5,5,1.9,162.2,-9.42
AAV8-CMV-GFP,5,5,1.9,162.4,-8.1
AAV8-CMV-GFP,5,5,1.9,162.6,-6.56
AAV8-CMV-GFP,5,5,1.9,162.8,-4.9
AAV8-CMV-GFP,5,5,1.9,163.0,-3.27
AAV8-CMV-GFP,5,5,1.9,163.2,-1.85
AAV8-CMV-GFP,5,5,1.9,163.4,-0.82
AAV8-CMV-GFP,5,5,1.9,163.6,-0.37
AAV8-CMV-GFP,5,5,1.9,163.8,-0.66
AAV8-CMV-GFP,5,5,1.9,164.0,-1.75
AAV8-CMV-GFP,5,5,1.9,164.2,-3.67
AAV8-CMV-GFP,5,5,1.9,164.4,-6.33
AAV8-CMV-GFP,5,5,1.9,164.6,-9.57
AAV8-CMV-GFP,5,5,1.9,164.8,-13.15
AAV8-CMV-GFP,5,5,1.9,165.0,-16.75
AAV8-CMV-GFP,5,5,1.9,165.2,-20.07
AAV8-CMV-GFP,5,5,1.9,165.4,-22.78
AAV8-CMV-GFP,5,5,1.9,165.6,-24.63
AAV8-CMV-GFP,5,5,1.9,165.8,-25.41
AAV8-CMV-GFP,5,5,1.9,166.0,-25.06
AAV8-CMV-GFP,5,5,1.9,166.2,-23.63
AAV8-CMV-GFP,5,5,1.9,166.4,-21.27
AAV8-CMV-GFP,5,5,1.9,166.6,-18.27
AAV8-CMV-GFP,5,5,1.9,166.8,-15.0
AAV8-CMV-GFP,5,5,1.9,167.0,-11.86
AAV8-CMV-GFP,5,5,1.9,167.2,-9.26
AAV8-CMV-GFP,5,5,1.9,167.4,-7.57
AAV8-CMV-GFP,5,5,1.9,167.6,-7.06
AAV8-CMV-GFP,5,5,1.9,167.8,-7.9
AAV8-CMV-GFP,5,5,1.9,168.0,-10.09
AAV8-CMV-GFP,5,5,1.9,168.2,-13.49
AAV8-CMV-GFP,5,5,1.9,168.4,-17.83
AAV8-CMV-GFP,5,5,1.9,168.6,-22.73
AAV8-CMV-GFP,5,5,1.9,168.8,-27.74
AAV8-CMV-GFP,5,5,1.9,169.0,-32.4
AAV8-CMV-GFP,5,5,1.9,169.2,-36.27
AAV8-CMV-GFP,5,5,1.9,169.4,-39.01
AAV8-CMV-GFP,5,5,1.9,169.6,-40.41
AAV8-CMV-GFP,5,5,1.9,169.8,-40.38
AAV8-CMV-GFP,5,5,1.9,170.0,-39.03
AAV8-CMV-GFP,5,5,1.9,170.2,-36.58
AAV8-CMV-GFP,5,5,1.9,170.4,-33.4
AAV8-CMV-GFP,5,5,1.9,170.6,-29.92
AAV8-CMV-GFP,5,5,1.9,170.8,-26.61
AAV8-CMV-GFP,5,5,1.9,171.0,-23.9
AAV8-CMV-GFP,5,5,1.9,171.2,-22.17
AAV8-CMV-GFP,5,5,1.9,171.4,-21.66
AAV8-CMV-GFP,5,5,1.9,171.6,-22.45
AAV8-CMV-GFP,5,5,1.9,171.8,-24.49
AAV8-CMV-GFP,5,5,1.9,172.0,-27.56
AAV8-CMV-GFP,5,5,1.9,172.2,-31.3
AAV8-CMV-GFP,5,5,1.9,172.4,-35.29
AAV8-CMV-GFP,5,5,1.9,172.6,-39.04
AAV8-CMV-GFP,5,5,1.9,172.8,-42.11
AAV8-CMV-GFP,5,5,1.9,173.0,-44.08
AAV8-CMV-GFP,5,5,1.9,173.2,-44.68
AAV8-CMV-GFP,5,5,1.9,173.4,-43.75
AAV8-CMV-GFP,5,5,1.9,173.6,-41.31
AAV8-CMV-GFP,5,5,1.9,173.8,-37.5
AAV8-CMV-GFP,5,5,1.9,174.0,-32.62
AAV8-CMV-GFP,5,5,1.9,174.2,-27.05
AAV8-CMV-GFP,5,5,1.9,174.4,-21.23
AAV8-CMV-GFP,5,5,1.9,174.6,-15.61
AAV8-CMV-GFP,5,5,1.9,174.8,-10.6
AAV8-CMV-GFP,5,5,1.9,175.0,-6.53
AAV8-CMV-GFP,5,5,1.9,175.2,-3.64
AAV8-CMV-GFP,5,5,1.9,175.4,-2.01
AAV8-CMV-GFP,5,5,1.9,175.6,-1.64
AAV8-CMV-GFP,5,5,1.9,175.8,-2.39
AAV8-CMV-GFP,5,5,1.9,176.0,-4.04
AAV8-CMV-GFP,5,5,1.9,176.2,-6.32
AAV8-CMV-GFP,5,5,1.9,176.4,-8.94
AAV8-CMV-GFP,5,5,1.9,176.6,-11.63
AAV8-CMV-GFP,5,5,1.9,176.8,-14.16
AAV8-CMV-GFP,5,5,1.9,177.0,-16.37
AAV8-CMV-GFP,5,5,1.9,177.2,-18.18
AAV8-CMV-GFP,5,5,1.9,177.4,-19.59
AAV8-CMV-GFP,5,5,1.9,177.6,-20.65
AAV8-CMV-GFP,5,5,1.9,177.8,-21.47
AAV8-CMV-GFP,5,5,1.9,178.0,-22.18
AAV8-CMV-GFP,5,5,1.9,178.2,-22.89
AAV8-CMV-GFP,5,5,1.9,178.4,-23.72
AAV8-CMV-GFP,5,5,1.9,178.6,-24.71
AAV8-CMV-GFP,5,5,1.9,178.8,-25.87
AAV8-CMV-GFP,5,5,1.9,179.0,-27.16
AAV8-CMV-GFP,5,5,1.9,179.2,-28.49
AAV8-CMV-GFP,5,5,1.9,179.4,-29.77
AAV8-CMV-GFP,5,5,1.9,179.6,-30.87
AAV8-CMV-GFP,5,5,1.9,179.8,-31.7
AAV8-CMV-GFP,5,5,1.9,180.0,-32.2
AAV8-CMV-GFP,5,5,1.9,180.2,-32.36
AAV8-CMV-GFP,5,5,1.9,180.4,-32.24
AAV8-CMV-GFP,5,5,1.9,180.6,-31.94
AAV8-CMV-GFP,5,5,1.9,180.8,-31.63
AAV8-CMV-GFP,5,5,1.9,181.0,-31.49
AAV8-CMV-GFP,5,5,1.9,181.2,-31.72
AAV8-CMV-GFP,5,5,1.9,181.4,-32.51
AAV8-CMV-GFP,5,5,1.9,181.6,-33.99
AAV8-CMV-GFP,5,5,1.9,181.8,-36.24
AAV8-CMV-GFP,5,5,1.9,182.0,-39.24
AAV8-CMV-GFP,5,5,1.9,182.2,-42.93
AAV8-CMV-GFP,5,5,1.9,182.4,-47.12
AAV8-CMV-GFP,5,5,1.9,182.6,-51.57
AAV8-CMV-GFP,5,5,1.9,182.8,-56.01
AAV8-CMV-GFP,5,5,1.9,183.0,-60.13
AAV8-CMV-GFP,5,5,1.9,183.2,-63.63
AAV8-CMV-GFP,5,5,1.9,183.4,-66.25
AAV8-CMV-GFP,5,5,1.9,183.6,-67.79
AAV8-CMV-GFP,5,5,1.9,183.8,-68.13
AAV8-CMV-GFP,5,5,1.9,184.0,-67.27
AAV8-CMV-GFP,5,5,1.9,184.2,-65.26
AAV8-CMV-GFP,5,5,1.9,184.4,-62.26
AAV8-CMV-GFP,5,5,1.9,184.6,-58.53
AAV8-CMV-GFP,5,5,1.9,184.8,-54.32
AAV8-CMV-GFP,5,5,1.9,185.0,-49.97
AAV8-CMV-GFP,5,5,1.9,185.2,-45.76
AAV8-CMV-GFP,5,5,1.9,185.4,-41.99
AAV8-CMV-GFP,5,5,1.9,185.6,-38.87
AAV8-CMV-GFP,5,5,1.9,185.8,-36.58
AAV8-CMV-GFP,5,5,1.9,186.0,-35.19
AAV8-CMV-GFP,5,5,1.9,186.2,-34.72
AAV8-CMV-GFP,5,5,1.9,186.4,-35.13
AAV8-CMV-GFP,5,5,1.9,186.6,-36.28
AAV8-CMV-GFP,5,5,1.9,186.8,-38.04
AAV8-CMV-GFP,5,5,1.9,187.0,-40.21
AAV8-CMV-GFP,5,5,1.9,187.2,-42.63
AAV8-CMV-GFP,5,5,1.9,187.4,-45.11
AAV8-CMV-GFP,5,5,1.9,187.6,-47.52
AAV8-CMV-GFP,5,5,1.9,187.8,-49.75
AAV8-CMV-GFP,5,5,1.9,188.0,-51.74
AAV8-CMV-GFP,5,5,1.9,188.2,-53.47
AAV8-CMV-GFP,5,5,1.9,188.4,-54.96
AAV8-CMV-GFP,5,5,1.9,188.6,-56.27
AAV8-CMV-GFP,5,5,1.9,188.8,-57.47
AAV8-CMV-GFP,5,5,1.9,189.0,-58.65
AAV8-CMV-GFP,5,5,1.9,189.2,-59.9
AAV8-CMV-GFP,5,5,1.9,189.4,-62.94
AAV8-CMV-GFP,5,5,1.9,189.6,-65.63
AAV8-CMV-GFP,5,5,1.9,189.8,-68.27
AAV8-CMV-GFP,5,5,1.9,190.0,-70.79
AAV8-CMV-GFP,5,5,1.9,190.2,-73.14
AAV8-CMV-GFP,5,5,1.9,190.4,-75.26
AAV8-CMV-GFP,5,5,1.9,190.6,-77.12
AAV8-CMV-GFP,5,5,1.9,190.8,-78.69
AAV8-CMV-GFP,5,5,1.9,191.0,-79.94
AAV8-CMV-GFP,5,5,1.9,191.2,-80.86
AAV8-CMV-GFP,5,5,1.9,191.4,-81.48
AAV8-CMV-GFP,5,5,1.9,191.6,-81.78
AAV8-CMV-GFP,5,5,1.9,191.8,-81.81
AAV8-CMV-GFP,5,5,1.9,192.0,-81.57
AAV8-CMV-GFP,5,5,1.9,192.2,-81.09
AAV8-CMV-GFP,5,5,1.9,192.4,-80.4
AAV8-CMV-GFP,5,5,1.9,192.6,-79.51
AAV8-CMV-GFP,5,5,1.9,192.8,-78.43
AAV8-CMV-GFP,5,5,1.9,193.0,-77.16
AAV8-CMV-GFP,5,5,1.9,193.2,-75.7
AAV8-CMV-GFP,5,5,1.9,193.4,-74.02
AAV8-CMV-GFP,5,5,1.9,193.6,-72.09
AAV8-CMV-GFP,5,5,1.9,193.8,-69.89
AAV8-CMV-GFP,5,5,1.9,194.0,-67.37
AAV8-CMV-GFP,5,5,1.9,194.2,-64.5
AAV8-CMV-GFP,5,5,1.9,194.4,-61.24
AAV8-CMV-GFP,5,5,1.9,194.6,-57.59
AAV8-CMV-GFP,5,5,1.9,194.8,-53.55
AAV8-CMV-GFP,5,5,1.9,195.0,-49.16
AAV8-CMV-GFP,5,5,1.9,195.2,-44.49
AAV8-CMV-GFP,5,5,1.9,195.4,-39.66
AAV8-CMV-GFP,5,5,1.9,195.6,-34.82
AAV8-CMV-GFP,5,5,1.9,195.8,-30.14
AAV8-CMV-GFP,5,5,1.9,196.0,-25.83
AAV8-CMV-GFP,5,5,1.9,196.2,-22.11
AAV8-CMV-GFP,5,5,1.9,196.4,-19.18
AAV8-CMV-GFP,5,5,1.9,196.6,-17.24
AAV8-CMV-GFP,5,5,1.9,196.8,-16.42
AAV8-CMV-GFP,5,5,1.9,197.0,-16.8
AAV8-CMV-GFP,5,5,1.9,197.2,-18.39
AAV8-CMV-GFP,5,5,1.9,197.4,-21.12
AAV8-CMV-GFP,5,5,1.9,197.6,-24.85
AAV8-CMV-GFP,5,5,1.9,197.8,-29.33
AAV8-CMV-GFP,5,5,1.9,198.0,-34.29
AAV8-CMV-GFP,5,5,1.9,198.2,-39.4
AAV8-CMV-GFP,5,5,1.9,198.4,-44.32
AAV8-CMV-GFP,5,5,1.9,198.6,-48.74
AAV8-CMV-GFP,5,5,1.9,198.8,-52.38
AAV8-CMV-GFP,5,5,1.9,199.0,-55.03
AAV8-CMV-GFP,5,5,1.9,199.2,-56.57
AAV8-CMV-GFP,5,5,1.9,199.4,-57.0
AAV8-CMV-GFP,5,5,1.9,199.6,-56.39
AAV8-CMV-GFP,5,5,1.9,199.8,-54.92
AAV8-CMV-GFP,5,5,1.9,200.0,-52.85
AAV8-CMV-GFP,5,5,1.9,200.2,-50.47
AAV8-CMV-GFP,5,5,1.9,200.4,-48.11
AAV8-CMV-GFP,5,5,1.9,200.6,-46.07
AAV8-CMV-GFP,5,5,1.9,200.8,-44.62
AAV8-CMV-GFP,5,5,1.9,201.0,-43.94
AAV8-CMV-GFP,5,5,1.9,201.2,-44.15
AAV8-CMV-GFP,5,5,1.9,201.4,-45.26
AAV8-CMV-GFP,5,5,1.9,201.6,-47.18
AAV8-CMV-GFP,5,5,1.9,201.8,-49.75
AAV8-CMV-GFP,5,5,1.9,202.0,-52.74
AAV8-CMV-GFP,5,5,1.9,202.2,-55.89
AAV8-CMV-GFP,5,5,1.9,202.4,-58.93
AAV8-CMV-GFP,5,5,1.9,202.6,-61.63
AAV8-CMV-GFP,5,5,1.9,202.8,-63.78
AAV8-CMV-GFP,5,5,1.9,203.0,-65.28
AAV8-CMV-GFP,5,5,1.9,203.2,-66.06
AAV8-CMV-GFP,5,5,1.9,203.4,-66.17
AAV8-CMV-GFP,5,5,1.9,203.6,-65.71
AAV8-CMV-GFP,5,5,1.9,203.8,-64.83
AAV8-CMV-GFP,5,5,1.9,204.0,-63.72
AAV8-CMV-GFP,5,5,1.9,204.2,-62.58
AAV8-CMV-GFP,5,5,1.9,204.4,-61.58
AAV8-CMV-GFP,5,5,1.9,204.6,-60.86
AAV8-CMV-GFP,5,5,1.9,204.8,-60.49
AAV8-CMV-GFP,5,5,1.9,205.0,-60.49
AAV8-CMV-GFP,5,5,1.9,205.2,-60.79
AAV8-CMV-GFP,5,5,1.9,205.4,-61.28
AAV8-CMV-GFP,5,5,1.9,205.6,-61.8
AAV8-CMV-GFP,5,5,1.9,205.8,-62.18
AAV8-CMV-GFP,5,5,1.9,206.0,-62.22
AAV8-CMV-GFP,5,5,1.9,206.2,-61.77
AAV8-CMV-GFP,5,5,1.9,206.4,-60.71
AAV8-CMV-GFP,5,5,1.9,206.6,-58.98
AAV8-CMV-GFP,5,5,1.9,206.8,-56.59
AAV8-CMV-GFP,5,5,1.9,207.0,-53.62
AAV8-CMV-GFP,5,5,1.9,207.2,-50.2
AAV8-CMV-GFP,5,5,1.9,207.4,-46.54
AAV8-CMV-GFP,5,5,1.9,207.6,-42.85
AAV8-CMV-GFP,5,5,1.9,207.8,-39.37
AAV8-CMV-GFP,5,5,1.9,208.0,-36.36
AAV8-CMV-GFP,5,5,1.9,208.2,-34.02
AAV8-CMV-GFP,5,5,1.9,208.4,-32.55
AAV8-CMV-GFP,5,5,1.9,208.6,-32.07
AAV8-CMV-GFP,5,5,1.9,208.8,-32.68
AAV8-CMV-GFP,5,5,1.9,209.0,-34.39
AAV8-CMV-GFP,5,5,1.9,209.2,-37.17
AAV8-CMV-GFP,5,5,1.9,209.4,-40.95
AAV8-CMV-GFP,5,5,1.9,209.6,-45.6
AAV8-CMV-GFP,5,5,1.9,209.8,-50.97
AAV8-CMV-GFP,5,5,1.9,210.0,-56.88
AAV8-CMV-GFP,5,5,1.9,210.2,-63.12
AAV8-CMV-GFP,5,5,1.9,210.4,-69.49
AAV8-CMV-GFP,5,5,1.9,210.6,-75.8
AAV8-CMV-GFP,5,5,1.9,210.8,-81.82
AAV8-CMV-GFP,5,5,1.9,211.0,-87.39
AAV8-CMV-GFP,5,5,1.9,211.2,-92.32
AAV8-CMV-GFP,5,5,1.9,211.4,-96.46
AAV8-CMV-GFP,5,5,1.9,211.6,-99.7
AAV8-CMV-GFP,5,5,1.9,211.8,-101.95
AAV8-CMV-GFP,5,5,1.9,212.0,-103.16
AAV8-CMV-GFP,5,5,1.9,212.2,-103.32
AAV8-CMV-GFP,5,5,1.9,212.4,-102.47
AAV8-CMV-GFP,5,5,1.9,212.6,-100.7
AAV8-CMV-GFP,5,5,1.9,212.8,-98.11
AAV8-CMV-GFP,5,5,1.9,213.0,-94.86
AAV8-CMV-GFP,5,5,1.9,213.2,-91.09
AAV8-CMV-GFP,5,5,1.9,213.4,-86.99
AAV8-CMV-GFP,5,5,1.9,213.6,-82.7
AAV8-CMV-GFP,5,5,1.9,213.8,-78.38
AAV8-CMV-GFP,5,5,1.9,214.0,-74.12
AAV8-CMV-GFP,5,5,1.9,214.2,-70.02
AAV8-CMV-GFP,5,5,1.9,214.4,-66.1
AAV8-CMV-GFP,5,5,1.9,214.6,-62.37
AAV8-CMV-GFP,5,5,1.9,214.8,-58.8
AAV8-CMV-GFP,5,5,1.9,215.0,-55.35
AAV8-CMV-GFP,5,5,1.9,215.2,-51.97
AAV8-CMV-GFP,5,5,1.9,215.4,-48.62
AAV8-CMV-GFP,5,5,1.9,215.6,-45.27
AAV8-CMV-GFP,5,5,1.9,215.8,-41.94
AAV8-CMV-GFP,5,5,1.9,216.0,-38.66
AAV8-CMV-GFP,5,5,1.9,216.2,-35.52
AAV8-CMV-GFP,5,5,1.9,216.4,-32.62
AAV8-CMV-GFP,5,5,1.9,216.6,-30.07
AAV8-CMV-GFP,5,5,1.9,216.8,-28.01
AAV8-CMV-GFP,5,5,1.9,217.0,-26.53
AAV8-CMV-GFP,5,5,1.9,217.2,-25.73
AAV8-CMV-GFP,5,5,1.9,217.4,-25.62
AAV8-CMV-GFP,5,5,1.9,217.6,-26.21
AAV8-CMV-GFP,5,5,1.9,217.8,-27.4
AAV8-CMV-GFP,5,5,1.9,218.0,-29.09
AAV8-CMV-GFP,5,5,1.9,218.2,-31.11
AAV8-CMV-GFP,5,5,1.9,218.4,-33.28
AAV8-CMV-GFP,5,5,1.9,218.6,-35.42
AAV8-CMV-GFP,5,5,1.9,218.8,-37.35
AAV8-CMV-GFP,5,5,1.9,219.0,-38.94
AAV8-CMV-GFP,5,5,1.9,219.2,-40.13
AAV8-CMV-GFP,5,5,1.9,219.4,-40.88
AAV8-CMV-GFP,5,5,1.9,219.6,-41.26
AAV8-CMV-GFP,5,5,1.9,219.8,-41.36
AAV8-CMV-GFP,5,5,1.9,220.0,-41.33
AAV8-CMV-GFP,5,5,1.9,220.2,-41.35
AAV8-CMV-GFP,5,5,1.9,220.4,-41.58
AAV8-CMV-GFP,5,5,1.9,220.6,-42.16
AAV8-CMV-GFP,5,5,1.9,220.8,-43.22
AAV8-CMV-GFP,5,5,1.9,221.0,-44.79
AAV8-CMV-GFP,5,5,1.9,221.2,-46.87
AAV8-CMV-GFP,5,5,1.9,221.4,-49.37
AAV8-CMV-GFP,5,5,1.9,221.6,-52.16
AAV8-CMV-GFP,5,5,1.9,221.8,-55.07
AAV8-CMV-GFP,5,5,1.9,222.0,-57.92
AAV8-CMV-GFP,5,5,1.9,222.2,-60.52
AAV8-CMV-GFP,5,5,1.9,222.4,-62.74
AAV8-CMV-GFP,5,5,1.9,222.6,-64.46
AAV8-CMV-GFP,5,5,1.9,222.8,-65.64
AAV8-CMV-GFP,5,5,1.9,223.0,-66.33
AAV8-CMV-GFP,5,5,1.9,223.2,-66.59
AAV8-CMV-GFP,5,5,1.9,223.4,-66.57
AAV8-CMV-GFP,5,5,1.9,223.6,-66.41
AAV8-CMV-GFP,5,5,1.9,223.8,-66.28
AAV8-CMV-GFP,5,5,1.9,224.0,-66.29
AAV8-CMV-GFP,5,5,1.9,224.2,-66.55
AAV8-CMV-GFP,5,5,1.9,224.4,-67.06
AAV8-CMV-GFP,5,5,1.9,224.6,-67.79
AAV8-CMV-GFP,5,5,1.9,224.8,-68.62
AAV8-CMV-GFP,5,5,1.9,225.0,-69.38
AAV8-CMV-GFP,5,5,1.9,225.2,-69.85
AAV8-CMV-GFP,5,5,1.9,225.4,-69.83
AAV8-CMV-GFP,5,5,1.9,225.6,-69.1
AAV8-CMV-GFP,5,5,1.9,225.8,-67.53
AAV8-CMV-GFP,5,5,1.9,226.0,-65.02
AAV8-CMV-GFP,5,5,1.9,226.2,-61.57
AAV8-CMV-GFP,5,5,1.9,226.4,-57.27
AAV8-CMV-GFP,5,5,1.9,226.6,-52.3
AAV8-CMV-GFP,5,5,1.9,226.8,-46.87
AAV8-CMV-GFP,5,5,1.9,227.0,-41.28
AAV8-CMV-GFP,5,5,1.9,227.2,-35.8
AAV8-CMV-GFP,5,5,1.9,227.4,-30.7
AAV8-CMV-GFP,5,5,1.9,227.6,-26.18
AAV8-CMV-GFP,5,5,1.9,227.8,-22.38
AAV8-CMV-GFP,5,5,1.9,228.0,-19.35
AAV8-CMV-GFP,5,5,1.9,228.2,-17.03
AAV8-CMV-GFP,5,5,1.9,228.4,-15.31
AAV8-CMV-GFP,5,5,1.9,228.6,-13.98
AAV8-CMV-GFP,5,5,1.9,228.8,-12.83
AAV8-CMV-GFP,5,5,1.9,229.0,-11.63
AAV8-CMV-GFP,5,5,1.9,229.2,-10.2
AAV8-CMV-GFP,5,5,1.9,229.4,-7.93
AAV8-CMV-GFP,5,5,1.9,229.6,-6.39
AAV8-CMV-GFP,5,5,1.9,229.8,-4.76
AAV8-CMV-GFP,5,5,1.9,230.0,-3.11
AAV8-CMV-GFP,5,5,1.9,230.2,-1.57
AAV8-CMV-GFP,5,5,1.9,230.4,-0.34
AAV8-CMV-GFP,5,5,1.9,230.6,0.37
AAV8-CMV-GFP,5,5,1.9,230.8,0.36
AAV8-CMV-GFP,5,5,1.9,231.0,-0.56
AAV8-CMV-GFP,5,5,1.9,231.2,-2.52
AAV8-CMV-GFP,5,5,1.9,231.4,-5.59
AAV8-CMV-GFP,5,5,1.9,231.6,-9.73
AAV8-CMV-GFP,5,5,1.9,231.8,-14.83
AAV8-CMV-GFP,5,5,1.9,232.0,-20.68
AAV8-CMV-GFP,5,5,1.9,232.2,-27.02
AAV8-CMV-GFP,5,5,1.9,232.4,-33.51
AAV8-CMV-GFP,5,5,1.9,232.6,-39.82
AAV8-CMV-GFP,5,5,1.9,232.8,-45.61
AAV8-CMV-GFP,5,5,1.9,233.0,-50.6
AAV8-CMV-GFP,5,5,1.9,233.2,-54.57
AAV8-CMV-GFP,5,5,1.9,233.4,-57.39
AAV8-CMV-GFP,5,5,1.9,233.6,-59.0
AAV8-CMV-GFP,5,5,1.9,233.8,-59.45
AAV8-CMV-GFP,5,5,1.9,234.0,-58.89
AAV8-CMV-GFP,5,5,1.9,234.2,-57.48
AAV8-CMV-GFP,5,5,1.9,234.4,-55.48
AAV8-CMV-GFP,5,5,1.9,234.6,-53.1
AAV8-CMV-GFP,5,5,1.9,234.8,-50.57
AAV8-CMV-GFP,5,5,1.9,235.0,-48.08
AAV8-CMV-GFP,5,5,1.9,235.2,-45.75
AAV8-CMV-GFP,5,5,1.9,235.4,-43.66
AAV8-CMV-GFP,5,5,1.9,235.6,-41.81
AAV8-CMV-GFP,5,5,1.9,235.8,-40.14
AAV8-CMV-GFP,5,5,1.9,236.0,-38.59
AAV8-CMV-GFP,5,5,1.9,236.2,-37.03
AAV8-CMV-GFP,5,5,1.9,236.4,-35.37
AAV8-CMV-GFP,5,5,1.9,236.6,-33.52
AAV8-CMV-GFP,5,5,1.9,236.8,-31.45
AAV8-CMV-GFP,5,5,1.9,237.0,-29.15
AAV8-CMV-GFP,5,5,1.9,237.2,-26.69
AAV8-CMV-GFP,5,5,1.9,237.4,-24.17
AAV8-CMV-GFP,5,5,1.9,237.6,-21.73
AAV8-CMV-GFP,5,5,1.9,237.8,-19.53
AAV8-CMV-GFP,5,5,1.9,238.0,-17.76
AAV8-CMV-GFP,5,5,1.9,238.2,-16.57
AAV8-CMV-GFP,5,5,1.9,238.4,-16.08
AAV8-CMV-GFP,5,5,1.9,238.6,-16.38
AAV8-CMV-GFP,5,5,1.9,238.8,-17.48
AAV8-CMV-GFP,5,5,1.9,239.0,-19.36
AAV8-CMV-GFP,5,5,1.9,239.2,-21.92
AAV8-CMV-GFP,5,5,1.9,239.4,-25.04
AAV8-CMV-GFP,5,5,1.9,239.6,-28.55
AAV8-CMV-GFP,5,5,1.9,239.8,-32.27
AAV8-CMV-GFP,5,5,1.9,240.0,-36.02
AAV8-CMV-GFP,5,5,1.9,240.2,-39.66
AAV8-CMV-GFP,5,5,1.9,240.4,-43.06
AAV8-CMV-GFP,5,5,1.9,240.6,-46.14
AAV8-CMV-GFP,5,5,1.9,240.8,-48.87
AAV8-CMV-GFP,5,5,1.9,241.0,-51.25
AAV8-CMV-GFP,5,5,1.9,241.2,-53.34
AAV8-CMV-GFP,5,5,1.9,241.4,-55.21
AAV8-CMV-GFP,5,5,1.9,241.6,-56.96
AAV8-CMV-GFP,5,5,1.9,241.8,-58.66
AAV8-CMV-GFP,5,5,1.9,242.0,-60.41
AAV8-CMV-GFP,5,5,1.9,242.2,-62.26
AAV8-CMV-GFP,5,5,1.9,242.4,-64.22
AAV8-CMV-GFP,5,5,1.9,242.6,-66.26
AAV8-CMV-GFP,5,5,1.9,242.8,-68.32
AAV8-CMV-GFP,5,5,1.9,243.0,-70.3
AAV8-CMV-GFP,5,5,1.9,243.2,-72.06
AAV8-CMV-GFP,5,5,1.9,243.4,-73.45
AAV8-CMV-GFP,5,5,1.9,243.6,-74.31
AAV8-CMV-GFP,5,5,1.9,243.8,-74.49
AAV8-CMV-GFP,5,5,1.9,244.0,-73.87
AAV8-CMV-GFP,5,5,1.9,244.2,-72.37
AAV8-CMV-GFP,5,5,1.9,244.4,-69.94
AAV8-CMV-GFP,5,5,1.9,244.6,-66.61
AAV8-CMV-GFP,5,5,1.9,244.8,-62.46
AAV8-CMV-GFP,5,5,1.9,245.0,-57.63
AAV8-CMV-GFP,5,5,1.9,245.2,-52.3
AAV8-CMV-GFP,5,5,1.9,245.4,-46.68
AAV8-CMV-GFP,5,5,1.9,245.6,-41.03
AAV8-CMV-GFP,5,5,1.9,245.8,-35.59
AAV8-CMV-GFP,5,5,1.9,246.0,-30.58
AAV8-CMV-GFP,5,5,1.9,246.2,-26.18
AAV8-CMV-GFP,5,5,1.9,246.4,-22.53
AAV8-CMV-GFP,5,5,1.9,246.6,-19.7
AAV8-CMV-GFP,5,5,1.9,246.8,-17.67
AAV8-CMV-GFP,5,5,1.9,247.0,-16.36
AAV8-CMV-GFP,5,5,1.9,247.2,-15.61
AAV8-CMV-GFP,5,5,1.9,247.4,-15.22
AAV8-CMV-GFP,5,5,1.9,247.6,-14.95
AAV8-CMV-GFP,5,5,1.9,247.8,-14.55
AAV8-CMV-GFP,5,5,1.9,248.0,-13.8
AAV8-CMV-GFP,5,5,1.9,248.2,-12.53
AAV8-CMV-GFP,5,5,1.9,248.4,-10.63
AAV8-CMV-GFP,5,5,1.9,248.6,-8.08
AAV8-CMV-GFP,5,5,1.9,248.8,-4.96
AAV8-CMV-GFP,5,5,1.9,249.0,-1.46
AAV8-CMV-GFP,5,5,1.9,249.2,2.18
AAV8-CMV-GFP,5,5,1.9,249.4,5.63
AAV8-CMV-GFP,5,5,1.9,249.6,8.54
AAV8-CMV-GFP,5,5,1.9,249.8,10.56
AAV8-CMV-GFP,5,5,1.9,250.0,11.38
AAV8-CMV-GFP,5,5,1.9,250.2,10.78
AAV8-CMV-GFP,5,5,1.9,250.4,8.63
AAV8-CMV-GFP,5,5,1.9,250.6,4.93
AAV8-CMV-GFP,5,5,1.9,250.8,-0.19
AAV8-CMV-GFP,5,5,1.9,251.0,-6.47
AAV8-CMV-GFP,5,5,1.9,251.2,-13.55
AAV8-CMV-GFP,5,5,1.9,251.4,-20.99
AAV8-CMV-GFP,5,5,1.9,251.6,-28.33
AAV8-CMV-GFP,5,5,1.9,251.8,-35.13
AAV8-CMV-GFP,5,5,1.9,252.0,-40.98
AAV8-CMV-GFP,5,5,1.9,252.2,-45.6
AAV8-CMV-GFP,5,5,1.9,252.4,-48.81
AAV8-CMV-GFP,5,5,1.9,252.6,-50.6
AAV8-CMV-GFP,5,5,1.9,252.8,-51.07
AAV8-CMV-GFP,5,5,1.9,253.0,-50.49
AAV8-CMV-GFP,5,5,1.9,253.2,-49.18
AAV8-CMV-GFP,5,5,1.9,253.4,-47.55
AAV8-CMV-GFP,5,5,1.9,253.6,-46.01
AAV8-CMV-GFP,5,5,1.9,253.8,-44.93
AAV8-CMV-GFP,5,5,1.9,254.0,-44.58
AAV8-CMV-GFP,5,5,1.9,254.2,-45.13
AAV8-CMV-GFP,5,5,1.9,254.4,-46.62
AAV8-CMV-GFP,5,5,1.9,254.6,-48.91
AAV8-CMV-GFP,5,5,1.9,254.8,-51.77
AAV8-CMV-GFP,5,5,1.9,255.0,-54.84
AAV8-CMV-GFP,5,5,1.9,255.2,-57.71
AAV8-CMV-GFP,5,5,1.9,255.4,-59.96
AAV8-CMV-GFP,5,5,1.9,255.6,-61.2
AAV8-CMV-GFP,5,5,1.9,255.8,-61.14
AAV8-CMV-GFP,5,5,1.9,256.0,-59.58
AAV8-CMV-GFP,5,5,1.9,256.2,-56.51
AAV8-CMV-GFP,5,5,1.9,256.4,-52.03
AAV8-CMV-GFP,5,5,1.9,256.6,-46.4
AAV8-CMV-GFP,5,5,1.9,256.8,-39.98
AAV8-CMV-GFP,5,5,1.9,257.0,-33.22
AAV8-CMV-GFP,5,5,1.9,257.2,-26.58
AAV8-CMV-GFP,5,5,1.9,257.4,-20.49
AAV8-CMV-GFP,5,5,1.9,257.6,-15.32
AAV8-CMV-GFP,5,5,1.9,257.8,-11.32
AAV8-CMV-GFP,5,5,1.9,258.0,-8.6
AAV8-CMV-GFP,5,5,1.9,258.2,-7.13
AAV8-CMV-GFP,5,5,1.9,258.4,-6.75
AAV8-CMV-GFP,5,5,1.9,258.6,-7.17
AAV8-CMV-GFP,5,5,1.9,258.8,-8.06
AAV8-CMV-GFP,5,5,1.9,259.0,-9.02
AAV8-CMV-GFP,5,5,1.9,259.2,-9.7
AAV8-CMV-GFP,5,5,1.9,259.4,-9.78
AAV8-CMV-GFP,5,5,1.9,259.6,-9.06
AAV8-CMV-GFP,5,5,1.9,259.8,-7.44
AAV8-CMV-GFP,5,5,1.9,260.0,-4.96
AAV8-RK-PDE6B-3UTR,6,5,1.9,0.0,56.34
AAV8-RK-PDE6B-3UTR,6,5,1.9,0.2,39.45
AAV8-RK-PDE6B-3UTR,6,5,1.9,0.4,23.19
AAV8-RK-PDE6B-3UTR,6,5,1.9,0.6,8.43
AAV8-RK-PDE6B-3UTR,6,5,1.9,0.8,-4.08
AAV8-RK-PDE6B-3UTR,6,5,1.9,1.0,-13.77
AAV8-RK-PDE6B-3UTR,6,5,1.9,1.2,-20.34
AAV8-RK-PDE6B-3UTR,6,5,1.9,1.4,-23.74
AAV8-RK-PDE6B-3UTR,6,5,1.9,1.6,-24.19
AAV8-RK-PDE6B-3UTR,6,5,1.9,1.8,-22.13
AAV8-RK-PDE6B-3UTR,6,5,1.9,2.0,-18.17
AAV8-RK-PDE6B-3UTR,6,5,1.9,2.2,-13.04
AAV8-RK-PDE6B-3UTR,6,5,1.9,2.4,-7.46
AAV8-RK-PDE6B-3UTR,6,5,1.9,2.6,-2.13
AAV8-RK-PDE6B-3UTR,6,5,1.9,2.8,2.38
AAV8-RK-PDE6B-3UTR,6,5,1.9,3.0,5.66
AAV8-RK-PDE6B-3UTR,6,5,1.9,3.2,7.5
AAV8-RK-PDE6B-3UTR,6,5,1.9,3.4,7.87
AAV8-RK-PDE6B-3UTR,6,5,1.9,3.6,6.92
AAV8-RK-PDE6B-3UTR,6,5,1.9,3.8,4.94
AAV8-RK-PDE6B-3UTR,6,5,1.9,4.0,2.3
AAV8-RK-PDE6B-3UTR,6,5,1.9,4.2,-0.57
AAV8-RK-PDE6B-3UTR,6,5,1.9,4.4,-3.25
AAV8-RK-PDE6B-3UTR,6,5,1.9,4.6,-5.39
AAV8-RK-PDE6B-3UTR,6,5,1.9,4.8,-6.73
AAV8-RK-PDE6B-3UTR,6,5,1.9,5.0,-7.09
AAV8-RK-PDE6B-3UTR,6,5,1.9,5.2,-6.42
AAV8-RK-PDE6B-3UTR,6,5,1.9,5.4,-4.77
AAV8-RK-PDE6B-3UTR,6,5,1.9,5.6,-2.23
AAV8-RK-PDE6B-3UTR,6,5,1.9,5.8,1.02
AAV8-RK-PDE6B-3UTR,6,5,1.9,6.0,4.82
AAV8-RK-PDE6B-3UTR,6,5,1.9,6.2,8.98
AAV8-RK-PDE6B-3UTR,6,5,1.9,6.4,13.38
AAV8-RK-PDE6B-3UTR,6,5,1.9,6.6,17.89
AAV8-RK-PDE6B-3UTR,6,5,1.9,6.8,22.45
AAV8-RK-PDE6B-3UTR,6,5,1.9,7.0,27.03
AAV8-RK-PDE6B-3UTR,6,5,1.9,7.2,31.6
AAV8-RK-PDE6B-3UTR,6,5,1.9,7.4,36.15
AAV8-RK-PDE6B-3UTR,6,5,1.9,7.6,40.66
AAV8-RK-PDE6B-3UTR,6,5,1.9,7.8,45.06
AAV8-RK-PDE6B-3UTR,6,5,1.9,8.0,49.29
AAV8-RK-PDE6B-3UTR,6,5,1.9,8.2,53.24
AAV8-RK-PDE6B-3UTR,6,5,1.9,8.4,56.79
AAV8-RK-PDE6B-3UTR,6,5,1.9,8.6,59.84
AAV8-RK-PDE6B-3UTR,6,5,1.9,8.8,62.27
AAV8-RK-PDE6B-3UTR,6,5,1.9,9.0,64.04
AAV8-RK-PDE6B-3UTR,6,5,1.9,9.2,65.13
AAV8-RK-PDE6B-3UTR,6,5,1.9,9.4,65.61
AAV8-RK-PDE6B-3UTR,6,5,1.9,9.6,65.57
AAV8-RK-PDE6B-3UTR,6,5,1.9,9.8,65.19
AAV8-RK-PDE6B-3UTR,6,5,1.9,10.0,64.67
AAV8-RK-PDE6B-3UTR,6,5,1.9,10.2,64.19
AAV8-RK-PDE6B-3UTR,6,5,1.9,10.4,63.94
AAV8-RK-PDE6B-3UTR,6,5,1.9,10.6,64.06
AAV8-RK-PDE6B-3UTR,6,5,1.9,10.8,64.6
AAV8-RK-PDE6B-3UTR,6,5,1.9,11.0,65.57
AAV8-RK-PDE6B-3UTR,6,5,1.9,11.2,66.87
AAV8-RK-PDE6B-3UTR,6,5,1.9,11.4,68.34
AAV8-RK-PDE6B-3UTR,6,5,1.9,11.6,69.77
AAV8-RK-PDE6B-3UTR,6,5,1.9,11.8,70.95
AAV8-RK-PDE6B-3UTR,6,5,1.9,12.0,71.67
AAV8-RK-PDE6B-3UTR,6,5,1.9,12.2,71.79
AAV8-RK-PDE6B-3UTR,6,5,1.9,12.4,71.27
AAV8-RK-PDE6B-3UTR,6,5,1.9,12.6,70.13
AAV8-RK-PDE6B-3UTR,6,5,1.9,12.8,68.54
AAV8-RK-PDE6B-3UTR,6,5,1.9,13.0,66.75
AAV8-RK-PDE6B-3UTR,6,5,1.9,13.2,65.06
AAV8-RK-PDE6B-3UTR,6,5,1.9,13.4,63.84
AAV8-RK-PDE6B-3UTR,6,5,1.9,13.6,63.4
AAV8-RK-PDE6B-3UTR,6,5,1.9,13.8,64.0
AAV8-RK-PDE6B-3UTR,6,5,1.9,14.0,65.8
AAV8-RK-PDE6B-3UTR,6,5,1.9,14.2,68.77
AAV8-RK-PDE6B-3UTR,6,5,1.9,14.4,72.73
AAV8-RK-PDE6B-3UTR,6,5,1.9,14.6,77.35
AAV8-RK-PDE6B-3UTR,6,5,1.9,14.8,82.13
AAV8-RK-PDE6B-3UTR,6,5,1.9,15.0,86.48
AAV8-RK-PDE6B-3UTR,6,5,1.9,15.2,89.76
AAV8-RK-PDE6B-3UTR,6,5,1.9,15.4,91.39
AAV8-RK-PDE6B-3UTR,6,5,1.9,15.6,90.85
AAV8-RK-PDE6B-3UTR,6,5,1.9,15.8,87.83
AAV8-RK-PDE6B-3UTR,6,5,1.9,16.0,82.23
AAV8-RK-PDE6B-3UTR,6,5,1.9,16.2,74.17
AAV8-RK-PDE6B-3UTR,6,5,1.9,16.4,64.07
AAV8-RK-PDE6B-3UTR,6,5,1.9,16.6,52.55
AAV8-RK-PDE6B-3UTR,6,5,1.9,16.8,40.43
AAV8-RK-PDE6B-3UTR,6,5,1.9,17.0,28.61
AAV8-RK-PDE6B-3UTR,6,5,1.9,17.2,18.02
AAV8-RK-PDE6B-3UTR,6,5,1.9,17.4,9.53
AAV8-RK-PDE6B-3UTR,6,5,1.9,17.6,3.83
AAV8-RK-PDE6B-3UTR,6,5,1.9,17.8,1.39
AAV8-RK-PDE6B-3UTR,6,5,1.9,18.0,2.37
AAV8-RK-PDE6B-3UTR,6,5,1.9,18.2,6.65
AAV8-RK-PDE6B-3UTR,6,5,1.9,18.4,13.82
AAV8-RK-PDE6B-3UTR,6,5,1.9,18.6,23.18
AAV8-RK-PDE6B-3UTR,6,5,1.9,18.8,33.88
AAV8-RK-PDE6B-3UTR,6,5,1.9,19.0,44.96
AAV8-RK-PDE6B-3UTR,6,5,1.9,19.2,55.44
AAV8-RK-PDE6B-3UTR,6,5,1.9,19.4,64.46
AAV8-RK-PDE6B-3UTR,6,5,1.9,19.6,71.33
AAV8-RK-PDE6B-3UTR,6,5,1.9,19.8,75.6
AAV8-RK-PDE6B-3UTR,6,5,1.9,20.0,77.11
AAV8-RK-PDE6B-3UTR,6,5,1.9,20.2,76.0
AAV8-RK-PDE6B-3UTR,6,5,1.9,20.4,72.66
AAV8-RK-PDE6B-3UTR,6,5,1.9,20.6,67.71
AAV8-RK-PDE6B-3UTR,6,5,1.9,20.8,61.9
AAV8-RK-PDE6B-3UTR,6,5,1.9,21.0,56.04
AAV8-RK-PDE6B-3UTR,6,5,1.9,21.2,50.91
AAV8-RK-PDE6B-3UTR,6,5,1.9,21.4,47.17
AAV8-RK-PDE6B-3UTR,6,5,1.9,21.6,45.26
AAV8-RK-PDE6B-3UTR,6,5,1.9,21.8,45.43
AAV8-RK-PDE6B-3UTR,6,5,1.9,22.0,47.63
AAV8-RK-PDE6B-3UTR,6,5,1.9,22.2,51.58
AAV8-RK-PDE6B-3UTR,6,5,1.9,22.4,56.81
AAV8-RK-PDE6B-3UTR,6,5,1.9,22.6,62.67
AAV8-RK-PDE6B-3UTR,6,5,1.9,22.8,68.45
AAV8-RK-PDE6B-3UTR,6,5,1.9,23.0,73.43
AAV8-RK-PDE6B-3UTR,6,5,1.9,23.2,76.98
AAV8-RK-PDE6B-3UTR,6,5,1.9,23.4,78.62
AAV8-RK-PDE6B-3UTR,6,5,1.9,23.6,78.07
AAV8-RK-PDE6B-3UTR,6,5,1.9,23.8,75.27
AAV8-RK-PDE6B-3UTR,6,5,1.9,24.0,70.39
AAV8-RK-PDE6B-3UTR,6,5,1.9,24.2,63.79
AAV8-RK-PDE6B-3UTR,6,5,1.9,24.4,56.04
AAV8-RK-PDE6B-3UTR,6,5,1.9,24.6,47.76
AAV8-RK-PDE6B-3UTR,6,5,1.9,24.8,39.64
AAV8-RK-PDE6B-3UTR,6,5,1.9,25.0,32.34
AAV8-RK-PDE6B-3UTR,6,5,1.9,25.2,26.43
AAV8-RK-PDE6B-3UTR,6,5,1.9,25.4,22.34
AAV8-RK-PDE6B-3UTR,6,5,1.9,25.6,20.3
AAV8-RK-PDE6B-3UTR,6,5,1.9,25.8,20.4
AAV8-RK-PDE6B-3UTR,6,5,1.9,26.0,22.5
AAV8-RK-PDE6B-3UTR,6,5,1.9,26.2,26.32
AAV8-RK-PDE6B-3UTR,6,5,1.9,26.4,31.45
AAV8-RK-PDE6B-3UTR,6,5,1.9,26.6,37.42
AAV8-RK-PDE6B-3UTR,6,5,1.9,26.8,43.71
AAV8-RK-PDE6B-3UTR,6,5,1.9,27.0,49.83
AAV8-RK-PDE6B-3UTR,6,5,1.9,27.2,55.38
AAV8-RK-PDE6B-3UTR,6,5,1.9,27.4,60.02
AAV8-RK-PDE6B-3UTR,6,5,1.9,27.6,63.56
AAV8-RK-PDE6B-3UTR,6,5,1.9,27.8,65.93
AAV8-RK-PDE6B-3UTR,6,5,1.9,28.0,67.19
AAV8-RK-PDE6B-3UTR,6,5,1.9,28.2,67.49
AAV8-RK-PDE6B-3UTR,6,5,1.9,28.4,67.07
AAV8-RK-PDE6B-3UTR,6,5,1.9,28.6,66.22
AAV8-RK-PDE6B-3UTR,6,5,1.9,28.8,65.22
AAV8-RK-PDE6B-3UTR,6,5,1.9,29.0,64.35
AAV8-RK-PDE6B-3UTR,6,5,1.9,29.2,63.85
AAV8-RK-PDE6B-3UTR,6,5,1.9,29.4,63.88
AAV8-RK-PDE6B-3UTR,6,5,1.9,29.6,64.51
AAV8-RK-PDE6B-3UTR,6,5,1.9,29.8,65.75
AAV8-RK-PDE6B-3UTR,6,5,1.9,30.0,67.52
AAV8-RK-PDE6B-3UTR,6,5,1.9,30.2,69.67
AAV8-RK-PDE6B-3UTR,6,5,1.9,30.4,72.01
AAV8-RK-PDE6B-3UTR,6,5,1.9,30.6,74.33
AAV8-RK-PDE6B-3UTR,6,5,1.9,30.8,76.38
AAV8-RK-PDE6B-3UTR,6,5,1.9,31.0,77.97
AAV8-RK-PDE6B-3UTR,6,5,1.9,31.2,78.93
AAV8-RK-PDE6B-3UTR,6,5,1.9,31.4,79.13
AAV8-RK-PDE6B-3UTR,6,5,1.9,31.6,78.52
AAV8-RK-PDE6B-3UTR,6,5,1.9,31.8,77.14
AAV8-RK-PDE6B-3UTR,6,5,1.9,32.0,75.07
AAV8-RK-PDE6B-3UTR,6,5,1.9,32.2,72.48
AAV8-RK-PDE6B-3UTR,6,5,1.9,32.4,69.6
AAV8-RK-PDE6B-3UTR,6,5,1.9,32.6,66.68
AAV8-RK-PDE6B-3UTR,6,5,1.9,32.8,64.01
AAV8-RK-PDE6B-3UTR,6,5,1.9,33.0,61.89
AAV8-RK-PDE6B-3UTR,6,5,1.9,33.2,60.56
AAV8-RK-PDE6B-3UTR,6,5,1.9,33.4,60.27
AAV8-RK-PDE6B-3UTR,6,5,1.9,33.6,61.17
AAV8-RK-PDE6B-3UTR,6,5,1.9,33.8,63.34
AAV8-RK-PDE6B-3UTR,6,5,1.9,34.0,66.79
AAV8-RK-PDE6B-3UTR,6,5,1.9,34.2,71.41
AAV8-RK-PDE6B-3UTR,6,5,1.9,34.4,77.02
AAV8-RK-PDE6B-3UTR,6,5,1.9,34.6,83.37
AAV8-RK-PDE6B-3UTR,6,5,1.9,34.8,90.15
AAV8-RK-PDE6B-3UTR,6,5,1.9,35.0,97.01
AAV8-RK-PDE6B-3UTR,6,5,1.9,35.2,103.58
AAV8-RK-PDE6B-3UTR,6,5,1.9,35.4,109.53
AAV8-RK-PDE6B-3UTR,6,5,1.9,35.6,114.56
AAV8-RK-PDE6B-3UTR,6,5,1.9,35.8,118.45
AAV8-RK-PDE6B-3UTR,6,5,1.9,36.0,121.04
AAV8-RK-PDE6B-3UTR,6,5,1.9,36.2,122.28
AAV8-RK-PDE6B-3UTR,6,5,1.9,36.4,122.22
AAV8-RK-PDE6B-3UTR,6,5,1.9,36.6,120.98
AAV8-RK-PDE6B-3UTR,6,5,1.9,36.8,118.78
AAV8-RK-PDE6B-3UTR,6,5,1.9,37.0,115.85
AAV8-RK-PDE6B-3UTR,6,5,1.9,37.2,112.48
AAV8-RK-PDE6B-3UTR,6,5,1.9,37.4,108.94
AAV8-RK-PDE6B-3UTR,6,5,1.9,37.6,105.48
AAV8-RK-PDE6B-3UTR,6,5,1.9,37.8,102.3
AAV8-RK-PDE6B-3UTR,6,5,1.9,38.0,99.55
AAV8-RK-PDE6B-3UTR,6,5,1.9,38.2,97.3
AAV8-RK-PDE6B-3UTR,6,5,1.9,38.4,95.56
AAV8-RK-PDE6B-3UTR,6,5,1.9,38.6,94.27
AAV8-RK-PDE6B-3UTR,6,5,1.9,38.8,93.34
AAV8-RK-PDE6B-3UTR,6,5,1.9,39.0,92.67
AAV8-RK-PDE6B-3UTR,6,5,1.9,39.2,92.13
AAV8-RK-PDE6B-3UTR,6,5,1.9,39.4,91.64
AAV8-RK-PDE6B-3UTR,6,5,1.9,39.6,91.13
AAV8-RK-PDE6B-3UTR,6,5,1.9,39.8,90.59
AAV8-RK-PDE6B-3UTR,6,5,1.9,40.0,90.05
AAV8-RK-PDE6B-3UTR,6,5,1.9,40.2,89.6
AAV8-RK-PDE6B-3UTR,6,5,1.9,40.4,89.32
AAV8-RK-PDE6B-3UTR,6,5,1.9,40.6,89.35
AAV8-RK-PDE6B-3UTR,6,5,1.9,40.8,89.78
AAV8-RK-PDE6B-3UTR,6,5,1.9,41.0,90.68
AAV8-RK-PDE6B-3UTR,6,5,1.9,41.2,92.08
AAV8-RK-PDE6B-3UTR,6,5,1.9,41.4,93.93
AAV8-RK-PDE6B-3UTR,6,5,1.9,41.6,96.11
AAV8-RK-PDE6B-3UTR,6,5,1.9,41.8,98.45
AAV8-RK-PDE6B-3UTR,6,5,1.9,42.0,100.71
AAV8-RK-PDE6B-3UTR,6,5,1.9,42.2,102.63
AAV8-RK-PDE6B-3UTR,6,5,1.9,42.4,103.91
AAV8-RK-PDE6B-3UTR,6,5,1.9,42.6,104.32
AAV8-RK-PDE6B-3UTR,6,5,1.9,42.8,103.65
AAV8-RK-PDE6B-3UTR,6,5,1.9,43.0,101.78
AAV8-RK-PDE6B-3UTR,6,5,1.9,43.2,98.71
AAV8-RK-PDE6B-3UTR,6,5,1.9,43.4,94.5
AAV8-RK-PDE6B-3UTR,6,5,1.9,43.6,89.38
AAV8-RK-PDE6B-3UTR,6,5,1.9,43.8,83.63
AAV8-RK-PDE6B-3UTR,6,5,1.9,44.0,77.63
AAV8-RK-PDE6B-3UTR,6,5,1.9,44.2,71.79
AAV8-RK-PDE6B-3UTR,6,5,1.9,44.4,66.53
AAV8-RK-PDE6B-3UTR,6,5,1.9,44.6,62.24
AAV8-RK-PDE6B-3UTR,6,5,1.9,44.8,59.23
AAV8-RK-PDE6B-3UTR,6,5,1.9,45.0,57.72
AAV8-RK-PDE6B-3UTR,6,5,1.9,45.2,57.82
AAV8-RK-PDE6B-3UTR,6,5,1.9,45.4,59.5
AAV8-RK-PDE6B-3UTR,6,5,1.9,45.6,62.6
AAV8-RK-PDE6B-3UTR,6,5,1.9,45.8,66.87
AAV8-RK-PDE6B-3UTR,6,5,1.9,46.0,71.94
AAV8-RK-PDE6B-3UTR,6,5,1.9,46.2,77.44
AAV8-RK-PDE6B-3UTR,6,5,1.9,46.4,82.95
AAV8-RK-PDE6B-3UTR,6,5,1.9,46.6,88.1
AAV8-RK-PDE6B-3UTR,6,5,1.9,46.8,92.57
AAV8-RK-PDE6B-3UTR,6,5,1.9,47.0,96.14
AAV8-RK-PDE6B-3UTR,6,5,1.9,47.2,98.71
AAV8-RK-PDE6B-3UTR,6,5,1.9,47.4,100.28
AAV8-RK-PDE6B-3UTR,6,5,1.9,47.6,100.97
AAV8-RK-PDE6B-3UTR,6,5,1.9,47.8,100.98
AAV8-RK-PDE6B-3UTR,6,5,1.9,48.0,100.6
AAV8-RK-PDE6B-3UTR,6,5,1.9,48.2,100.14
AAV8-RK-PDE6B-3UTR,6,5,1.9,48.4,99.92
AAV8-RK-PDE6B-3UTR,6,5,1.9,48.6,100.21
AAV8-RK-PDE6B-3UTR,6,5,1.9,48.8,101.22
AAV8-RK-PDE6B-3UTR,6,5,1.9,49.0,103.06
AAV8-RK-PDE6B-3UTR,6,5,1.9,49.2,105.77
AAV8-RK-PDE6B-3UTR,6,5,1.9,49.4,109.24
AAV8-RK-PDE6B-3UTR,6,5,1.9,49.6,113.29
AAV8-RK-PDE6B-3UTR,6,5,1.9,49.8,117.67
AAV8-RK-PDE6B-3UTR,6,5,1.9,50.0,122.07
AAV8-RK-PDE6B-3UTR,6,5,1.9,50.2,126.15
AAV8-RK-PDE6B-3UTR,6,5,1.9,50.4,129.62
AAV8-RK-PDE6B-3UTR,6,5,1.9,50.6,132.2
AAV8-RK-PDE6B-3UTR,6,5,1.9,50.8,133.71
AAV8-RK-PDE6B-3UTR,6,5,1.9,51.0,134.07
AAV8-RK-PDE6B-3UTR,6,5,1.9,51.2,133.27
AAV8-RK-PDE6B-3UTR,6,5,1.9,51.4,131.44
AAV8-RK-PDE6B-3UTR,6,5,1.9,51.6,128.79
AAV8-RK-PDE6B-3UTR,6,5,1.9,51.8,125.6
AAV8-RK-PDE6B-3UTR,6,5,1.9,52.0,122.2
AAV8-RK-PDE6B-3UTR,6,5,1.9,52.2,118.94
AAV8-RK-PDE6B-3UTR,6,5,1.9,52.4,116.16
AAV8-RK-PDE6B-3UTR,6,5,1.9,52.6,114.14
AAV8-RK-PDE6B-3UTR,6,5,1.9,52.8,113.11
AAV8-RK-PDE6B-3UTR,6,5,1.9,53.0,113.19
AAV8-RK-PDE6B-3UTR,6,5,1.9,53.2,114.44
AAV8-RK-PDE6B-3UTR,6,5,1.9,53.4,116.78
AAV8-RK-PDE6B-3UTR,6,5,1.9,53.6,120.08
AAV8-RK-PDE6B-3UTR,6,5,1.9,53.8,124.09
AAV8-RK-PDE6B-3UTR,6,5,1.9,54.0,128.55
AAV8-RK-PDE6B-3UTR,6,5,1.9,54.2,133.14
AAV8-RK-PDE6B-3UTR,6,5,1.9,54.4,137.57
AAV8-RK-PDE6B-3UTR,6,5,1.9,54.6,141.54
AAV8-RK-PDE6B-3UTR,6,5,1.9,54.8,144.8
AAV8-RK-PDE6B-3UTR,6,5,1.9,55.0,147.19
AAV8-RK-PDE6B-3UTR,6,5,1.9,55.2,148.58
AAV8-RK-PDE6B-3UTR,6,5,1.9,55.4,148.94
AAV8-RK-PDE6B-3UTR,6,5,1.9,55.6,148.29
AAV8-RK-PDE6B-3UTR,6,5,1.9,55.8,146.71
AAV8-RK-PDE6B-3UTR,6,5,1.9,56.0,144.34
AAV8-RK-PDE6B-3UTR,6,5,1.9,56.2,141.33
AAV8-RK-PDE6B-3UTR,6,5,1.9,56.4,137.85
AAV8-RK-PDE6B-3UTR,6,5,1.9,56.6,134.06
AAV8-RK-PDE6B-3UTR,6,5,1.9,56.8,130.09
AAV8-RK-PDE6B-3UTR,6,5,1.9,57.0,126.08
AAV8-RK-PDE6B-3UTR,6,5,1.9,57.2,122.12
AAV8-RK-PDE6B-3UTR,6,5,1.9,57.4,118.25
AAV8-RK-PDE6B-3UTR,6,5,1.9,57.6,114.53
AAV8-RK-PDE6B-3UTR,6,5,1.9,57.8,110.96
AAV8-RK-PDE6B-3UTR,6,5,1.9,58.0,107.57
AAV8-RK-PDE6B-3UTR,6,5,1.9,58.2,104.37
AAV8-RK-PDE6B-3UTR,6,5,1.9,58.4,101.37
AAV8-RK-PDE6B-3UTR,6,5,1.9,58.6,98.61
AAV8-RK-PDE6B-3UTR,6,5,1.9,58.8,96.14
AAV8-RK-PDE6B-3UTR,6,5,1.9,59.0,94.02
AAV8-RK-PDE6B-3UTR,6,5,1.9,59.2,92.3
AAV8-RK-PDE6B-3UTR,6,5,1.9,59.4,91.05
AAV8-RK-PDE6B-3UTR,6,5,1.9,59.6,90.32
AAV8-RK-PDE6B-3UTR,6,5,1.9,59.8,90.11
AAV8-RK-PDE6B-3UTR,6,5,1.9,60.0,90.41
AAV8-RK-PDE6B-3UTR,6,5,1.9,60.2,91.16
AAV8-RK-PDE6B-3UTR,6,5,1.9,60.4,92.27
AAV8-RK-PDE6B-3UTR,6,5,1.9,60.6,93.59
AAV8-RK-PDE6B-3UTR,6,5,1.9,60.8,94.93
AAV8-RK-PDE6B-3UTR,6,5,1.9,61.0,96.12
AAV8-RK-PDE6B-3UTR,6,5,1.9,61.2,96.93
AAV8-RK-PDE6B-3UTR,6,5,1.9,61.4,97.19
AAV8-RK-PDE6B-3UTR,6,5,1.9,61.6,96.72
AAV8-RK-PDE6B-3UTR,6,5,1.9,61.8,95.42
AAV8-RK-PDE6B-3UTR,6,5,1.9,62.0,93.23
AAV8-RK-PDE6B-3UTR,6,5,1.9,62.2,90.15
AAV8-RK-PDE6B-3UTR,6,5,1.9,62.4,86.28
AAV8-RK-PDE6B-3UTR,6,5,1.9,62.6,81.75
AAV8-RK-PDE6B-3UTR,6,5,1.9,62.8,76.78
AAV8-RK-PDE6B-3UTR,6,5,1.9,63.0,71.61
AAV8-RK-PDE6B-3UTR,6,5,1.9,63.2,66.5
AAV8-RK-PDE6B-3UTR,6,5,1.9,63.4,61.73
AAV8-RK-PDE6B-3UTR,6,5,1.9,63.6,57.54
AAV8-RK-PDE6B-3UTR,6,5,1.9,63.8,54.14
AAV8-RK-PDE6B-3UTR,6,5,1.9,64.0,51.66
AAV8-RK-PDE6B-3UTR,6,5,1.9,64.2,50.2
AAV8-RK-PDE6B-3UTR,6,5,1.9,64.4,49.75
AAV8-RK-PDE6B-3UTR,6,5,1.9,64.6,50.26
AAV8-RK-PDE6B-3UTR,6,5,1.9,64.8,51.6
AAV8-RK-PDE6B-3UTR,6,5,1.9,65.0,53.6
AAV8-RK-PDE6B-3UTR,6,5,1.9,65.2,56.06
AAV8-RK-PDE6B-3UTR,6,5,1.9,65.4,58.77
AAV8-RK-PDE6B-3UTR,6,5,1.9,65.6,61.54
AAV8-RK-PDE6B-3UTR,6,5,1.9,65.8,64.2
AAV8-RK-PDE6B-3UTR,6,5,1.9,66.0,66.63
AAV8-RK-PDE6B-3UTR,6,5,1.9,66.2,68.78
AAV8-RK-PDE6B-3UTR,6,5,1.9,66.4,70.65
AAV8-RK-PDE6B-3UTR,6,5,1.9,66.6,72.3
AAV8-RK-PDE6B-3UTR,6,5,1.9,66.8,73.86
AAV8-RK-PDE6B-3UTR,6,5,1.9,67.0,75.5
AAV8-RK-PDE6B-3UTR,6,5,1.9,67.2,77.38
AAV8-RK-PDE6B-3UTR,6,5,1.9,67.4,79.71
AAV8-RK-PDE6B-3UTR,6,5,1.9,67.6,82.66
AAV8-RK-PDE6B-3UTR,6,5,1.9,67.8,86.36
AAV8-RK-PDE6B-3UTR,6,5,1.9,68.0,90.91
AAV8-RK-PDE6B-3UTR,6,5,1.9,68.2,96.31
AAV8-RK-PDE6B-3UTR,6,5,1.9,68.4,102.52
AAV8-RK-PDE6B-3UTR,6,5,1.9,68.6,109.41
AAV8-RK-PDE6B-3UTR,6,5,1.9,68.8,116.78
AAV8-RK-PDE6B-3UTR,6,5,1.9,69.0,124.39
AAV8-RK-PDE6B-3UTR,6,5,1.9,69.2,131.95
AAV8-RK-PDE6B-3UTR,6,5,1.9,69.4,139.15
AAV8-RK-PDE6B-3UTR,6,5,1.9,69.6,145.7
AAV8-RK-PDE6B-3UTR,6,5,1.9,69.8,151.31
AAV8-RK-PDE6B-3UTR,6,5,1.9,70.0,155.78
AAV8-RK-PDE6B-3UTR,6,5,1.9,70.2,158.95
AAV8-RK-PDE6B-3UTR,6,5,1.9,70.4,160.75
AAV8-RK-PDE6B-3UTR,6,5,1.9,70.6,161.19
AAV8-RK-PDE6B-3UTR,6,5,1.9,70.8,160.37
AAV8-RK-PDE6B-3UTR,6,5,1.9,71.0,158.48
AAV8-RK-PDE6B-3UTR,6,5,1.9,71.2,155.74
AAV8-RK-PDE6B-3UTR,6,5,1.9,71.4,152.43
AAV8-RK-PDE6B-3UTR,6,5,1.9,71.6,148.83
AAV8-RK-PDE6B-3UTR,6,5,1.9,71.8,145.2
AAV8-RK-PDE6B-3UTR,6,5,1.9,72.0,141.76
AAV8-RK-PDE6B-3UTR,6,5,1.9,72.2,138.65
AAV8-RK-PDE6B-3UTR,6,5,1.9,72.4,135.92
AAV8-RK-PDE6B-3UTR,6,5,1.9,72.6,133.55
AAV8-RK-PDE6B-3UTR,6,5,1.9,72.8,131.4
AAV8-RK-PDE6B-3UTR,6,5,1.9,73.0,129.25
AAV8-RK-PDE6B-3UTR,6,5,1.9,73.2,126.84
AAV8-RK-PDE6B-3UTR,6,5,1.9,73.4,123.84
AAV8-RK-PDE6B-3UTR,6,5,1.9,73.6,119.96
AAV8-RK-PDE6B-3UTR,6,5,1.9,73.8,114.91
AAV8-RK-PDE6B-3UTR,6,5,1.9,74.0,108.53
AAV8-RK-PDE6B-3UTR,6,5,1.9,74.2,100.71
AAV8-RK-PDE6B-3UTR,6,5,1.9,74.4,91.5
AAV8-RK-PDE6B-3UTR,6,5,1.9,74.6,81.08
AAV8-RK-PDE6B-3UTR,6,5,1.9,74.8,69.79
AAV8-RK-PDE6B-3UTR,6,5,1.9,75.0,58.04
AAV8-RK-PDE6B-3UTR,6,5,1.9,75.2,46.39
AAV8-RK-PDE6B-3UTR,6,5,1.9,75.4,35.39
AAV8-RK-PDE6B-3UTR,6,5,1.9,75.6,25.64
AAV8-RK-PDE6B-3UTR,6,5,1.9,75.8,17.65
AAV8-RK-PDE6B-3UTR,6,5,1.9,76.0,11.87
AAV8-RK-PDE6B-3UTR,6,5,1.9,76.2,8.58
AAV8-RK-PDE6B-3UTR,6,5,1.9,76.4,7.89
AAV8-RK-PDE6B-3UTR,6,5,1.9,76.6,9.75
AAV8-RK-PDE6B-3UTR,6,5,1.9,76.8,13.91
AAV8-RK-PDE6B-3UTR,6,5,1.9,77.0,19.96
AAV8-RK-PDE6B-3UTR,6,5,1.9,77.2,27.34
AAV8-RK-PDE6B-3UTR,6,5,1.9,77.4,35.44
AAV8-RK-PDE6B-3UTR,6,5,1.9,77.6,43.61
AAV8-RK-PDE6B-3UTR,6,5,1.9,77.8,51.22
AAV8-RK-PDE6B-3UTR,6,5,1.9,78.0,57.74
AAV8-RK-PDE6B-3UTR,6,5,1.9,78.2,62.75
AAV8-RK-PDE6B-3UTR,6,5,1.9,78.4,66.01
AAV8-RK-PDE6B-3UTR,6,5,1.9,78.6,67.45
AAV8-RK-PDE6B-3UTR,6,5,1.9,78.8,67.18
AAV8-RK-PDE6B-3UTR,6,5,1.9,79.0,65.46
AAV8-RK-PDE6B-3UTR,6,5,1.9,79.2,62.69
AAV8-RK-PDE6B-3UTR,6,5,1.9,79.4,59.31
AAV8-RK-PDE6B-3UTR,6,5,1.9,79.6,55.84
AAV8-RK-PDE6B-3UTR,6,5,1.9,79.8,52.71
AAV8-RK-PDE6B-3UTR,6,5,1.9,80.0,50.34
AAV8-RK-PDE6B-3UTR,6,5,1.9,80.2,48.98
AAV8-RK-PDE6B-3UTR,6,5,1.9,80.4,48.8
AAV8-RK-PDE6B-3UTR,6,5,1.9,80.6,49.78
AAV8-RK-PDE6B-3UTR,6,5,1.9,80.8,51.8
AAV8-RK-PDE6B-3UTR,6,5,1.9,81.0,54.62
AAV8-RK-PDE6B-3UTR,6,5,1.9,81.2,57.93
AAV8-RK-PDE6B-3UTR,6,5,1.9,81.4,61.38
AAV8-RK-PDE6B-3UTR,6,5,1.9,81.6,64.63
AAV8-RK-PDE6B-3UTR,6,5,1.9,81.8,67.4
AAV8-RK-PDE6B-3UTR,6,5,1.9,82.0,69.48
AAV8-RK-PDE6B-3UTR,6,5,1.9,82.2,70.75
AAV8-RK-PDE6B-3UTR,6,5,1.9,82.4,71.25
AAV8-RK-PDE6B-3UTR,6,5,1.9,82.6,71.06
AAV8-RK-PDE6B-3UTR,6,5,1.9,82.8,70.4
AAV8-RK-PDE6B-3UTR,6,5,1.9,83.0,69.53
AAV8-RK-PDE6B-3UTR,6,5,1.9,83.2,68.73
AAV8-RK-PDE6B-3UTR,6,5,1.9,83.4,68.3
AAV8-RK-PDE6B-3UTR,6,5,1.9,83.6,68.48
AAV8-RK-PDE6B-3UTR,6,5,1.9,83.8,69.48
AAV8-RK-PDE6B-3UTR,6,5,1.9,84.0,71.4
AAV8-RK-PDE6B-3UTR,6,5,1.9,84.2,74.3
AAV8-RK-PDE6B-3UTR,6,5,1.9,84.4,78.14
AAV8-RK-PDE6B-3UTR,6,5,1.9,84.6,82.84
AAV8-RK-PDE6B-3UTR,6,5,1.9,84.8,88.26
AAV8-RK-PDE6B-3UTR,6,5,1.9,85.0,94.26
AAV8-RK-PDE6B-3UTR,6,5,1.9,85.2,100.71
AAV8-RK-PDE6B-3UTR,6,5,1.9,85.4,107.47
AAV8-RK-PDE6B-3UTR,6,5,1.9,85.6,114.46
AAV8-RK-PDE6B-3UTR,6,5,1.9,85.8,121.62
AAV8-RK-PDE6B-3UTR,6,5,1.9,86.0,128.91
AAV8-RK-PDE6B-3UTR,6,5,1.9,86.2,136.32
AAV8-RK-PDE6B-3UTR,6,5,1.9,86.4,143.81
AAV8-RK-PDE6B-3UTR,6,5,1.9,86.6,151.35
AAV8-RK-PDE6B-3UTR,6,5,1.9,86.8,158.84
AAV8-RK-PDE6B-3UTR,6,5,1.9,87.0,166.17
AAV8-RK-PDE6B-3UTR,6,5,1.9,87.2,173.15
AAV8-RK-PDE6B-3UTR,6,5,1.9,87.4,179.56
AAV8-RK-PDE6B-3UTR,6,5,1.9,87.6,185.16
AAV8-RK-PDE6B-3UTR,6,5,1.9,87.8,189.69
AAV8-RK-PDE6B-3UTR,6,5,1.9,88.0,192.95
AAV8-RK-PDE6B-3UTR,6,5,1.9,88.2,194.75
AAV8-RK-PDE6B-3UTR,6,5,1.9,88.4,195.0
AAV8-RK-PDE6B-3UTR,6,5,1.9,88.6,193.73
AAV8-RK-PDE6B-3UTR,6,5,1.9,88.8,191.04
AAV8-RK-PDE6B-3UTR,6,5,1.9,89.0,187.17
AAV8-RK-PDE6B-3UTR,6,5,1.9,89.2,182.42
AAV8-RK-PDE6B-3UTR,6,5,1.9,89.4,177.19
AAV8-RK-PDE6B-3UTR,6,5,1.9,89.6,171.89
AAV8-RK-PDE6B-3UTR,6,5,1.9,89.8,166.92
AAV8-RK-PDE6B-3UTR,6,5,1.9,90.0,162.63
AAV8-RK-PDE6B-3UTR,6,5,1.9,90.2,159.3
AAV8-RK-PDE6B-3UTR,6,5,1.9,90.4,157.07
AAV8-RK-PDE6B-3UTR,6,5,1.9,90.6,155.98
AAV8-RK-PDE6B-3UTR,6,5,1.9,90.8,155.91
AAV8-RK-PDE6B-3UTR,6,5,1.9,91.0,156.66
AAV8-RK-PDE6B-3UTR,6,5,1.9,91.2,157.91
AAV8-RK-PDE6B-3UTR,6,5,1.9,91.4,159.3
AAV8-RK-PDE6B-3UTR,6,5,1.9,91.6,160.44
AAV8-RK-PDE6B-3UTR,6,5,1.9,91.8,160.99
AAV8-RK-PDE6B-3UTR,6,5,1.9,92.0,160.66
AAV8-RK-PDE6B-3UTR,6,5,1.9,92.2,159.25
AAV8-RK-PDE6B-3UTR,6,5,1.9,92.4,156.68
AAV8-RK-PDE6B-3UTR,6,5,1.9,92.6,152.97
AAV8-RK-PDE6B-3UTR,6,5,1.9,92.8,148.25
AAV8-RK-PDE6B-3UTR,6,5,1.9,93.0,142.71
AAV8-RK-PDE6B-3UTR,6,5,1.9,93.2,136.59
AAV8-RK-PDE6B-3UTR,6,5,1.9,93.4,130.15
AAV8-RK-PDE6B-3UTR,6,5,1.9,93.6,123.61
AAV8-RK-PDE6B-3UTR,6,5,1.9,93.8,117.16
AAV8-RK-PDE6B-3UTR,6,5,1.9,94.0,110.89
AAV8-RK-PDE6B-3UTR,6,5,1.9,94.2,104.85
AAV8-RK-PDE6B-3UTR,6,5,1.9,94.4,98.98
AAV8-RK-PDE6B-3UTR,6,5,1.9,94.6,93.2
AAV8-RK-PDE6B-3UTR,6,5,1.9,94.8,87.4
AAV8-RK-PDE6B-3UTR,6,5,1.9,95.0,81.46
AAV8-RK-PDE6B-3UTR,6,5,1.9,95.2,75.32
AAV8-RK-PDE6B-3UTR,6,5,1.9,95.4,68.98
AAV8-RK-PDE6B-3UTR,6,5,1.9,95.6,62.5
AAV8-RK-PDE6B-3UTR,6,5,1.9,95.8,56.06
AAV8-RK-PDE6B-3UTR,6,5,1.9,96.0,49.91
AAV8-RK-PDE6B-3UTR,6,5,1.9,96.2,44.33
AAV8-RK-PDE6B-3UTR,6,5,1.9,96.4,39.67
AAV8-RK-PDE6B-3UTR,6,5,1.9,96.6,36.23
AAV8-RK-PDE6B-3UTR,6,5,1.9,96.8,34.28
AAV8-RK-PDE6B-3UTR,6,5,1.9,97.0,33.97
AAV8-RK-PDE6B-3UTR,6,5,1.9,97.2,35.35
AAV8-RK-PDE6B-3UTR,6,5,1.9,97.4,38.34
AAV8-RK-PDE6B-3UTR,6,5,1.9,97.6,42.72
AAV8-RK-PDE6B-3UTR,6,5,1.9,97.8,48.14
AAV8-RK-PDE6B-3UTR,6,5,1.9,98.0,54.18
AAV8-RK-PDE6B-3UTR,6,5,1.9,98.2,60.39
AAV8-RK-PDE6B-3UTR,6,5,1.9,98.4,66.3
AAV8-RK-PDE6B-3UTR,6,5,1.9,98.6,71.52
AAV8-RK-PDE6B-3UTR,6,5,1.9,98.8,75.78
AAV8-RK-PDE6B-3UTR,6,5,1.9,99.0,78.92
AAV8-RK-PDE6B-3UTR,6,5,1.9,99.2,80.96
AAV8-RK-PDE6B-3UTR,6,5,1.9,99.4,82.07
AAV8-RK-PDE6B-3UTR,6,5,1.9,99.6,82.55
AAV8-RK-PDE6B-3UTR,6,5,1.9,99.8,82.81
AAV8-RK-PDE6B-3UTR,6,5,1.9,100.0,83.34
AAV8-RK-PDE6B-3UTR,6,5,1.9,100.2,84.6
AAV8-RK-PDE6B-3UTR,6,5,1.9,100.4,87.0
AAV8-RK-PDE6B-3UTR,6,5,1.9,100.6,90.85
AAV8-RK-PDE6B-3UTR,6,5,1.9,100.8,96.33
AAV8-RK-PDE6B-3UTR,6,5,1.9,101.0,103.43
AAV8-RK-PDE6B-3UTR,6,5,1.9,101.2,111.99
AAV8-RK-PDE6B-3UTR,6,5,1.9,101.4,121.7
AAV8-RK-PDE6B-3UTR,6,5,1.9,101.6,132.11
AAV8-RK-PDE6B-3UTR,6,5,1.9,101.8,142.72
AAV8-RK-PDE6B-3UTR,6,5,1.9,102.0,152.99
AAV8-RK-PDE6B-3UTR,6,5,1.9,102.2,162.42
AAV8-RK-PDE6B-3UTR,6,5,1.9,102.4,170.6
AAV8-RK-PDE6B-3UTR,6,5,1.9,102.6,177.23
AAV8-RK-PDE6B-3UTR,6,5,1.9,102.8,182.16
AAV8-RK-PDE6B-3UTR,6,5,1.9,103.0,185.39
AAV8-RK-PDE6B-3UTR,6,5,1.9,103.2,187.07
AAV8-RK-PDE6B-3UTR,6,5,1.9,103.4,187.45
AAV8-RK-PDE6B-3UTR,6,5,1.9,103.6,186.88
AAV8-RK-PDE6B-3UTR,6,5,1.9,103.8,185.72
AAV8-RK-PDE6B-3UTR,6,5,1.9,104.0,184.34
AAV8-RK-PDE6B-3UTR,6,5,1.9,104.2,183.05
AAV8-RK-PDE6B-3UTR,6,5,1.9,104.4,182.08
AAV8-RK-PDE6B-3UTR,6,5,1.9,104.6,181.55
AAV8-RK-PDE6B-3UTR,6,5,1.9,104.8,181.49
AAV8-RK-PDE6B-3UTR,6,5,1.9,105.0,181.81
AAV8-RK-PDE6B-3UTR,6,5,1.9,105.2,182.35
AAV8-RK-PDE6B-3UTR,6,5,1.9,105.4,182.89
AAV8-RK-PDE6B-3UTR,6,5,1.9,105.6,183.2
AAV8-RK-PDE6B-3UTR,6,5,1.9,105.8,183.06
AAV8-RK-PDE6B-3UTR,6,5,1.9,106.0,182.28
AAV8-RK-PDE6B-3UTR,6,5,1.9,106.2,180.75
AAV8-RK-PDE6B-3UTR,6,5,1.9,106.4,178.42
AAV8-RK-PDE6B-3UTR,6,5,1.9,106.6,175.3
AAV8-RK-PDE6B-3UTR,6,5,1.9,106.8,171.48
AAV8-RK-PDE6B-3UTR,6,5,1.9,107.0,167.08
AAV8-RK-PDE6B-3UTR,6,5,1.9,107.2,162.26
AAV8-RK-PDE6B-3UTR,6,5,1.9,107.4,157.17
AAV8-RK-PDE6B-3UTR,6,5,1.9,107.6,151.94
AAV8-RK-PDE6B-3UTR,6,5,1.9,107.8,146.69
AAV8-RK-PDE6B-3UTR,6,5,1.9,108.0,141.48
AAV8-RK-PDE6B-3UTR,6,5,1.9,108.2,136.35
AAV8-RK-PDE6B-3UTR,6,5,1.9,108.4,131.31
AAV8-RK-PDE6B-3UTR,6,5,1.9,108.6,126.34
AAV8-RK-PDE6B-3UTR,6,5,1.9,108.8,121.46
AAV8-RK-PDE6B-3UTR,6,5,1.9,109.0,116.68
AAV8-RK-PDE6B-3UTR,6,5,1.9,109.2,112.04
AAV8-RK-PDE6B-3UTR,6,5,1.9,109.4,107.63
AAV8-RK-PDE6B-3UTR,6,5,1.9,109.6,103.56
AAV8-RK-PDE6B-3UTR,6,5,1.9,109.8,99.99
AAV8-RK-PDE6B-3UTR,6,5,1.9,110.0,97.07
AAV8-RK-PDE6B-3UTR,6,5,1.9,110.2,94.96
AAV8-RK-PDE6B-3UTR,6,5,1.9,110.4,93.76
AAV8-RK-PDE6B-3UTR,6,5,1.9,110.6,93.57
AAV8-RK-PDE6B-3UTR,6,5,1.9,110.8,94.38
AAV8-RK-PDE6B-3UTR,6,5,1.9,111.0,96.14
AAV8-RK-PDE6B-3UTR,6,5,1.9,111.2,98.71
AAV8-RK-PDE6B-3UTR,6,5,1.9,111.4,101.91
AAV8-RK-PDE6B-3UTR,6,5,1.9,111.6,105.51
AAV8-RK-PDE6B-3UTR,6,5,1.9,111.8,109.25
AAV8-RK-PDE6B-3UTR,6,5,1.9,112.0,112.91
AAV8-RK-PDE6B-3UTR,6,5,1.9,112.2,116.29
AAV8-RK-PDE6B-3UTR,6,5,1.9,112.4,119.25
AAV8-RK-PDE6B-3UTR,6,5,1.9,112.6,121.74
AAV8-RK-PDE6B-3UTR,6,5,1.9,112.8,123.77
AAV8-RK-PDE6B-3UTR,6,5,1.9,113.0,125.44
AAV8-RK-PDE6B-3UTR,6,5,1.9,113.2,126.91
AAV8-RK-PDE6B-3UTR,6,5,1.9,113.4,128.35
AAV8-RK-PDE6B-3UTR,6,5,1.9,113.6,129.96
AAV8-RK-PDE6B-3UTR,6,5,1.9,113.8,131.9
AAV8-RK-PDE6B-3UTR,6,5,1.9,114.0,134.27
AAV8-RK-PDE6B-3UTR,6,5,1.9,114.2,137.1
AAV8-RK-PDE6B-3UTR,6,5,1.9,114.4,140.35
AAV8-RK-PDE6B-3UTR,6,5,1.9,114.6,143.87
AAV8-RK-PDE6B-3UTR,6,5,1.9,114.8,147.46
AAV8-RK-PDE6B-3UTR,6,5,1.9,115.0,150.87
AAV8-RK-PDE6B-3UTR,6,5,1.9,115.2,153.83
AAV8-RK-PDE6B-3UTR,6,5,1.9,115.4,156.1
AAV8-RK-PDE6B-3UTR,6,5,1.9,115.6,157.48
AAV8-RK-PDE6B-3UTR,6,5,1.9,115.8,157.88
AAV8-RK-PDE6B-3UTR,6,5,1.9,116.0,157.28
AAV8-RK-PDE6B-3UTR,6,5,1.9,116.2,155.8
AAV8-RK-PDE6B-3UTR,6,5,1.9,116.4,153.65
AAV8-RK-PDE6B-3UTR,6,5,1.9,116.6,151.11
AAV8-RK-PDE6B-3UTR,6,5,1.9,116.8,148.52
AAV8-RK-PDE6B-3UTR,6,5,1.9,117.0,146.24
AAV8-RK-PDE6B-3UTR,6,5,1.9,117.2,144.61
AAV8-RK-PDE6B-3UTR,6,5,1.9,117.4,143.87
AAV8-RK-PDE6B-3UTR,6,5,1.9,117.6,144.2
AAV8-RK-PDE6B-3UTR,6,5,1.9,117.8,145.64
AAV8-RK-PDE6B-3UTR,6,5,1.9,118.0,148.13
AAV8-RK-PDE6B-3UTR,6,5,1.9,118.2,151.49
AAV8-RK-PDE6B-3UTR,6,5,1.9,118.4,155.44
AAV8-RK-PDE6B-3UTR,6,5,1.9,118.6,159.67
AAV8-RK-PDE6B-3UTR,6,5,1.9,118.8,163.83
AAV8-RK-PDE6B-3UTR,6,5,1.9,119.0,167.6
AAV8-RK-PDE6B-3UTR,6,5,1.9,119.2,170.74
AAV8-RK-PDE6B-3UTR,6,5,1.9,119.4,173.08
AAV8-RK-PDE6B-3UTR,6,5,1.9,119.6,174.57
AAV8-RK-PDE6B-3UTR,6,5,1.9,119.8,175.25
AAV8-RK-PDE6B-3UTR,6,5,1.9,120.0,175.3
AAV8-RK-PDE6B-3UTR,6,5,1.9,120.2,174.93
AAV8-RK-PDE6B-3UTR,6,5,1.9,120.4,174.43
AAV8-RK-PDE6B-3UTR,6,5,1.9,120.6,174.06
AAV8-RK-PDE6B-3UTR,6,5,1.9,120.8,174.07
AAV8-RK-PDE6B-3UTR,6,5,1.9,121.0,174.63
AAV8-RK-PDE6B-3UTR,6,5,1.9,121.2,175.82
AAV8-RK-PDE6B-3UTR,6,5,1.9,121.4,177.62
AAV8-RK-PDE6B-3UTR,6,5,1.9,121.6,179.91
AAV8-RK-PDE6B-3UTR,6,5,1.9,121.8,182.48
AAV8-RK-PDE6B-3UTR,6,5,1.9,122.0,185.07
AAV8-RK-PDE6B-3UTR,6,5,1.9,122.2,187.41
AAV8-RK-PDE6B-3UTR,6,5,1.9,122.4,189.22
AAV8-RK-PDE6B-3UTR,6,5,1.9,122.6,190.29
AAV8-RK-PDE6B-3UTR,6,5,1.9,122.8,190.5
AAV8-RK-PDE6B-3UTR,6,5,1.9,123.0,189.82
AAV8-RK-PDE6B-3UTR,6,5,1.9,123.2,188.32
AAV8-RK-PDE6B-3UTR,6,5,1.9,123.4,186.18
AAV8-RK-PDE6B-3UTR,6,5,1.9,123.6,183.65
AAV8-RK-PDE6B-3UTR,6,5,1.9,123.8,181.03
AAV8-RK-PDE6B-3UTR,6,5,1.9,124.0,178.6
AAV8-RK-PDE6B-3UTR,6,5,1.9,124.2,176.65
AAV8-RK-PDE6B-3UTR,6,5,1.9,124.4,175.37
AAV8-RK-PDE6B-3UTR,6,5,1.9,124.6,174.86
AAV8-RK-PDE6B-3UTR,6,5,1.9,124.8,175.13
AAV8-RK-PDE6B-3UTR,6,5,1.9,125.0,176.07
AAV8-RK-PDE6B-3UTR,6,5,1.9,125.2,177.47
AAV8-RK-PDE6B-3UTR,6,5,1.9,125.4,179.05
AAV8-RK-PDE6B-3UTR,6,5,1.9,125.6,180.5
AAV8-RK-PDE6B-3UTR,6,5,1.9,125.8,181.51
AAV8-RK-PDE6B-3UTR,6,5,1.9,126.0,181.82
AAV8-RK-PDE6B-3UTR,6,5,1.9,126.2,181.23
AAV8-RK-PDE6B-3UTR,6,5,1.9,126.4,179.65
AAV8-RK-PDE6B-3UTR,6,5,1.9,126.6,177.11
AAV8-RK-PDE6B-3UTR,6,5,1.9,126.8,173.75
AAV8-RK-PDE6B-3UTR,6,5,1.9,127.0,169.79
AAV8-RK-PDE6B-3UTR,6,5,1.9,127.2,165.54
AAV8-RK-PDE6B-3UTR,6,5,1.9,127.4,161.34
AAV8-RK-PDE6B-3UTR,6,5,1.9,127.6,157.52
AAV8-RK-PDE6B-3UTR,6,5,1.9,127.8,154.39
AAV8-RK-PDE6B-3UTR,6,5,1.9,128.0,152.15
AAV8-RK-PDE6B-3UTR,6,5,1.9,128.2,150.94
AAV8-RK-PDE6B-3UTR,6,5,1.9,128.4,150.76
AAV8-RK-PDE6B-3UTR,6,5,1.9,128.6,151.53
AAV8-RK-PDE6B-3UTR,6,5,1.9,128.8,153.04
AAV8-RK-PDE6B-3UTR,6,5,1.9,129.0,155.05
AAV8-RK-PDE6B-3UTR,6,5,1.9,129.2,157.26
AAV8-RK-PDE6B-3UTR,6,5,1.9,129.4,159.37
AAV8-RK-PDE6B-3UTR,6,5,1.9,129.6,161.1
AAV8-RK-PDE6B-3UTR,6,5,1.9,129.8,162.26
AAV8-RK-PDE6B-3UTR,6,5,1.9,130.0,162.71
AAV8-RK-PDE6B-3UTR,6,5,1.9,130.2,162.39
AAV8-RK-PDE6B-3UTR,6,5,1.9,130.4,161.36
AAV8-RK-PDE6B-3UTR,6,5,1.9,130.6,159.7
AAV8-RK-PDE6B-3UTR,6,5,1.9,130.8,157.59
AAV8-RK-PDE6B-3UTR,6,5,1.9,131.0,155.19
AAV8-RK-PDE6B-3UTR,6,5,1.9,131.2,152.65
AAV8-RK-PDE6B-3UTR,6,5,1.9,131.4,150.11
AAV8-RK-PDE6B-3UTR,6,5,1.9,131.6,147.64
AAV8-RK-PDE6B-3UTR,6,5,1.9,131.8,145.24
AAV8-RK-PDE6B-3UTR,6,5,1.9,132.0,142.82
AAV8-RK-PDE6B-3UTR,6,5,1.9,132.2,140.28
AAV8-RK-PDE6B-3UTR,6,5,1.9,132.4,137.42
AAV8-RK-PDE6B-3UTR,6,5,1.9,132.6,134.08
AAV8-RK-PDE6B-3UTR,6,5,1.9,132.8,130.07
AAV8-RK-PDE6B-3UTR,6,5,1.9,133.0,125.29
AAV8-RK-PDE6B-3UTR,6,5,1.9,133.2,119.68
AAV8-RK-PDE6B-3UTR,6,5,1.9,133.4,113.28
AAV8-RK-PDE6B-3UTR,6,5,1.9,133.6,106.23
AAV8-RK-PDE6B-3UTR,6,5,1.9,133.8,98.79
AAV8-RK-PDE6B-3UTR,6,5,1.9,134.0,91.28
AAV8-RK-PDE6B-3UTR,6,5,1.9,134.2,84.08
AAV8-RK-PDE6B-3UTR,6,5,1.9,134.4,77.62
AAV8-RK-PDE6B-3UTR,6,5,1.9,134.6,72.3
AAV8-RK-PDE6B-3UTR,6,5,1.9,134.8,68.47
AAV8-RK-PDE6B-3UTR,6,5,1.9,135.0,66.42
AAV8-RK-PDE6B-3UTR,6,5,1.9,135.2,66.32
AAV8-RK-PDE6B-3UTR,6,5,1.9,135.4,68.2
AAV8-RK-PDE6B-3UTR,6,5,1.9,135.6,71.98
AAV8-RK-PDE6B-3UTR,6,5,1.9,135.8,77.43
AAV8-RK-PDE6B-3UTR,6,5,1.9,136.0,84.23
AAV8-RK-PDE6B-3UTR,6,5,1.9,136.2,91.98
AAV8-RK-PDE6B-3UTR,6,5,1.9,136.4,100.22
AAV8-RK-PDE6B-3UTR,6,5,1.9,136.6,108.5
AAV8-RK-PDE6B-3UTR,6,5,1.9,136.8,116.39
AAV8-RK-PDE6B-3UTR,6,5,1.9,137.0,123.54
AAV8-RK-PDE6B-3UTR,6,5,1.9,137.2,129.7
AAV8-RK-PDE6B-3UTR,6,5,1.9,137.4,134.73
AAV8-RK-PDE6B-3UTR,6,5,1.9,137.6,138.6
AAV8-RK-PDE6B-3UTR,6,5,1.9,137.8,141.42
AAV8-RK-PDE6B-3UTR,6,5,1.9,138.0,143.39
AAV8-RK-PDE6B-3UTR,6,5,1.9,138.2,144.8
AAV8-RK-PDE6B-3UTR,6,5,1.9,138.4,145.96
AAV8-RK-PDE6B-3UTR,6,5,1.9,138.6,147.22
AAV8-RK-PDE6B-3UTR,6,5,1.9,138.8,148.87
AAV8-RK-PDE6B-3UTR,6,5,1.9,139.0,151.17
AAV8-RK-PDE6B-3UTR,6,5,1.9,139.2,154.27
AAV8-RK-PDE6B-3UTR,6,5,1.9,139.4,158.24
AAV8-RK-PDE6B-3UTR,6,5,1.9,139.6,163.01
AAV8-RK-PDE6B-3UTR,6,5,1.9,139.8,168.42
AAV8-RK-PDE6B-3UTR,6,5,1.9,140.0,174.21
AAV8-RK-PDE6B-3UTR,6,5,1.9,140.2,180.05
AAV8-RK-PDE6B-3UTR,6,5,1.9,140.4,185.56
AAV8-RK-PDE6B-3UTR,6,5,1.9,140.6,190.36
AAV8-RK-PDE6B-3UTR,6,5,1.9,140.8,194.09
AAV8-RK-PDE6B-3UTR,6,5,1.9,141.0,196.43
AAV8-RK-PDE6B-3UTR,6,5,1.9,141.2,197.18
AAV8-RK-PDE6B-3UTR,6,5,1.9,141.4,196.21
AAV8-RK-PDE6B-3UTR,6,5,1.9,141.6,193.49
AAV8-RK-PDE6B-3UTR,6,5,1.9,141.8,189.14
AAV8-RK-PDE6B-3UTR,6,5,1.9,142.0,183.32
AAV8-RK-PDE6B-3UTR,6,5,1.9,142.2,176.31
AAV8-RK-PDE6B-3UTR,6,5,1.9,142.4,168.42
AAV8-RK-PDE6B-3UTR,6,5,1.9,142.6,159.96
AAV8-RK-PDE6B-3UTR,6,5,1.9,142.8,151.26
AAV8-RK-PDE6B-3UTR,6,5,1.9,143.0,142.59
AAV8-RK-PDE6B-3UTR,6,5,1.9,143.2,134.15
AAV8-RK-PDE6B-3UTR,6,5,1.9,143.4,126.09
AAV8-RK-PDE6B-3UTR,6,5,1.9,143.6,118.45
AAV8-RK-PDE6B-3UTR,6,5,1.9,143.8,111.21
AAV8-RK-PDE6B-3UTR,6,5,1.9,144.0,104.31
AAV8-RK-PDE6B-3UTR,6,5,1.9,144.2,97.63
AAV8-RK-PDE6B-3UTR,6,5,1.9,144.4,91.05
AAV8-RK-PDE6B-3UTR,6,5,1.9,144.6,84.46
AAV8-RK-PDE6B-3UTR,6,5,1.9,144.8,77.83
AAV8-RK-PDE6B-3UTR,6,5,1.9,145.0,71.16
AAV8-RK-PDE6B-3UTR,6,5,1.9,145.2,64.54
AAV8-RK-PDE6B-3UTR,6,5,1.9,145.4,58.14
AAV8-RK-PDE6B-3UTR,6,5,1.9,145.6,52.21
AAV8-RK-PDE6B-3UTR,6,5,1.9,145.8,47.01
AAV8-RK-PDE6B-3UTR,6,5,1.9,146.0,42.86
AAV8-RK-PDE6B-3UTR,6,5,1.9,146.2,40.04
AAV8-RK-PDE6B-3UTR,6,5,1.9,146.4,38.78
AAV8-RK-PDE6B-3UTR,6,5,1.9,146.6,39.23
AAV8-RK-PDE6B-3UTR,6,5,1.9,146.8,41.42
AAV8-RK-PDE6B-3UTR,6,5,1.9,147.0,45.25
AAV8-RK-PDE6B-3UTR,6,5,1.9,147.2,50.49
AAV8-RK-PDE6B-3UTR,6,5,1.9,147.4,56.8
AAV8-RK-PDE6B-3UTR,6,5,1.9,147.6,63.71
AAV8-RK-PDE6B-3UTR,6,5,1.9,147.8,70.74
AAV8-RK-PDE6B-3UTR,6,5,1.9,148.0,77.34
AAV8-RK-PDE6B-3UTR,6,5,1.9,148.2,83.03
AAV8-RK-PDE6B-3UTR,6,5,1.9,148.4,87.37
AAV8-RK-PDE6B-3UTR,6,5,1.9,148.6,90.06
AAV8-RK-PDE6B-3UTR,6,5,1.9,148.8,90.94
AAV8-RK-PDE6B-3UTR,6,5,1.9,149.0,89.98
AAV8-RK-PDE6B-3UTR,6,5,1.9,149.2,87.34
AAV8-RK-PDE6B-3UTR,6,5,1.9,149.4,83.28
AAV8-RK-PDE6B-3UTR,6,5,1.9,149.6,78.2
AAV8-RK-PDE6B-3UTR,6,5,1.9,149.8,72.54
AAV8-RK-PDE6B-3UTR,6,5,1.9,150.0,66.75
AAV8-RK-PDE6B-3UTR,6,5,1.9,150.2,61.26
AAV8-RK-PDE6B-3UTR,6,5,1.9,150.4,56.42
AAV8-RK-PDE6B-3UTR,6,5,1.9,150.6,52.46
AAV8-RK-PDE6B-3UTR,6,5,1.9,150.8,49.48
AAV8-RK-PDE6B-3UTR,6,5,1.9,151.0,47.46
AAV8-RK-PDE6B-3UTR,6,5,1.9,151.2,46.24
AAV8-RK-PDE6B-3UTR,6,5,1.9,151.4,45.54
AAV8-RK-PDE6B-3UTR,6,5,1.9,151.6,45.07
AAV8-RK-PDE6B-3UTR,6,5,1.9,151.8,44.46
AAV8-RK-PDE6B-3UTR,6,5,1.9,152.0,43.42
AAV8-RK-PDE6B-3UTR,6,5,1.9,152.2,41.68
AAV8-RK-PDE6B-3UTR,6,5,1.9,152.4,39.11
AAV8-RK-PDE6B-3UTR,6,5,1.9,152.6,35.68
AAV8-RK-PDE6B-3UTR,6,5,1.9,152.8,31.46
AAV8-RK-PDE6B-3UTR,6,5,1.9,153.0,26.67
AAV8-RK-PDE6B-3UTR,6,5,1.9,153.2,21.6
AAV8-RK-PDE6B-3UTR,6,5,1.9,153.4,16.58
AAV8-RK-PDE6B-3UTR,6,5,1.9,153.6,11.99
AAV8-RK-PDE6B-3UTR,6,5,1.9,153.8,8.13
AAV8-RK-PDE6B-3UTR,6,5,1.9,154.0,5.28
AAV8-RK-PDE6B-3UTR,6,5,1.9,154.2,3.6
AAV8-RK-PDE6B-3UTR,6,5,1.9,154.4,3.13
AAV8-RK-PDE6B-3UTR,6,5,1.9,154.6,3.82
AAV8-RK-PDE6B-3UTR,6,5,1.9,154.8,5.49
AAV8-RK-PDE6B-3UTR,6,5,1.9,155.0,7.92
AAV8-RK-PDE6B-3UTR,6,5,1.9,155.2,10.8
AAV8-RK-PDE6B-3UTR,6,5,1.9,155.4,13.85
AAV8-RK-PDE6B-3UTR,6,5,1.9,155.6,16.79
AAV8-RK-PDE6B-3UTR,6,5,1.9,155.8,19.42
AAV8-RK-PDE6B-3UTR,6,5,1.9,156.0,21.63
AAV8-RK-PDE6B-3UTR,6,5,1.9,156.2,23.4
AAV8-RK-PDE6B-3UTR,6,5,1.9,156.4,24.8
AAV8-RK-PDE6B-3UTR,6,5,1.9,156.6,25.99
AAV8-RK-PDE6B-3UTR,6,5,1.9,156.8,27.17
AAV8-RK-PDE6B-3UTR,6,5,1.9,157.0,28.58
AAV8-RK-PDE6B-3UTR,6,5,1.9,157.2,30.42
AAV8-RK-PDE6B-3UTR,6,5,1.9,157.4,32.85
AAV8-RK-PDE6B-3UTR,6,5,1.9,157.6,35.94
AAV8-RK-PDE6B-3UTR,6,5,1.9,157.8,39.67
AAV8-RK-PDE6B-3UTR,6,5,1.9,158.0,43.91
AAV8-RK-PDE6B-3UTR,6,5,1.9,158.2,48.44
AAV8-RK-PDE6B-3UTR,6,5,1.9,158.4,52.97
AAV8-RK-PDE6B-3UTR,6,5,1.9,158.6,57.15
AAV8-RK-PDE6B-3UTR,6,5,1.9,158.8,60.64
AAV8-RK-PDE6B-3UTR,6,5,1.9,159.0,63.14
AAV8-RK-PDE6B-3UTR,6,5,1.9,159.2,64.42
AAV8-RK-PDE6B-3UTR,6,5,1.9,159.4,64.34
AAV8-RK-PDE6B-3UTR,6,5,1.9,159.6,62.91
AAV8-RK-PDE6B-3UTR,6,5,1.9,159.8,60.23
AAV8-RK-PDE6B-3UTR,6,5,1.9,160.0,56.53
AAV8-RK-PDE6B-3UTR,6,5,1.9,160.2,52.15
AAV8-RK-PDE6B-3UTR,6,5,1.9,160.4,47.47
AAV8-RK-PDE6B-3UTR,6,5,1.9,160.6,42.89
AAV8-RK-PDE6B-3UTR,6,5,1.9,160.8,38.79
AAV8-RK-PDE6B-3UTR,6,5,1.9,161.0,35.5
AAV8-RK-PDE6B-3UTR,6,5,1.9,161.2,33.24
AAV8-RK-PDE6B-3UTR,6,5,1.9,161.4,32.12
AAV8-RK-PDE6B-3UTR,6,5,1.9,161.6,32.14
AAV8-RK-PDE6B-3UTR,6,5,1.9,161.8,33.18
AAV8-RK-PDE6B-3UTR,6,5,1.9,162.0,35.01
AAV8-RK-PDE6B-3UTR,6,5,1.9,162.2,37.33
AAV8-RK-PDE6B-3UTR,6,5,1.9,162.4,39.82
AAV8-RK-PDE6B-3UTR,6,5,1.9,162.6,42.13
AAV8-RK-PDE6B-3UTR,6,5,1.9,162.8,43.98
AAV8-RK-PDE6B-3UTR,6,5,1.9,163.0,45.12
AAV8-RK-PDE6B-3UTR,6,5,1.9,163.2,45.41
AAV8-RK-PDE6B-3UTR,6,5,1.9,163.4,44.79
AAV8-RK-PDE6B-3UTR,6,5,1.9,163.6,43.31
AAV8-RK-PDE6B-3UTR,6,5,1.9,163.8,41.08
AAV8-RK-PDE6B-3UTR,6,5,1.9,164.0,38.3
AAV8-RK-PDE6B-3UTR,6,5,1.9,164.2,35.18
AAV8-RK-PDE6B-3UTR,6,5,1.9,164.4,31.97
AAV8-RK-PDE6B-3UTR,6,5,1.9,164.6,28.87
AAV8-RK-PDE6B-3UTR,6,5,1.9,164.8,26.05
AAV8-RK-PDE6B-3UTR,6,5,1.9,165.0,23.63
AAV8-RK-PDE6B-3UTR,6,5,1.9,165.2,21.65
AAV8-RK-PDE6B-3UTR,6,5,1.9,165.4,20.08
AAV8-RK-PDE6B-3UTR,6,5,1.9,165.6,18.85
AAV8-RK-PDE6B-3UTR,6,5,1.9,165.8,17.81
AAV8-RK-PDE6B-3UTR,6,5,1.9,166.0,16.8
AAV8-RK-PDE6B-3UTR,6,5,1.9,166.2,15.66
AAV8-RK-PDE6B-3UTR,6,5,1.9,166.4,14.23
AAV8-RK-PDE6B-3UTR,6,5,1.9,166.6,12.39
AAV8-RK-PDE6B-3UTR,6,5,1.9,166.8,10.06
AAV8-RK-PDE6B-3UTR,6,5,1.9,167.0,7.21
AAV8-RK-PDE6B-3UTR,6,5,1.9,167.2,3.87
AAV8-RK-PDE6B-3UTR,6,5,1.9,167.4,0.13
AAV8-RK-PDE6B-3UTR,6,5,1.9,167.6,-3.88
AAV8-RK-PDE6B-3UTR,6,5,1.9,167.8,-8.02
AAV8-RK-PDE6B-3UTR,6,5,1.9,168.0,-12.1
AAV8-RK-PDE6B-3UTR,6,5,1.9,168.2,-15.95
AAV8-RK-PDE6B-3UTR,6,5,1.9,168.4,-19.41
AAV8-RK-PDE6B-3UTR,6,5,1.9,168.6,-22.33
AAV8-RK-PDE6B-3UTR,6,5,1.9,168.8,-24.61
AAV8-RK-PDE6B-3UTR,6,5,1.9,169.0,-26.19
AAV8-RK-PDE6B-3UTR,6,5,1.9,169.2,-27.04
AAV8-RK-PDE6B-3UTR,6,5,1.9,169.4,-27.2
AAV8-RK-PDE6B-3UTR,6,5,1.9,169.6,-26.73
AAV8-RK-PDE6B-3UTR,6,5,1.9,169.8,-25.73
AAV8-RK-PDE6B-3UTR,6,5,1.9,170.0,-24.33
AAV8-RK-PDE6B-3UTR,6,5,1.9,170.2,-22.7
AAV8-RK-PDE6B-3UTR,6,5,1.9,170.4,-20.98
AAV8-RK-PDE6B-3UTR,6,5,1.9,170.6,-19.34
AAV8-RK-PDE6B-3UTR,6,5,1.9,170.8,-17.92
AAV8-RK-PDE6B-3UTR,6,5,1.9,171.0,-16.85
AAV8-RK-PDE6B-3UTR,6,5,1.9,171.2,-16.21
AAV8-RK-PDE6B-3UTR,6,5,1.9,171.4,-16.06
AAV8-RK-PDE6B-3UTR,6,5,1.9,171.6,-16.38
AAV8-RK-PDE6B-3UTR,6,5,1.9,171.8,-17.13
AAV8-RK-PDE6B-3UTR,6,5,1.9,172.0,-18.22
AAV8-RK-PDE6B-3UTR,6,5,1.9,172.2,-19.5
AAV8-RK-PDE6B-3UTR,6,5,1.9,172.4,-20.82
AAV8-RK-PDE6B-3UTR,6,5,1.9,172.6,-21.99
AAV8-RK-PDE6B-3UTR,6,5,1.9,172.8,-22.84
AAV8-RK-PDE6B-3UTR,6,5,1.9,173.0,-23.2
AAV8-RK-PDE6B-3UTR,6,5,1.9,173.2,-22.97
AAV8-RK-PDE6B-3UTR,6,5,1.9,173.4,-22.07
AAV8-RK-PDE6B-3UTR,6,5,1.9,173.6,-20.51
AAV8-RK-PDE6B-3UTR,6,5,1.9,173.8,-18.37
AAV8-RK-PDE6B-3UTR,6,5,1.9,174.0,-15.77
AAV8-RK-PDE6B-3UTR,6,5,1.9,174.2,-12.94
AAV8-RK-PDE6B-3UTR,6,5,1.9,174.4,-10.12
AAV8-RK-PDE6B-3UTR,6,5,1.9,174.6,-7.58
AAV8-RK-PDE6B-3UTR,6,5,1.9,174.8,-5.6
AAV8-RK-PDE6B-3UTR,6,5,1.9,175.0,-4.44
AAV8-RK-PDE6B-3UTR,6,5,1.9,175.2,-4.29
AAV8-RK-PDE6B-3UTR,6,5,1.9,175.4,-5.3
AAV8-RK-PDE6B-3UTR,6,5,1.9,175.6,-7.52
AAV8-RK-PDE6B-3UTR,6,5,1.9,175.8,-10.92
AAV8-RK-PDE6B-3UTR,6,5,1.9,176.0,-15.38
AAV8-RK-PDE6B-3UTR,6,5,1.9,176.2,-20.72
AAV8-RK-PDE6B-3UTR,6,5,1.9,176.4,-26.68
AAV8-RK-PDE6B-3UTR,6,5,1.9,176.6,-33.0
AAV8-RK-PDE6B-3UTR,6,5,1.9,176.8,-39.4
AAV8-RK-PDE6B-3UTR,6,5,1.9,177.0,-45.61
AAV8-RK-PDE6B-3UTR,6,5,1.9,177.2,-51.41
AAV8-RK-PDE6B-3UTR,6,5,1.9,177.4,-56.63
AAV8-RK-PDE6B-3UTR,6,5,1.9,177.6,-61.16
AAV8-RK-PDE6B-3UTR,6,5,1.9,177.8,-64.94
AAV8-RK-PDE6B-3UTR,6,5,1.9,178.0,-67.97
AAV8-RK-PDE6B-3UTR,6,5,1.9,178.2,-70.27
AAV8-RK-PDE6B-3UTR,6,5,1.9,178.4,-71.89
AAV8-RK-PDE6B-3UTR,6,5,1.9,178.6,-72.85
AAV8-RK-PDE6B-3UTR,6,5,1.9,178.8,-73.19
AAV8-RK-PDE6B-3UTR,6,5,1.9,179.0,-72.88
AAV8-RK-PDE6B-3UTR,6,5,1.9,179.2,-71.89
AAV8-RK-PDE6B-3UTR,6,5,1.9,179.4,-70.15
AAV8-RK-PDE6B-3UTR,6,5,1.9,179.6,-67.58
AAV8-RK-PDE6B-3UTR,6,5,1.9,179.8,-64.12
AAV8-RK-PDE6B-3UTR,6,5,1.9,180.0,-59.74
AAV8-RK-PDE6B-3UTR,6,5,1.9,180.2,-54.46
AAV8-RK-PDE6B-3UTR,6,5,1.9,180.4,-48.38
AAV8-RK-PDE6B-3UTR,6,5,1.9,180.6,-41.7
AAV8-RK-PDE6B-3UTR,6,5,1.9,180.8,-34.69
AAV8-RK-PDE6B-3UTR,6,5,1.9,181.0,-27.71
AAV8-RK-PDE6B-3UTR,6,5,1.9,181.2,-21.16
AAV8-RK-PDE6B-3UTR,6,5,1.9,181.4,-15.48
AAV8-RK-PDE6B-3UTR,6,5,1.9,181.6,-11.07
AAV8-RK-PDE6B-3UTR,6,5,1.9,181.8,-8.27
AAV8-RK-PDE6B-3UTR,6,5,1.9,182.0,-7.32
AAV8-RK-PDE6B-3UTR,6,5,1.9,182.2,-8.31
AAV8-RK-PDE6B-3UTR,6,5,1.9,182.4,-11.16
AAV8-RK-PDE6B-3UTR,6,5,1.9,182.6,-15.63
AAV8-RK-PDE6B-3UTR,6,5,1.9,182.8,-21.33
AAV8-RK-PDE6B-3UTR,6,5,1.9,183.0,-27.73
AAV8-RK-PDE6B-3UTR,6,5,1.9,183.2,-34.21
AAV8-RK-PDE6B-3UTR,6,5,1.9,183.4,-40.14
AAV8-RK-PDE6B-3UTR,6,5,1.9,183.6,-44.92
AAV8-RK-PDE6B-3UTR,6,5,1.9,183.8,-48.04
AAV8-RK-PDE6B-3UTR,6,5,1.9,184.0,-49.17
AAV8-RK-PDE6B-3UTR,6,5,1.9,184.2,-48.12
AAV8-RK-PDE6B-3UTR,6,5,1.9,184.4,-44.96
AAV8-RK-PDE6B-3UTR,6,5,1.9,184.6,-39.93
AAV8-RK-PDE6B-3UTR,6,5,1.9,184.8,-33.49
AAV8-RK-PDE6B-3UTR,6,5,1.9,185.0,-26.23
AAV8-RK-PDE6B-3UTR,6,5,1.9,185.2,-18.81
AAV8-RK-PDE6B-3UTR,6,5,1.9,185.4,-11.94
AAV8-RK-PDE6B-3UTR,6,5,1.9,185.6,-6.25
AAV8-RK-PDE6B-3UTR,6,5,1.9,185.8,-2.28
AAV8-RK-PDE6B-3UTR,6,5,1.9,186.0,-0.37
AAV8-RK-PDE6B-3UTR,6,5,1.9,186.2,-0.67
AAV8-RK-PDE6B-3UTR,6,5,1.9,186.4,-3.12
AAV8-RK-PDE6B-3UTR,6,5,1.9,186.6,-7.45
AAV8-RK-PDE6B-3UTR,6,5,1.9,186.8,-13.21
AAV8-RK-PDE6B-3UTR,6,5,1.9,187.0,-19.84
AAV8-RK-PDE6B-3UTR,6,5,1.9,187.2,-26.7
AAV8-RK-PDE6B-3UTR,6,5,1.9,187.4,-33.15
AAV8-RK-PDE6B-3UTR,6,5,1.9,187.6,-38.65
AAV8-RK-PDE6B-3UTR,6,5,1.9,187.8,-42.76
AAV8-RK-PDE6B-3UTR,6,5,1.9,188.0,-45.2
AAV8-RK-PDE6B-3UTR,6,5,1.9,188.2,-45.88
AAV8-RK-PDE6B-3UTR,6,5,1.9,188.4,-44.91
AAV8-RK-PDE6B-3UTR,6,5,1.9,188.6,-42.54
AAV8-RK-PDE6B-3UTR,6,5,1.9,188.8,-39.14
AAV8-RK-PDE6B-3UTR,6,5,1.9,189.0,-35.19
AAV8-RK-PDE6B-3UTR,6,5,1.9,189.2,-31.14
AAV8-RK-PDE6B-3UTR,6,5,1.9,189.4,-27.45
AAV8-RK-PDE6B-3UTR,6,5,1.9,189.6,-24.46
AAV8-RK-PDE6B-3UTR,6,5,1.9,189.8,-22.42
AAV8-RK-PDE6B-3UTR,6,5,1.9,190.0,-21.43
AAV8-RK-PDE6B-3UTR,6,5,1.9,190.2,-21.45
AAV8-RK-PDE6B-3UTR,6,5,1.9,190.4,-22.33
AAV8-RK-PDE6B-3UTR,6,5,1.9,190.6,-23.82
AAV8-RK-PDE6B-3UTR,6,5,1.9,190.8,-25.62
AAV8-RK-PDE6B-3UTR,6,5,1.9,191.0,-27.42
AAV8-RK-PDE6B-3UTR,6,5,1.9,191.2,-28.96
AAV8-RK-PDE6B-3UTR,6,5,1.9,191.4,-30.02
AAV8-RK-PDE6B-3UTR,6,5,1.9,191.6,-30.5
AAV8-RK-PDE6B-3UTR,6,5,1.9,191.8,-30.39
AAV8-RK-PDE6B-3UTR,6,5,1.9,192.0,-29.79
AAV8-RK-PDE6B-3UTR,6,5,1.9,192.2,-28.88
AAV8-RK-PDE6B-3UTR,6,5,1.9,192.4,-27.88
AAV8-RK-PDE6B-3UTR,6,5,1.9,192.6,-27.04
AAV8-RK-PDE6B-3UTR,6,5,1.9,192.8,-26.59
AAV8-RK-PDE6B-3UTR,6,5,1.9,193.0,-26.69
AAV8-RK-PDE6B-3UTR,6,5,1.9,193.2,-27.44
AAV8-RK-PDE6B-3UTR,6,5,1.9,193.4,-28.82
AAV8-RK-PDE6B-3UTR,6,5,1.9,193.6,-30.75
AAV8-RK-PDE6B-3UTR,6,5,1.9,193.8,-33.03
AAV8-RK-PDE6B-3UTR,6,5,1.9,194.0,-35.41
AAV8-RK-PDE6B-3UTR,6,5,1.9,194.2,-37.61
AAV8-RK-PDE6B-3UTR,6,5,1.9,194.4,-39.37
AAV8-RK-PDE6B-3UTR,6,5,1.9,194.6,-40.46
AAV8-RK-PDE6B-3UTR,6,5,1.9,194.8,-40.72
AAV8-RK-PDE6B-3UTR,6,5,1.9,195.0,-40.11
AAV8-RK-PDE6B-3UTR,6,5,1.9,195.2,-38.7
AAV8-RK-PDE6B-3UTR,6,5,1.9,195.4,-36.64
AAV8-RK-PDE6B-3UTR,6,5,1.9,195.6,-34.2
AAV8-RK-PDE6B-3UTR,6,5,1.9,195.8,-31.7
AAV8-RK-PDE6B-3UTR,6,5,1.9,196.0,-29.51
AAV8-RK-PDE6B-3UTR,6,5,1.9,196.2,-27.97
AAV8-RK-PDE6B-3UTR,6,5,1.9,196.4,-27.39
AAV8-RK-PDE6B-3UTR,6,5,1.9,196.6,-27.98
AAV8-RK-PDE6B-3UTR,6,5,1.9,196.8,-29.86
AAV8-RK-PDE6B-3UTR,6,5,1.9,197.0,-33.02
AAV8-RK-PDE6B-3UTR,6,5,1.9,197.2,-37.33
AAV8-RK-PDE6B-3UTR,6,5,1.9,197.4,-42.55
AAV8-RK-PDE6B-3UTR,6,5,1.9,197.6,-48.35
AAV8-RK-PDE6B-3UTR,6,5,1.9,197.8,-54.34
AAV8-RK-PDE6B-3UTR,6,5,1.9,198.0,-60.12
AAV8-RK-PDE6B-3UTR,6,5,1.9,198.2,-65.29
AAV8-RK-PDE6B-3UTR,6,5,1.9,198.4,-69.51
AAV8-RK-PDE6B-3UTR,6,5,1.9,198.6,-72.53
AAV8-RK-PDE6B-3UTR,6,5,1.9,198.8,-74.19
AAV8-RK-PDE6B-3UTR,6,5,1.9,199.0,-74.45
AAV8-RK-PDE6B-3UTR,6,5,1.9,199.2,-73.35
AAV8-RK-PDE6B-3UTR,6,5,1.9,199.4,-71.08
AAV8-RK-PDE6B-3UTR,6,5,1.9,199.6,-67.87
AAV8-RK-PDE6B-3UTR,6,5,1.9,199.8,-64.01
AAV8-RK-PDE6B-3UTR,6,5,1.9,200.0,-59.82
AAV8-RK-PDE6B-3UTR,6,5,1.9,200.2,-55.63
AAV8-RK-PDE6B-3UTR,6,5,1.9,200.4,-51.7
AAV8-RK-PDE6B-3UTR,6,5,1.9,200.6,-48.29
AAV8-RK-PDE6B-3UTR,6,5,1.9,200.8,-45.54
AAV8-RK-PDE6B-3UTR,6,5,1.9,201.0,-43.54
AAV8-RK-PDE6B-3UTR,6,5,1.9,201.2,-42.31
AAV8-RK-PDE6B-3UTR,6,5,1.9,201.4,-41.77
AAV8-RK-PDE6B-3UTR,6,5,1.9,201.6,-41.79
AAV8-RK-PDE6B-3UTR,6,5,1.9,201.8,-42.21
AAV8-RK-PDE6B-3UTR,6,5,1.9,202.0,-42.82
AAV8-RK-PDE6B-3UTR,6,5,1.9,202.2,-43.41
AAV8-RK-PDE6B-3UTR,6,5,1.9,202.4,-43.77
AAV8-RK-PDE6B-3UTR,6,5,1.9,202.6,-43.72
AAV8-RK-PDE6B-3UTR,6,5,1.9,202.8,-43.13
AAV8-RK-PDE6B-3UTR,6,5,1.9,203.0,-41.89
AAV8-RK-PDE6B-3UTR,6,5,1.9,203.2,-39.99
AAV8-RK-PDE6B-3UTR,6,5,1.9,203.4,-37.45
AAV8-RK-PDE6B-3UTR,6,5,1.9,203.6,-34.34
AAV8-RK-PDE6B-3UTR,6,5,1.9,203.8,-30.81
AAV8-RK-PDE6B-3UTR,6,5,1.9,204.0,-27.05
AAV8-RK-PDE6B-3UTR,6,5,1.9,204.2,-23.25
AAV8-RK-PDE6B-3UTR,6,5,1.9,204.4,-19.65
AAV8-RK-PDE6B-3UTR,6,5,1.9,204.6,-16.48
AAV8-RK-PDE6B-3UTR,6,5,1.9,204.8,-13.96
AAV8-RK-PDE6B-3UTR,6,5,1.9,205.0,-12.24
AAV8-RK-PDE6B-3UTR,6,5,1.9,205.2,-11.47
AAV8-RK-PDE6B-3UTR,6,5,1.9,205.4,-11.71
AAV8-RK-PDE6B-3UTR,6,5,1.9,205.6,-12.95
AAV8-RK-PDE6B-3UTR,6,5,1.9,205.8,-15.1
AAV8-RK-PDE6B-3UTR,6,5,1.9,206.0,-18.03
AAV8-RK-PDE6B-3UTR,6,5,1.9,206.2,-21.53
AAV8-RK-PDE6B-3UTR,6,5,1.9,206.4,-25.32
AAV8-RK-PDE6B-3UTR,6,5,1.9,206.6,-29.14
AAV8-RK-PDE6B-3UTR,6,5,1.9,206.8,-32.69
AAV8-RK-PDE6B-3UTR,6,5,1.9,207.0,-35.72
AAV8-RK-PDE6B-3UTR,6,5,1.9,207.2,-37.98
AAV8-RK-PDE6B-3UTR,6,5,1.9,207.4,-39.34
AAV8-RK-PDE6B-3UTR,6,5,1.9,207.6,-39.71
AAV8-RK-PDE6B-3UTR,6,5,1.9,207.8,-39.11
AAV8-RK-PDE6B-3UTR,6,5,1.9,208.0,-37.61
AAV8-RK-PDE6B-3UTR,6,5,1.9,208.2,-35.41
AAV8-RK-PDE6B-3UTR,6,5,1.9,208.4,-32.73
AAV8-RK-PDE6B-3UTR,6,5,1.9,208.6,-29.85
AAV8-RK-PDE6B-3UTR,6,5,1.9,208.8,-27.04
AAV8-RK-PDE6B-3UTR,6,5,1.9,209.0,-24.59
AAV8-RK-PDE6B-3UTR,6,5,1.9,209.2,-22.71
AAV8-RK-PDE6B-3UTR,6,5,1.9,209.4,-21.55
AAV8-RK-PDE6B-3UTR,6,5,1.9,209.6,-21.19
AAV8-RK-PDE6B-3UTR,6,5,1.9,209.8,-21.62
AAV8-RK-PDE6B-3UTR,6,5,1.9,210.0,-22.72
AAV8-RK-PDE6B-3UTR,6,5,1.9,210.2,-24.32
AAV8-RK-PDE6B-3UTR,6,5,1.9,210.4,-26.2
AAV8-RK-PDE6B-3UTR,6,5,1.9,210.6,-28.08
AAV8-RK-PDE6B-3UTR,6,5,1.9,210.8,-29.71
AAV8-RK-PDE6B-3UTR,6,5,1.9,211.0,-30.86
AAV8-RK-PDE6B-3UTR,6,5,1.9,211.2,-31.36
AAV8-RK-PDE6B-3UTR,6,5,1.9,211.4,-31.12
AAV8-RK-PDE6B-3UTR,6,5,1.9,211.6,-30.13
AAV8-RK-PDE6B-3UTR,6,5,1.9,211.8,-28.49
AAV8-RK-PDE6B-3UTR,6,5,1.9,212.0,-26.36
AAV8-RK-PDE6B-3UTR,6,5,1.9,212.2,-23.97
AAV8-RK-PDE6B-3UTR,6,5,1.9,212.4,-21.59
AAV8-RK-PDE6B-3UTR,6,5,1.9,212.6,-19.5
AAV8-RK-PDE6B-3UTR,6,5,1.9,212.8,-17.94
AAV8-RK-PDE6B-3UTR,6,5,1.9,213.0,-17.11
AAV8-RK-PDE6B-3UTR,6,5,1.9,213.2,-17.13
AAV8-RK-PDE6B-3UTR,6,5,1.9,213.4,-18.02
AAV8-RK-PDE6B-3UTR,6,5,1.9,213.6,-19.69
AAV8-RK-PDE6B-3UTR,6,5,1.9,213.8,-21.96
AAV8-RK-PDE6B-3UTR,6,5,1.9,214.0,-24.56
AAV8-RK-PDE6B-3UTR,6,5,1.9,214.2,-27.18
AAV8-RK-PDE6B-3UTR,6,5,1.9,214.4,-29.46
AAV8-RK-PDE6B-3UTR,6,5,1.9,214.6,-31.06
AAV8-RK-PDE6B-3UTR,6,5,1.9,214.8,-31.66
AAV8-RK-PDE6B-3UTR,6,5,1.9,215.0,-31.03
AAV8-RK-PDE6B-3UTR,6,5,1.9,215.2,-29.03
AAV8-RK-PDE6B-3UTR,6,5,1.9,215.4,-25.62
AAV8-RK-PDE6B-3UTR,6,5,1.9,215.6,-20.88
AAV8-RK-PDE6B-3UTR,6,5,1.9,215.8,-14.98
AAV8-RK-PDE6B-3UTR,6,5,1.9,216.0,-8.19
AAV8-RK-PDE6B-3UTR,6,5,1.9,216.2,-0.85
AAV8-RK-PDE6B-3UTR,6,5,1.9,216.4,6.67
AAV8-RK-PDE6B-3UTR,6,5,1.9,216.6,14.02
AAV8-RK-PDE6B-3UTR,6,5,1.9,216.8,20.85
AAV8-RK-PDE6B-3UTR,6,5,1.9,217.0,26.88
AAV8-RK-PDE6B-3UTR,6,5,1.9,217.2,31.93
AAV8-RK-PDE6B-3UTR,6,5,1.9,217.4,35.87
AAV8-RK-PDE6B-3UTR,6,5,1.9,217.6,38.71
AAV8-RK-PDE6B-3UTR,6,5,1.9,217.8,40.51
AAV8-RK-PDE6B-3UTR,6,5,1.9,218.0,41.43
AAV8-RK-PDE6B-3UTR,6,5,1.9,218.2,41.67
AAV8-RK-PDE6B-3UTR,6,5,1.9,218.4,41.46
AAV8-RK-PDE6B-3UTR,6,5,1.9,218.6,41.0
AAV8-RK-PDE6B-3UTR,6,5,1.9,218.8,40.51
AAV8-RK-PDE6B-3UTR,6,5,1.9,219.0,40.12
AAV8-RK-PDE6B-3UTR,6,5,1.9,219.2,39.91
AAV8-RK-PDE6B-3UTR,6,5,1.9,219.4,39.89
AAV8-RK-PDE6B-3UTR,6,5,1.9,219.6,40.0
AAV8-RK-PDE6B-3UTR,6,5,1.9,219.8,40.1
AAV8-RK-PDE6B-3UTR,6,5,1.9,220.0,40.06
AAV8-RK-PDE6B-3UTR,6,5,1.9,220.2,39.67
AAV8-RK-PDE6B-3UTR,6,5,1.9,220.4,38.77
AAV8-RK-PDE6B-3UTR,6,5,1.9,220.6,37.22
AAV8-RK-PDE6B-3UTR,6,5,1.9,220.8,34.94
AAV8-RK-PDE6B-3UTR,6,5,1.9,221.0,31.92
AAV8-RK-PDE6B-3UTR,6,5,1.9,221.2,28.23
AAV8-RK-PDE6B-3UTR,6,5,1.9,221.4,24.02
AAV8-RK-PDE6B-3UTR,6,5,1.9,221.6,19.53
AAV8-RK-PDE6B-3UTR,6,5,1.9,221.8,15.05
AAV8-RK-PDE6B-3UTR,6,5,1.9,222.0,10.92
AAV8-RK-PDE6B-3UTR,6,5,1.9,222.2,7.48
AAV8-RK-PDE6B-3UTR,6,5,1.9,222.4,5.04
AAV8-RK-PDE6B-3UTR,6,5,1.9,222.6,3.87
AAV8-RK-PDE6B-3UTR,6,5,1.9,222.8,4.16
AAV8-RK-PDE6B-3UTR,6,5,1.9,223.0,6.02
AAV8-RK-PDE6B-3UTR,6,5,1.9,223.2,9.41
AAV8-RK-PDE6B-3UTR,6,5,1.9,223.4,14.21
AAV8-RK-PDE6B-3UTR,6,5,1.9,223.6,20.19
AAV8-RK-PDE6B-3UTR,6,5,1.9,223.8,27.03
AAV8-RK-PDE6B-3UTR,6,5,1.9,224.0,34.33
AAV8-RK-PDE6B-3UTR,6,5,1.9,224.2,41.67
AAV8-RK-PDE6B-3UTR,6,5,1.9,224.4,48.61
AAV8-RK-PDE6B-3UTR,6,5,1.9,224.6,54.76
AAV8-RK-PDE6B-3UTR,6,5,1.9,224.8,59.76
AAV8-RK-PDE6B-3UTR,6,5,1.9,225.0,63.35
AAV8-RK-PDE6B-3UTR,6,5,1.9,225.2,65.35
AAV8-RK-PDE6B-3UTR,6,5,1.9,225.4,65.71
AAV8-RK-PDE6B-3UTR,6,5,1.9,225.6,64.45
AAV8-RK-PDE6B-3UTR,6,5,1.9,225.8,61.71
AAV8-RK-PDE6B-3UTR,6,5,1.9,226.0,57.71
AAV8-RK-PDE6B-3UTR,6,5,1.9,226.2,52.71
AAV8-RK-PDE6B-3UTR,6,5,1.9,226.4,47.02
AAV8-RK-PDE6B-3UTR,6,5,1.9,226.6,40.96
AAV8-RK-PDE6B-3UTR,6,5,1.9,226.8,34.82
AAV8-RK-PDE6B-3UTR,6,5,1.9,227.0,28.86
AAV8-RK-PDE6B-3UTR,6,5,1.9,227.2,23.31
AAV8-RK-PDE6B-3UTR,6,5,1.9,227.4,18.32
AAV8-RK-PDE6B-3UTR,6,5,1.9,227.6,14.0
AAV8-RK-PDE6B-3UTR,6,5,1.9,227.8,10.4
AAV8-RK-PDE6B-3UTR,6,5,1.9,228.0,7.52
AAV8-RK-PDE6B-3UTR,6,5,1.9,228.2,5.32
AAV8-RK-PDE6B-3UTR,6,5,1.9,228.4,3.74
AAV8-RK-PDE6B-3UTR,6,5,1.9,228.6,2.71
AAV8-RK-PDE6B-3UTR,6,5,1.9,228.8,2.16
AAV8-RK-PDE6B-3UTR,6,5,1.9,229.0,2.02
AAV8-RK-PDE6B-3UTR,6,5,1.9,229.2,2.22
AAV8-RK-PDE6B-3UTR,6,5,1.9,229.4,2.73
AAV8-RK-PDE6B-3UTR,6,5,1.9,229.6,3.5
AAV8-RK-PDE6B-3UTR,6,5,1.9,229.8,4.52
AAV8-RK-PDE6B-3UTR,6,5,1.9,230.0,5.77
AAV8-RK-PDE6B-3UTR,6,5,1.9,230.2,7.25
AAV8-RK-PDE6B-3UTR,6,5,1.9,230.4,8.94
AAV8-RK-PDE6B-3UTR,6,5,1.9,230.6,10.84
AAV8-RK-PDE6B-3UTR,6,5,1.9,230.8,12.95
AAV8-RK-PDE6B-3UTR,6,5,1.9,231.0,15.27
AAV8-RK-PDE6B-3UTR,6,5,1.9,231.2,17.82
AAV8-RK-PDE6B-3UTR,6,5,1.9,231.4,20.6
AAV8-RK-PDE6B-3UTR,6,5,1.9,231.6,23.65
AAV8-RK-PDE6B-3UTR,6,5,1.9,231.8,26.99
AAV8-RK-PDE6B-3UTR,6,5,1.9,232.0,30.66
AAV8-RK-PDE6B-3UTR,6,5,1.9,232.2,34.69
AAV8-RK-PDE6B-3UTR,6,5,1.9,232.4,39.12
AAV8-RK-PDE6B-3UTR,6,5,1.9,232.6,43.94
AAV8-RK-PDE6B-3UTR,6,5,1.9,232.8,49.14
AAV8-RK-PDE6B-3UTR,6,5,1.9,233.0,54.67
AAV8-RK-PDE6B-3UTR,6,5,1.9,233.2,60.45
AAV8-RK-PDE6B-3UTR,6,5,1.9,233.4,66.37
AAV8-RK-PDE6B-3UTR,6,5,1.9,233.6,72.27
AAV8-RK-PDE6B-3UTR,6,5,1.9,233.8,78.02
AAV8-RK-PDE6B-3UTR,6,5,1.9,234.0,83.43
AAV8-RK-PDE6B-3UTR,6,5,1.9,234.2,88.35
AAV8-RK-PDE6B-3UTR,6,5,1.9,234.4,92.66
AAV8-RK-PDE6B-3UTR,6,5,1.9,234.6,96.28
AAV8-RK-PDE6B-3UTR,6,5,1.9,234.8,99.18
AAV8-RK-PDE6B-3UTR,6,5,1.9,235.0,101.38
AAV8-RK-PDE6B-3UTR,6,5,1.9,235.2,102.99
AAV8-RK-PDE6B-3UTR,6,5,1.9,235.4,104.16
AAV8-RK-PDE6B-3UTR,6,5,1.9,235.6,105.06
AAV8-RK-PDE6B-3UTR,6,5,1.9,235.8,105.9
AAV8-RK-PDE6B-3UTR,6,5,1.9,236.0,106.89
AAV8-RK-PDE6B-3UTR,6,5,1.9,236.2,108.2
AAV8-RK-PDE6B-3UTR,6,5,1.9,236.4,109.94
AAV8-RK-PDE6B-3UTR,6,5,1.9,236.6,112.16
AAV8-RK-PDE6B-3UTR,6,5,1.9,236.8,114.84
AAV8-RK-PDE6B-3UTR,6,5,1.9,237.0,117.84
AAV8-RK-PDE6B-3UTR,6,5,1.9,237.2,120.99
AAV8-RK-PDE6B-3UTR,6,5,1.9,237.4,124.02
AAV8-RK-PDE6B-3UTR,6,5,1.9,237.6,126.66
AAV8-RK-PDE6B-3UTR,6,5,1.9,237.8,128.61
AAV8-RK-PDE6B-3UTR,6,5,1.9,238.0,129.6
AAV8-RK-PDE6B-3UTR,6,5,1.9,238.2,129.43
AAV8-RK-PDE6B-3UTR,6,5,1.9,238.4,127.96
AAV8-RK-PDE6B-3UTR,6,5,1.9,238.6,125.15
AAV8-RK-PDE6B-3UTR,6,5,1.9,238.8,121.08
AAV8-RK-PDE6B-3UTR,6,5,1.9,239.0,115.91
AAV8-RK-PDE6B-3UTR,6,5,1.9,239.2,109.86
AAV8-RK-PDE6B-3UTR,6,5,1.9,239.4,103.25
AAV8-RK-PDE6B-3UTR,6,5,1.9,239.6,96.4
AAV8-RK-PDE6B-3UTR,6,5,1.9,239.8,89.63
AAV8-RK-PDE6B-3UTR,6,5,1.9,240.0,83.22
AAV8-RK-PDE6B-3UTR,6,5,1.9,240.2,77.41
AAV8-RK-PDE6B-3UTR,6,5,1.9,240.4,72.35
AAV8-RK-PDE6B-3UTR,6,5,1.9,240.6,68.14
AAV8-RK-PDE6B-3UTR,6,5,1.9,240.8,64.77
AAV8-RK-PDE6B-3UTR,6,5,1.9,241.0,62.19
AAV8-RK-PDE6B-3UTR,6,5,1.9,241.2,60.32
AAV8-RK-PDE6B-3UTR,6,5,1.9,241.4,59.05
AAV8-RK-PDE6B-3UTR,6,5,1.9,241.6,58.28
AAV8-RK-PDE6B-3UTR,6,5,1.9,241.8,57.95
AAV8-RK-PDE6B-3UTR,6,5,1.9,242.0,58.05
AAV8-RK-PDE6B-3UTR,6,5,1.9,242.2,58.61
AAV8-RK-PDE6B-3UTR,6,5,1.9,242.4,59.7
AAV8-RK-PDE6B-3UTR,6,5,1.9,242.6,61.43
AAV8-RK-PDE6B-3UTR,6,5,1.9,242.8,63.91
AAV8-RK-PDE6B-3UTR,6,5,1.9,243.0,67.24
AAV8-RK-PDE6B-3UTR,6,5,1.9,243.2,71.47
AAV8-RK-PDE6B-3UTR,6,5,1.9,243.4,76.56
AAV8-RK-PDE6B-3UTR,6,5,1.9,243.6,82.41
AAV8-RK-PDE6B-3UTR,6,5,1.9,243.8,88.82
AAV8-RK-PDE6B-3UTR,6,5,1.9,244.0,95.53
AAV8-RK-PDE6B-3UTR,6,5,1.9,244.2,102.19
AAV8-RK-PDE6B-3UTR,6,5,1.9,244.4,108.43
AAV8-RK-PDE6B-3UTR,6,5,1.9,244.6,113.9
AAV8-RK-PDE6B-3UTR,6,5,1.9,244.8,118.27
AAV8-RK-PDE6B-3UTR,6,5,1.9,245.0,121.31
AAV8-RK-PDE6B-3UTR,6,5,1.9,245.2,122.88
AAV8-RK-PDE6B-3UTR,6,5,1.9,245.4,122.99
AAV8-RK-PDE6B-3UTR,6,5,1.9,245.6,121.75
AAV8-RK-PDE6B-3UTR,6,5,1.9,245.8,119.37
AAV8-RK-PDE6B-3UTR,6,5,1.9,246.0,116.18
AAV8-RK-PDE6B-3UTR,6,5,1.9,246.2,112.51
AAV8-RK-PDE6B-3UTR,6,5,1.9,246.4,108.7
AAV8-RK-PDE6B-3UTR,6,5,1.9,246.6,105.05
AAV8-RK-PDE6B-3UTR,6,5,1.9,246.8,101.74
AAV8-RK-PDE6B-3UTR,6,5,1.9,247.0,98.84
AAV8-RK-PDE6B-3UTR,6,5,1.9,247.2,96.3
AAV8-RK-PDE6B-3UTR,6,5,1.9,247.4,93.93
AAV8-RK-PDE6B-3UTR,6,5,1.9,247.6,91.43
AAV8-RK-PDE6B-3UTR,6,5,1.9,247.8,88.45
AAV8-RK-PDE6B-3UTR,6,5,1.9,248.0,84.61
AAV8-RK-PDE6B-3UTR,6,5,1.9,248.2,79.6
AAV8-RK-PDE6B-3UTR,6,5,1.9,248.4,73.21
AAV8-RK-PDE6B-3UTR,6,5,1.9,248.6,65.36
AAV8-RK-PDE6B-3UTR,6,5,1.9,248.8,56.16
AAV8-RK-PDE6B-3UTR,6,5,1.9,249.0,45.93
AAV8-RK-PDE6B-3UTR,6,5,1.9,249.2,35.14
AAV8-RK-PDE6B-3UTR,6,5,1.9,249.4,24.41
AAV8-RK-PDE6B-3UTR,6,5,1.9,249.6,14.42
AAV8-RK-PDE6B-3UTR,6,5,1.9,249.8,5.9
AAV8-RK-PDE6B-3UTR,6,5,1.9,250.0,-0.5
AAV8-RK-PDE6B-3UTR,6,5,1.9,250.2,-4.29
AAV8-RK-PDE6B-3UTR,6,5,1.9,250.4,-5.12
AAV8-RK-PDE6B-3UTR,6,5,1.9,250.6,-2.93
AAV8-RK-PDE6B-3UTR,6,5,1.9,250.8,2.13
AAV8-RK-PDE6B-3UTR,6,5,1.9,251.0,9.65
AAV8-RK-PDE6B-3UTR,6,5,1.9,251.2,19.02
AAV8-RK-PDE6B-3UTR,6,5,1.9,251.4,29.52
AAV8-RK-PDE6B-3UTR,6,5,1.9,251.6,40.34
AAV8-RK-PDE6B-3UTR,6,5,1.9,251.8,50.7
AAV8-RK-PDE6B-3UTR,6,5,1.9,252.0,59.96
AAV8-RK-PDE6B-3UTR,6,5,1.9,252.2,67.63
AAV8-RK-PDE6B-3UTR,6,5,1.9,252.4,73.44
AAV8-RK-PDE6B-3UTR,6,5,1.9,252.6,77.41
AAV8-RK-PDE6B-3UTR,6,5,1.9,252.8,79.76
AAV8-RK-PDE6B-3UTR,6,5,1.9,253.0,80.93
AAV8-RK-PDE6B-3UTR,6,5,1.9,253.2,81.53
AAV8-RK-PDE6B-3UTR,6,5,1.9,253.4,82.19
AAV8-RK-PDE6B-3UTR,6,5,1.9,253.6,83.56
AAV8-RK-PDE6B-3UTR,6,5,1.9,253.8,86.18
AAV8-RK-PDE6B-3UTR,6,5,1.9,254.0,90.4
AAV8-RK-PDE6B-3UTR,6,5,1.9,254.2,96.39
AAV8-RK-PDE6B-3UTR,6,5,1.9,254.4,104.03
AAV8-RK-PDE6B-3UTR,6,5,1.9,254.6,113.0
AAV8-RK-PDE6B-3UTR,6,5,1.9,254.8,122.79
AAV8-RK-PDE6B-3UTR,6,5,1.9,255.0,132.72
AAV8-RK-PDE6B-3UTR,6,5,1.9,255.2,142.1
AAV8-RK-PDE6B-3UTR,6,5,1.9,255.4,150.24
AAV8-RK-PDE6B-3UTR,6,5,1.9,255.6,156.57
AAV8-RK-PDE6B-3UTR,6,5,1.9,255.8,160.7
AAV8-RK-PDE6B-3UTR,6,5,1.9,256.0,162.47
AAV8-RK-PDE6B-3UTR,6,5,1.9,256.2,161.96
AAV8-RK-PDE6B-3UTR,6,5,1.9,256.4,159.45
AAV8-RK-PDE6B-3UTR,6,5,1.9,256.6,155.46
AAV8-RK-PDE6B-3UTR,6,5,1.9,256.8,150.57
AAV8-RK-PDE6B-3UTR,6,5,1.9,257.0,145.46
AAV8-RK-PDE6B-3UTR,6,5,1.9,257.2,140.72
AAV8-RK-PDE6B-3UTR,6,5,1.9,257.4,136.85
AAV8-RK-PDE6B-3UTR,6,5,1.9,257.6,134.14
AAV8-RK-PDE6B-3UTR,6,5,1.9,257.8,132.66
AAV8-RK-PDE6B-3UTR,6,5,1.9,258.0,132.24
AAV8-RK-PDE6B-3UTR,6,5,1.9,258.2,132.47
AAV8-RK-PDE6B-3UTR,6,5,1.9,258.4,132.8
AAV8-RK-PDE6B-3UTR,6,5,1.9,258.6,132.53
AAV8-RK-PDE6B-3UTR,6,5,1.9,258.8,130.99
AAV8-RK-PDE6B-3UTR,6,5,1.9,259.0,127.52
AAV8-RK-PDE6B-3UTR,6,5,1.9,259.2,121.67
AAV8-RK-PDE6B-3UTR,6,5,1.9,259.4,113.15
AAV8-RK-PDE6B-3UTR,6,5,1.9,259.6,101.97
AAV8-RK-PDE6B-3UTR,6,5,1.9,259.8,88.4
AAV8-RK-PDE6B-3UTR,6,5,1.9,260.0,72.94
